tree
version=v4
num_class=1
num_tree_per_iteration=1
label_index=0
max_feature_idx=26
objective=regression_l1
feature_names=tr_id cur_dev_s time_to_target_s hour day_of_week target_lon target_lat last_lon last_lat last_speed last_heading telemetry_age_s speed_mean_1m speed_mean_3m speed_mean_5m speed_std_5m idle_ratio_5m location_count_5m distance_to_target_m movement_5m_m planned_stops_to_target planned_stops_next_5m next_stop_plan_s last_stop_plan_age_s plan_route_distance_m required_route_speed_kmh route_to_straight_ratio
feature_infos=-1:13:14:27:28:32:31:19:20:37:38:7:33:34:0:9:26:25:3:30:29:18:17:12:23:24:16:15:10:5:6:8:2:1:22:21:4:35:36 [-404:661] [603.09427600000004:900] [0:23] none [37.148758000000001:37.865916689999999] [55.518080429999998:55.984216420000003] [37.148843579409593:37.866410152728328] [55.516279458077463:55.984181493600303] [0:120] [0:359] [0:1665.0575180000001] [0:112.45454545454545] [0:110.14999999999999] [0:110.14999999999999] [0:55.384124300107842] [0:1] [0:105] [3.3555114066794181:33159.427734810328] [0:35216.563600751368] [1:14] [0:7] [3.0942762610000001:900] [0:14892.057518225] [6.235192971987999:37499.100861586834] [0.027811068218451133:213.73921154011396] [0.9999999999986896:169.73361127001428]
tree_sizes=1410 1369 1448 1438 1422 1401 1446 1460 1460 1455 1455 1437 1447 1448 1449 1439 1462 1458 1470 1456 1431 1459 1453 1467 1445 1457 1462 1463 1459 1464 1465 1452 1470 1470 1454 1463 1457 1477 1470 1467 1462 1431 1464 1454 1459 1460 1458 1468 1475 1462 1462 1460 1458 1462 1469 1463 1439 1477 1465 1465 1437 1470 1435 1449 1465 1464 1435 1471 1480 1476 1472 1465 1486 1459 1450 1472 1461 1446 1464 1477 1465 1447 1463 1459 1465 1461 1453 1472 1471 1472 1460 1473 1438 1455 1458 1440 1437 1472 1442 1469 1448 1454 1460 1442 1474 1448 1454 1468 1444 1482 1462 1474 1471 1471 1438 1431 1427 1484 1466 1461 1466 1441 1464 1415 1435 1467 1482 1471 1478 1466 1468 1467 1447 1464 1475 1477 1478 1462 1466 1470 1462 1460 1458 1471 1483 1473 1471 1475 1440 1407 1473 1455 1468 1456 1471 1460 1454 1460 1464 1465 1478 1452 1464 1466 1486 1468 1487 1460 1461 1456 1430 1417 1452 1458 1463 1469 1441 1478 1460 1462 1448 1467 1487 1461 1451 1461 1439 1477 1452 1462 1453 1464 1422 1456 1464 1462 1469 1456 1484 1461 1461 1420 1468 1465 1461 1472 1467 1460 1416 1461 1459 1467 1449 1462 1463 1463 1462 1469 1485 1474 1431 1414 1468 1472 1427 1418 1431 1463 1467 1429 1444 1483 1479 1446 1477 1468 1477 1475 1477 1428 1453 1480 1468 1479 1462 1423 1461 1478 1460 1474 1473 1434 1450 1465 1467 1438 1457 1486 1457 1425 1427 1466 1487 1488 1486 1474 1427 1411 1461 1430 1465 1448 1488 1472 1460 1478 1447 1462 1462 1446 1434 1433 1472 1468 1453 1465 1461 1451 1460 1444 1457 1470 1438 1483 1468 1473 1430 1474 1436 1421 1468 1465 1466 1465 1432 1419 1461 1428 1425 1468 1481 1417 1442 1468 1478 1438 1484 1469 1460 1470

Tree=0
num_leaves=15
num_cat=3
split_feature=1 20 0 1 19 20 20 16 0 0 5 18 23 8
split_gain=382.619 114.436 75.9873 73.6495 61.8355 53.2358 46.979 29.2494 25.9139 25.1203 23.1426 22.0662 20.3085 26.3066
threshold=11.500000000000002 6.5000000000000009 0 108.50000000000001 876.2461375515544 8.5000000000000018 7.5000000000000009 0.46291208791208799 1 2 37.628237190000007 1919.3113241791325 280.27996757150009 55.585937171518616
decision_type=2 2 9 2 10 2 2 10 9 9 2 10 10 10
left_child=4 3 12 7 9 -4 -6 -2 -8 -1 -7 -11 13 -3
right_child=1 2 5 -5 6 10 8 -9 -10 11 -12 -13 -14 -15
leaf_value=0.40000000000000002 -1.96 -0.76000000000000001 -2.0600000000000001 -6.4800000000000004 -0.16 -1.28 2.6400000000000001 0.26000000000000001 0.14000000000000001 3.3999999999999999 0.71999999999999997 0.68000000000000005 -6.6200000000000001 1.1599999999999999
leaf_weight=465 212 253 608 417 427 157 227 146 284 386 175 174 36 467
leaf_count=465 212 253 608 417 427 157 227 146 284 386 175 174 36 467
internal_value=-0.00135227 -0.0118189 -0.00597999 -0.0245244 0.011821 -0.0134732 0.00437832 -0.0110803 0.0125292 0.0185992 -0.000716418 0.024363 0.00348505 0.00503458
internal_weight=4434 2471 1696 775 1963 940 938 358 511 1025 332 560 756 720
internal_count=4434 2471 1696 775 1963 940 938 358 511 1025 332 560 756 720
cat_boundaries=0 2 4 6
cat_threshold=2047215040 6 421019784 64 10052655 88
is_linear=0
shrinkage=0.04


Tree=1
num_leaves=15
num_cat=3
split_feature=1 20 1 0 1 0 20 14 0 23 19 3 3 5
split_gain=326.134 115.607 71.1876 70.568 66.5215 66.6527 44.9751 30.5822 20.8282 31.8792 20.4045 20.041 19.5855 24.8424
threshold=11.500000000000002 6.5000000000000009 108.50000000000001 0 -89.499999999999986 1 8.5000000000000018 7.3151785714285724 2 357.55865702700004 900.68427348655166 20.500000000000004 12.500000000000002 37.423561815000006
decision_type=2 2 2 9 2 9 2 8 9 8 8 2 2 2
left_child=4 2 7 11 -1 10 -5 -2 -7 -10 -6 12 13 -3
right_child=1 3 -4 6 5 8 -8 -9 9 -11 -12 -13 -14 -15
leaf_value=4.2144000000000004 0.34960000000000002 1.5736000000000001 -6.2208000000000006 -1.9576 1.504 0.2152 -0.1888 -1.8815999999999999 -0.016 2.3240000000000003 0.4204 -1.6296000000000002 1.5136000000000003 -0.84640000000000004
leaf_weight=409 143 130 417 581 344 508 318 215 308 62 332 62 322 283
leaf_count=409 143 130 417 581 344 508 318 215 308 62 332 62 322 283
internal_value=-0.0020915 -0.0117542 -0.0245244 -0.00588582 0.0100712 0.00626846 -0.0134649 -0.0113019 -0.00107744 -0.00814621 0.0155588 0.00281481 0.00471545 -0.00105769
internal_weight=4434 2471 775 1696 1963 1554 899 358 878 370 676 797 735 413
internal_count=4434 2471 775 1696 1963 1554 899 358 878 370 676 797 735 413
cat_boundaries=0 2 4 6
cat_threshold=2047215048 6 4184245132 14 1663024 49
is_linear=0
shrinkage=0.04


Tree=2
num_leaves=15
num_cat=2
split_feature=1 1 20 0 0 15 20 6 23 20 5 5 7 23
split_gain=309.71 108.132 110.692 71.1561 46.4483 42.2902 38.3163 36.6691 25.9152 26.9668 25.0327 24.3536 22.6374 20.686
threshold=-6.4999999999999991 108.50000000000001 6.5000000000000009 0 1 11.313460787049861 7.5000000000000009 55.651852825000006 1261.0555570520003 8.5000000000000018 37.64162605500001 37.379944965000007 37.398450682281542 563.28145062550016
decision_type=2 2 2 9 9 10 2 2 8 2 2 2 10 8
left_child=5 3 -3 13 -4 -1 11 -5 9 12 -11 -7 -9 -2
right_child=1 2 4 7 -6 6 -8 8 -10 10 -12 -13 -14 -15
leaf_value=2.0553919999999999 0.30585600000000002 -5.9719679999999995 -0.12974400000000003 -0.0049600000000000009 -3.1992959999999999 0.73111199999999998 1.8058240000000001 0.42958399999999997 0.58804800000000002 -0.024607999999999998 0.97875200000000007 -1.042176 -1.5531200000000001 1.2438400000000001
leaf_weight=840 706 417 422 422 333 36 287 43 66 115 67 177 418 85
leaf_count=840 706 417 422 422 333 36 287 43 66 115 67 177 418 85
internal_value=-0.00234393 -0.00929932 -0.0188596 -0.00344935 -0.00965699 0.0137007 0.00445328 -0.00982517 -0.0154494 -0.0178947 -0.00475676 -0.00833333 -0.0230172 0.00572139
internal_weight=4434 3094 1172 1922 755 1340 500 1131 709 643 182 213 461 791
internal_count=4434 3094 1172 1922 755 1340 500 1131 709 643 182 213 461 791
cat_boundaries=0 2 4
cat_threshold=4165341640 30 2114061760 6
is_linear=0
shrinkage=0.04


Tree=3
num_leaves=15
num_cat=2
split_feature=1 20 0 1 1 20 0 14 15 23 8 8 5 26
split_gain=328.718 114.17 73.4803 65.5545 49.7289 49.1412 48.268 33.025 27.996 21.3997 22.3442 23.9062 20.4849 20.2763
threshold=5.5000000000000009 6.5000000000000009 0 116.50000000000001 -89.499999999999986 8.5000000000000018 1 6.2874637681159422 10.912189229396986 280.27996757150009 55.585937171518616 55.655300962443029 37.628237190000007 1.1510319088996785
decision_type=2 2 9 2 2 2 9 8 10 10 10 10 2 10
left_child=4 3 9 7 -1 -4 8 -2 -6 10 -3 -12 -7 -13
right_child=1 2 5 -5 6 12 -8 -9 -10 -11 11 13 -14 -15
leaf_value=3.9732083199999999 0.35774079999999997 -0.59517824000000008 -1.7715302399999999 -5.8930892800000008 0.29559039999999998 -0.98026368000000008 0.88348768000000011 -1.7413907200000001 -0.32422528 -6.3720662399999997 3.2182457599999998 -0.64457216000000006 0.52283712000000004 1.19842176
leaf_weight=409 145 260 639 389 469 172 668 268 306 36 93 63 184 333
leaf_count=409 145 260 639 389 469 172 668 268 306 36 93 63 184 333
internal_value=-0.00133423 -0.0105532 -0.00489063 -0.0230559 0.0115148 -0.0120238 0.00799447 -0.0118269 0.00106599 0.00426065 0.00579787 0.010813 -0.000222841 0.00641604
internal_weight=4434 2582 1780 802 1852 995 1443 413 775 785 749 489 356 396
internal_count=4434 2582 1780 802 1852 995 1443 413 775 785 749 489 356 396
cat_boundaries=0 2 4
cat_threshold=2047215040 6 110720083 105
is_linear=0
shrinkage=0.04


Tree=4
num_leaves=15
num_cat=3
split_feature=1 20 0 1 1 20 0 14 14 20 0 23 5 19
split_gain=325.597 108.119 68.2654 63.1774 46.962 39.4502 38.6734 32.2055 21.3354 37.3012 32.2494 20.5078 20.2847 19.2908
threshold=5.5000000000000009 6.5000000000000009 0 116.50000000000001 -89.499999999999986 8.5000000000000018 1 6.2874637681159422 8.9010651629072708 8.5000000000000018 2 280.27996757150009 37.416216135000006 533.84207761473874
decision_type=2 2 9 2 2 2 9 8 10 2 9 10 2 10
left_child=4 3 11 7 13 -4 -6 -2 10 -10 -8 12 -3 -1
right_child=1 2 5 -5 6 -7 8 -9 9 -11 -12 -13 -14 -15
leaf_value=7.4142799872000005 0.34343116799999995 2.3920919295999998 -1.6882363904 -5.6573657088000004 1.1003638527999999 -0.1018390528 -0.026199296 -1.6717350912000002 -0.31347194880000001 0.83612805120000011 1.121352704 -5.7530955904000001 0.13723180800000001 2.5726313472000006
leaf_weight=105 145 151 610 389 474 340 103 268 461 139 266 39 640 304
leaf_count=105 145 151 610 389 474 340 103 268 461 139 266 39 640 304
internal_value=-0.0013162 -0.0104913 -0.00498037 -0.0226584 0.0114717 -0.0122118 0.00804979 -0.0116346 0.00329939 -0.0013267 0.0108602 0.00341637 0.00488665 0.0233981
internal_weight=4434 2582 1780 802 1852 950 1443 413 969 600 369 830 791 409
internal_count=4434 2582 1780 802 1852 950 1443 413 969 600 369 830 791 409
cat_boundaries=0 2 4 6
cat_threshold=2047215048 6 2036728712 22 1573891 8
is_linear=0
shrinkage=0.04


Tree=5
num_leaves=15
num_cat=0
split_feature=1 20 7 1 5 15 20 1 5 15 6 26 25 13
split_gain=290.21 95.8483 78.9782 72.3402 45.0836 34.9646 37.4378 31.688 28.4753 24.4981 23.3313 28.4486 26.51 20.5636
threshold=44.500000000000007 7.5000000000000009 37.401702882063368 -89.499999999999986 37.477560335000007 11.135435823100449 8.5000000000000018 121.50000000000001 37.462456390000007 14.080400535707158 55.644023925000006 1.1663922833351636 19.364021718922558 8.017269736842108
decision_type=2 2 10 2 2 10 2 2 2 8 2 10 10 10
left_child=3 2 -2 13 9 -6 -7 -4 -3 -5 -10 -12 -13 -1
right_child=1 8 7 4 5 6 -8 -9 10 -11 11 12 -14 -15
leaf_value=7.3577087877120002 1.1870665052160001 0.68589513728000007 -1.8142552307200002 1.8363905072640001 0.243803698688 -1.038412567552 0.593082929152 -4.911071080448 0.39033961728 0.028908170752000001 -2.6129334947839999 -1.047248054784 2.1422345093120003 2.2517574533119999
leaf_weight=112 98 298 398 362 903 423 147 545 199 224 197 170 61 297
leaf_count=112 98 298 398 362 903 423 147 545 199 224 197 170 61 297
internal_value=-0.00142439 -0.0128796 -0.0211877 0.00770538 0.00463628 0.000894309 -0.00684119 -0.0247357 -0.00349138 0.0139898 -0.00831746 -0.0135499 -0.00393162 0.0230097
internal_weight=4434 1966 1041 2468 2059 1473 570 943 925 586 627 428 231 409
internal_count=4434 1966 1041 2468 2059 1473 570 943 925 586 627 428 231 409
is_linear=0
shrinkage=0.04


Tree=6
num_leaves=15
num_cat=4
split_feature=1 20 0 1 1 0 20 14 13 0 13 0 5 6
split_gain=268.378 101.221 64.2699 57.0444 55.6338 43.0449 38.1555 27.0876 26.9551 25.575 22.3391 21.0402 18.3515 18.0724
threshold=12.500000000000002 6.5000000000000009 0 116.50000000000001 -89.499999999999986 1 8.5000000000000018 6.2874637681159422 9.0809615384615405 2 8.017269736842108 3 37.628237190000007 55.644023925000006
decision_type=2 2 9 2 2 9 2 10 8 9 10 9 2 2
left_child=4 3 -3 7 10 -6 13 -2 9 -7 -1 -10 -8 -4
right_child=1 2 6 -5 5 8 12 -9 11 -11 -12 -13 -14 -15
leaf_value=7.063400436203521 0.32276225333247999 0.3575269221888 -0.61649065156607996 -5.2346282372300799 1.01982913185792 1.9467464478924803 -1.0694923553792 -1.8122954783232001 -0.63741864707071993 0.026237007892479999 2.16168715517952 0.062282791854079998 0.89903868014591992 -2.17649065156608
leaf_weight=112 138 754 153 389 482 110 152 242 350 313 297 322 169 451
leaf_count=112 138 754 153 389 482 110 152 242 350 313 297 322 169 451
internal_value=-0.00158666 -0.0104447 -0.00492271 -0.0224352 0.00933132 0.00589873 -0.0118977 -0.0112794 0.00140794 0.00929577 0.0224272 -0.00355556 -0.000864198 -0.0179242
internal_weight=4434 2448 1679 769 1986 1577 925 380 1095 423 409 672 321 604
internal_count=4434 2448 1679 769 1986 1577 925 380 1095 423 409 672 321 604
cat_boundaries=0 2 4 6 8
cat_threshold=2047215040 6 2036728712 4 2248212480 33 2256605250 97
is_linear=0
shrinkage=0.04


Tree=7
num_leaves=15
num_cat=3
split_feature=1 20 7 1 0 15 0 1 10 18 25 13 0 24
split_gain=268.592 83.8549 74.7171 68.2856 44.7099 55.2409 35.6358 28.7444 26.7113 34.3982 26.0421 23.559 21.1809 20.9388
threshold=51.500000000000007 7.5000000000000009 37.401702882063368 -89.499999999999986 0 11.160810889447273 1 133.50000000000003 38.500000000000007 1598.4396592465434 18.78313428062496 8.017269736842108 2 6139.0391658558519
decision_type=2 2 10 2 9 10 9 2 10 10 10 10 9 8
left_child=3 2 -2 11 13 8 -3 12 -6 -10 -7 -1 -4 -5
right_child=1 6 7 4 5 10 -8 -9 9 -11 -12 -13 -14 -15
leaf_value=6.7808644187553799 1.1466434710700033 0.42083353246924804 -0.0025247596244991934 1.6240321201799168 -0.035952952423219199 -1.0425069710415873 -1.149682536681472 -4.6252431077408769 1.6119279319605249 0.0097947268313088205 0.0252605322477568 2.075219668972339 -2.7307668591902723 -0.078211383975116816
leaf_weight=112 97 404 113 579 317 428 459 504 302 262 168 297 290 102
leaf_count=112 97 404 113 579 317 428 459 504 302 262 168 297 290 102
internal_value=-0.00128014 -0.0128128 -0.0206554 0.00711284 0.00425729 0.000295302 -0.00364896 -0.0242198 0.00665158 0.0118519 -0.0090818 0.0220388 -0.0160591 0.0126225
internal_weight=4434 1867 1004 2567 2158 1477 863 907 881 564 596 409 403 681
internal_count=4434 1867 1004 2567 2158 1477 863 907 881 564 596 409 403 681
cat_boundaries=0 2 4 6
cat_threshold=2018902424 6 2063599040 6 2550136960 4
is_linear=0
shrinkage=0.04


Tree=8
num_leaves=15
num_cat=4
split_feature=20 14 7 18 0 10 10 20 0 24 10 0 5 0
split_gain=95.532 86.5871 56.112 51.8923 46.4396 39.8056 28.4346 28.4009 26.2423 25.9242 32.4593 20.2328 21.732 16.8974
threshold=7.5000000000000009 2.2385714285714289 37.399848500000012 1697.9421748163979 0 246.50000000000003 231.50000000000003 8.5000000000000018 1 1719.8231232398032 151.50000000000003 2 37.674713845000007 3
decision_type=2 10 10 10 9 10 10 2 9 10 10 9 2 9
left_child=1 5 -3 13 7 11 -6 -5 -4 -10 -11 -1 -13 -2
right_child=3 2 8 4 6 -7 -8 -9 9 10 -12 12 -14 -15
leaf_value=1.84807256709836 2.2667746444874468 0.74761820844188465 -2.5533934648226611 0.012210882213445729 -0.034088783421161485 1.6555222683159267 -1.3436952352142131 1.354075350038094 1.3715586163541116 -0.2079948122048306 -1.6156626796255971 0.080632915049709569 -1.8128649143262905 0.52762968404987087
leaf_weight=108 380 156 775 299 583 139 227 292 128 300 328 245 117 357
leaf_count=108 380 156 775 299 583 139 227 292 128 300 328 245 117 357
internal_value=-0.00129817 -0.00695955 -0.0116213 0.00478281 0.00025641 0.00594771 -0.00592953 0.0086755 -0.0139505 -0.00821847 -0.011664 0.000338266 -0.00426667 0.0133514
internal_weight=4434 2296 1687 2138 1401 609 810 591 1531 756 628 470 362 737
internal_count=4434 2296 1687 2138 1401 609 810 591 1531 756 628 470 362 737
cat_boundaries=0 1 3 5 7
cat_threshold=521838796 2006716812 96 2248278080 96 2013335688 101
is_linear=0
shrinkage=0.04


Tree=9
num_leaves=15
num_cat=3
split_feature=1 20 0 1 1 20 0 14 14 23 8 8 19 0
split_gain=278.745 93.7025 54.281 52.1139 39.5201 34.5745 31.3509 24.1324 22.9439 20.0836 23.1728 26.1706 19.9068 23.0824
threshold=11.500000000000002 6.5000000000000009 0 116.50000000000001 -89.499999999999986 8.5000000000000018 1 7.97009090909091 6.2874637681159422 280.27996757150009 55.585937171518616 55.664566875651865 883.5395748217901 2
decision_type=2 2 9 2 2 2 9 10 8 10 10 10 10 9
left_child=4 3 9 8 7 -4 -6 -1 -2 10 -3 -12 -8 -14
right_child=1 2 5 -5 6 -7 12 -9 -10 -11 11 -13 13 -15
leaf_value=6.3864045254031758 0.30153334401047477 -0.68239362039904561 -1.5565468782374643 -4.8834978368002142 0.93229695171393812 -0.053710127455271817 0.36387676256282203 2.110819790881107 -1.8641808682824224 -5.6229594347115572 3.4368231254594845 0.38220528929442121 -0.67489580482852118 0.064784386024738974
leaf_weight=101 141 253 608 389 447 332 602 308 245 36 100 367 237 268
leaf_count=101 141 253 608 389 447 332 602 308 245 36 100 367 237 268
internal_value=-0.00100969 -0.00994341 -0.00466157 -0.0214396 0.010234 -0.0109969 0.00729608 0.0212621 -0.0108997 0.003329 0.0048686 0.0101277 0.00353571 -0.00228346
internal_weight=4434 2471 1696 775 1963 940 1554 409 386 756 720 467 1107 505
internal_count=4434 2471 1696 775 1963 940 1554 409 386 756 720 467 1107 505
cat_boundaries=0 2 4 6
cat_threshold=2047215040 6 2034631556 4 2256605248 99
is_linear=0
shrinkage=0.04


Tree=10
num_leaves=15
num_cat=4
split_feature=1 20 7 1 0 15 0 0 1 10 22 14 0 7
split_gain=254.419 75.4498 67.3267 56.9254 44.8011 46.5691 31.9169 29.5827 25.9404 24.9033 27.8156 23.6191 21.7195 20.2162
threshold=51.500000000000007 7.5000000000000009 37.401702882063368 -89.499999999999986 0 11.160810889447273 1 2 112.50000000000001 38.500000000000007 111.46575742150002 7.97009090909091 3 37.699024000000001
decision_type=2 2 10 2 9 10 9 9 2 10 2 10 9 8
left_child=3 2 -2 11 13 9 -3 8 -4 -6 -11 -1 -7 -5
right_child=1 6 7 4 5 12 -8 -9 -10 10 -12 -13 -14 -15
leaf_value=6.1309483443870487 1.038805123120953 0.39002310812317365 -0.16045406365668605 0.99422905422479524 -0.04770635349195685 -1.4874877317742843 -1.0131957587791558 -3.9128408224442559 -2.9851601857226688 0.17807868261697798 1.6218665513990271 2.0263869992458625 -0.047280302586827902 -2.2154444384655658
leaf_weight=101 97 394 162 662 316 233 469 465 280 346 217 308 349 35
leaf_count=101 97 394 162 662 316 233 469 465 280 346 217 308 349 35
internal_value=-0.00111787 -0.0123422 -0.0197815 0.00705058 0.00444239 0.000407056 -0.00364896 -0.0231648 -0.0144176 0.00621315 0.0112367 0.0206796 -0.00834188 0.0126761
internal_weight=4434 1867 1004 2567 2158 1461 863 907 442 879 563 409 582 697
internal_count=4434 1867 1004 2567 2158 1461 863 907 442 879 563 409 582 697
cat_boundaries=0 2 4 6 8
cat_threshold=2014708124 6 2063599040 36 2584217280 6 2248213056 97
is_linear=0
shrinkage=0.04


Tree=11
num_leaves=15
num_cat=0
split_feature=1 20 1 5 19 6 8 5 8 20 25 5 8 19
split_gain=229.437 84.4907 65.0396 37.574 32.7234 31.5344 41.7178 34.2109 26.6417 23.913 23.5736 31.8293 23.0817 21.5408
threshold=82.500000000000014 6.5000000000000009 -15.499999999999998 37.462456390000007 871.41567735605361 55.651852825000006 55.667801000000004 37.507629605000005 55.731685774155331 7.5000000000000009 17.417300970063987 37.711998775000005 55.802496500000011 1108.2218125102131
decision_type=2 2 2 2 10 2 10 2 10 2 10 2 10 8
left_child=2 -2 4 -3 -1 -4 -7 12 13 -6 -5 -12 -8 -9
right_child=1 3 5 10 9 6 7 8 -10 -11 11 -13 -14 -15
leaf_value=2.0950128245296207 -3.9687123791323144 0.29581722831401508 0.34649579132392661 -2.4474967961438656 -0.38912437079872664 -1.3804897503562674 1.0065374214013849 0.024486915646121644 -1.0861051799361365 1.3851340517594104 -1.3481006498739345 2.4034362113584651 -0.1081566801428184 -1.222867001128356
leaf_weight=581 497 329 697 258 259 129 307 246 168 337 286 86 139 115
leaf_count=581 497 329 697 258 259 129 307 246 168 337 286 86 139 115
internal_value=-0.00142439 -0.0144208 0.00493794 -0.00744283 0.0122373 0.000155211 -0.00404697 -0.00118609 -0.00804511 0.00560935 -0.0131438 -0.00661333 0.00694878 -0.00186813
internal_weight=4434 1456 2978 959 1177 1801 1104 975 529 596 630 372 446 361
internal_count=4434 1456 2978 959 1177 1801 1104 975 529 596 630 372 446 361
is_linear=0
shrinkage=0.04


Tree=12
num_leaves=15
num_cat=3
split_feature=1 20 1 7 0 0 15 1 20 0 20 24 3 3
split_gain=218.716 69.0719 54.5579 48.0789 40.0225 37.3447 43.4821 32.1981 23.76 22.4018 21.0919 20.5106 19.1067 19.0124
threshold=51.500000000000007 8.5000000000000018 -125.49999999999999 37.379233439029967 0 1 11.135435823100449 112.50000000000001 7.5000000000000009 2 8.5000000000000018 5920.7858835989837 2.5000000000000004 10.500000000000002
decision_type=2 2 2 10 9 9 8 2 2 9 2 8 2 2
left_child=2 3 -1 -2 7 11 12 -5 -6 -8 -11 -4 -7 -14
right_child=1 -3 5 4 8 6 9 -9 -10 10 -12 -13 13 -15
leaf_value=3.8971542345364667 1.2797499849616276 0.25351201171445192 1.7396394193618534 0.17939134478945865 -3.5975786943811934 -0.3893019752353194 0.010963838224488249 -2.1846028287721273 -1.4666243210354066 -1.6388183885517102 0.35723839220466758 -0.016376493970302369 1.0602389725155623 0.045070889292492831
leaf_weight=231 91 382 546 226 527 48 377 373 268 238 72 121 377 557
leaf_count=231 91 382 546 226 527 48 377 373 268 238 72 121 377 557
internal_value=-0.00120802 -0.011615 0.00636576 -0.0155108 -0.0173515 0.00451475 0.0012604 -0.00895425 -0.0232178 -0.00643478 -0.0141176 0.0124118 0.0066599 0.00794023
internal_weight=4434 1867 2567 1485 1394 2336 1669 599 795 687 310 667 982 934
internal_count=4434 1867 2567 1485 1394 2336 1669 599 795 687 310 667 982 934
cat_boundaries=0 2 4 5
cat_threshold=2583692480 6 2017854872 6 20475943
is_linear=0
shrinkage=0.04


Tree=13
num_leaves=15
num_cat=3
split_feature=1 20 1 0 0 13 23 20 15 0 5 26 20 25
split_gain=202.576 77.6548 60.3076 46.914 45.7597 30.1197 28.9082 26.7605 37.4062 28.597 23.3506 22.722 21.8086 20.9403
threshold=86.500000000000014 6.5000000000000009 -62.499999999999993 0 1 9.3291666666666675 280.27996757150009 8.5000000000000018 8.0750950769868091 2 37.433532415000009 1.3797481203738375 8.5000000000000018 18.78313428062496
decision_type=2 2 2 9 9 10 10 2 10 9 2 10 2 10
left_child=2 -2 5 -3 -4 -1 10 8 9 -6 -5 -9 -7 -10
right_child=1 3 4 6 7 12 -8 11 13 -11 -12 -13 -14 -15
leaf_value=4.3601070620586828 -3.737896684182004 -2.343192112211304 0.43190630826644866 2.0691215556351321 1.9509625070010108 0.47262417776629456 -5.6368517054276115 -0.066097758160760064 -1.2952148358279427 -0.028223086865367678 -0.19603256411916384 1.1076821828601096 3.0515088843021148 0.049179292348668378
leaf_weight=165 488 317 1074 121 102 281 40 157 571 233 447 216 132 90
leaf_count=165 488 317 1074 121 102 281 40 157 571 233 447 216 132 90
internal_value=-0.00104575 -0.0135311 0.00480159 -0.00668103 0.00204415 0.0163855 0 -0.00280753 -0.00624625 0.00461538 0.00238179 0.0062766 0.0104808 -0.011747
internal_weight=4434 1413 3021 925 2443 578 608 1369 996 335 568 373 413 661
internal_count=4434 1413 3021 925 2443 578 608 1369 996 335 568 373 413 661
cat_boundaries=0 2 4 6
cat_threshold=2149085697 65 4167517584 22 67109440 97
is_linear=0
shrinkage=0.04


Tree=14
num_leaves=15
num_cat=4
split_feature=1 20 1 0 1 0 6 7 6 13 0 20 0 5
split_gain=190.497 79.8672 50.4807 47.7313 41.2717 30.1148 26.7526 32.2861 24.8843 24.3373 30.3806 24.548 19.5267 19.3199
threshold=11.500000000000002 6.5000000000000009 121.50000000000001 0 -125.49999999999999 1 55.65948546500001 37.399848500000012 55.644023925000006 9.0809615384615405 2 8.5000000000000018 3 37.727000840000009
decision_type=2 2 2 9 2 9 2 10 2 8 9 2 9 2
left_child=4 2 6 -3 -1 -6 -2 -8 -5 10 -7 12 -11 -14
right_child=1 3 -4 8 5 9 7 -9 -10 11 -12 -13 13 -15
leaf_value=3.6192077097829234 0.24611448846006198 0.23114943121242448 -4.2009845612130929 0.1186974779622517 1.0541424356274864 1.8308461999575545 3.5089453113694824 -2.2467007379421768 -1.196649389434163 -0.46472215955727381 0.10159969017274822 0.74286730869414586 -0.029991692398566312 1.0002887506596625
leaf_weight=231 159 766 374 253 365 122 38 204 677 353 376 233 246 37
leaf_count=231 159 766 374 253 365 122 38 204 677 353 376 233 246 37
internal_value=-0.000973631 -0.00835893 -0.0189717 -0.0034844 0.00832146 0.00617867 -0.0090099 -0.0173061 -0.00950159 0.00333333 0.0103792 -0.000688073 -0.00475743 0.00310811
internal_weight=4434 2471 775 1696 1963 1732 401 242 930 1367 498 869 636 283
internal_count=4434 2471 775 1696 1963 1732 401 242 930 1367 498 869 636 283
cat_boundaries=0 2 3 5 7
cat_threshold=2047088064 6 2036728192 2248212992 1 2248741444 97
is_linear=0
shrinkage=0.04


Tree=15
num_leaves=15
num_cat=0
split_feature=1 1 20 6 23 26 15 20 25 5 5 25 5 25
split_gain=182.168 66.6747 66.512 43.5685 37.1868 40.4602 33.867 40.7915 31.0484 30.7156 30.2347 28.069 42.0684 26.6613
threshold=119.50000000000001 -9.4999999999999982 6.5000000000000009 55.643770265000008 1348.6283125890002 1.2145580155956661 7.5672766089437831 8.5000000000000018 14.308271884526379 37.524461600000009 37.454509895000008 18.248105615338002 37.711998775000005 17.03843449738287
decision_type=2 2 2 2 8 10 10 2 10 2 2 10 2 10
left_child=1 6 -2 -3 5 13 -1 9 -7 -8 -4 -12 -13 -5
right_child=2 3 10 4 -6 8 7 -9 -10 -11 11 12 -14 -15
leaf_value=1.8442620033777477 -3.9776478337821937 0.33021612010643603 0.45665289739189729 -2.3981413187751803 0.78324108802127168 -1.0911527885840713 1.011976738202387 2.0229304122939631 0.19730829524388355 -0.41173630895046814 -3.083466484746491 -1.6412874392725618 2.9893807818680118 -0.13021126249326762
leaf_weight=351 384 682 226 189 122 287 241 252 462 432 177 233 63 333
leaf_count=351 384 682 226 189 122 287 241 252 462 432 177 233 63 333
internal_value=-0.000973631 0.00363745 -0.0152118 -0.00078922 -0.00484241 -0.00687598 0.010821 0.00676724 -0.000904255 0.00159763 -0.00780627 -0.0135294 -0.00588629 -0.0153905
internal_weight=4434 3351 1083 2075 1393 1271 1276 925 749 673 699 473 296 522
internal_count=4434 3351 1083 2075 1393 1271 1276 925 749 673 699 473 296 522
is_linear=0
shrinkage=0.04


Tree=16
num_leaves=15
num_cat=2
split_feature=1 1 25 0 15 26 2 0 15 3 25 5 7 15
split_gain=171.034 67.9156 55.4788 42.1854 34.5376 25.7022 23.8459 23.7584 21.3075 20.2349 19.8354 27.1432 20.1639 17.5091
threshold=119.50000000000001 -15.499999999999998 16.57696543240041 0 7.5672766089437831 2.0543688679481602 682.45288300000016 1 8.9999504114019455 13.500000000000002 21.0013711308914 37.64162605500001 37.445623420190046 11.216723288929888
decision_type=2 2 10 9 10 10 2 9 8 2 10 2 10 10
left_child=1 4 -2 -3 -1 9 -5 13 -8 -4 -11 12 -12 -6
right_child=2 3 5 6 7 -7 8 -9 -10 10 11 -13 -14 -15
leaf_value=2.1177181556445657 -3.6350813933938952 0.31265877291428817 -2.2189975561004096 -0.023567050535203908 1.0205482816336187 1.4941732681334703 -0.021360832559097355 1.1281547391894073 -0.90620401029014719 -3.3193121681580919 1.1642316360763127 4.7662303685419349 -1.8589975561004095 -0.84008777013088665
leaf_weight=318 420 862 313 870 221 65 174 412 268 56 68 40 121 226
leaf_count=318 420 862 313 870 221 65 174 412 268 56 68 40 121 226
internal_value=-0.000973631 0.00349434 -0.0147698 -0.000698209 0.0112203 -0.00750751 -0.00519245 0.00700696 -0.012764 -0.0101165 -0.00236111 0.00293103 -0.00354167 0.000434783
internal_weight=4434 3351 1083 2174 1177 663 1312 859 442 598 285 229 189 447
internal_count=4434 3351 1083 2174 1177 663 1312 859 442 598 285 229 189 447
cat_boundaries=0 2 4
cat_threshold=4161032596 6 2257084929 97
is_linear=0
shrinkage=0.04


Tree=17
num_leaves=15
num_cat=2
split_feature=1 20 1 0 6 13 5 25 5 0 8 7 20 7
split_gain=165.198 66.2199 65.714 47.6524 38.0365 31.7153 27.4408 29.9054 37.849 24.0969 21.0322 33.249 19.3417 18.6815
threshold=119.50000000000001 6.5000000000000009 -62.499999999999993 0 55.651852825000006 9.5148148148148159 37.454509895000008 18.248105615338002 37.702171215000007 1 55.642883327811326 37.521261500000001 8.5000000000000018 37.737733221722046
decision_type=2 2 2 9 2 10 2 10 2 9 10 10 2 10
left_child=2 -2 5 -4 10 -1 -3 -8 -9 13 -5 -12 -7 -6
right_child=1 6 3 4 9 12 7 8 -10 -11 11 -13 -14 -15
leaf_value=4.2394239368471265 -3.6731386646951503 0.47341983333211873 0.47517388853722892 -0.045667634013250517 -2.6073960169599668 0.39739453244997008 -2.8147245696208758 -1.510360280477185 2.6791563358516139 -0.1070041124440398 -0.32341162127886153 1.4419866879440526 2.7105550803214551 -0.38681231001172878
leaf_weight=173 384 226 1062 369 136 277 177 227 69 837 72 208 128 89
leaf_count=173 384 226 1062 369 136 277 177 227 69 837 72 208 128 89
internal_value=-0.00106378 -0.0146225 0.00332737 0.000763689 -0.00336427 0.0155594 -0.00723647 -0.0126891 -0.00481605 -0.00803756 0.00423313 0.0124382 0.00931373 -0.0193277
internal_weight=4434 1083 3351 2773 1711 578 699 473 296 1062 649 280 405 225
internal_count=4434 1083 3351 2773 1711 578 699 473 296 1062 649 280 405 225
cat_boundaries=0 2 4
cat_threshold=4167434648 6 33559040 97
is_linear=0
shrinkage=0.04


Tree=18
num_leaves=15
num_cat=1
split_feature=1 1 20 0 6 13 20 25 18 10 5 25 5 2
split_gain=152.45 61.9035 61.1555 48.873 32.8505 32.1684 28.9943 27.4677 26.9006 28.4305 26.3611 25.4379 33.0307 22.3324
threshold=119.50000000000001 -62.499999999999993 6.5000000000000009 0 55.651852825000006 9.5148148148148159 6.5000000000000009 44.257836342443674 1336.7688688318697 18.500000000000004 37.454509895000008 18.248105615338002 37.711998775000005 685.0731555000001
decision_type=2 2 2 9 2 10 2 8 10 10 2 10 2 2
left_child=1 5 -2 7 8 -1 -6 -3 9 -5 -4 -12 -13 -8
right_child=2 3 10 4 6 -7 13 -9 -10 -11 11 12 -14 -15
leaf_value=4.0698469793732421 -3.5262131181073442 0.51538325498544035 0.45448303999883394 -0.21492445410283842 -1.8702396471943252 1.0600622447990689 -0.016137986039927606 -0.065223965171380002 -0.050422634400293646 1.6329861773142222 -2.7021355868360404 -1.4264616282385556 2.6706724274552927 -0.79351514381995925
leaf_weight=173 384 1211 226 74 224 405 431 150 320 182 177 233 63 181
leaf_count=173 384 1211 226 74 224 405 431 150 320 182 177 233 63 181
internal_value=-0.00108181 0.00313655 -0.0141068 0.000648415 -0.00454737 0.0150086 -0.00963051 0.0060262 0.00276339 0.0123552 -0.00700855 -0.0123529 -0.00508361 -0.00507317
internal_weight=4434 3351 1083 2773 1412 578 836 1361 576 256 699 473 296 612
internal_count=4434 3351 1083 2773 1412 578 836 1361 576 256 699 473 296 612
cat_boundaries=0 2
cat_threshold=4184229276 6
is_linear=0
shrinkage=0.04


Tree=19
num_leaves=15
num_cat=5
split_feature=1 20 7 0 1 0 15 0 0 23 0 18 14 7
split_gain=142.603 56.2924 65.5676 46.6179 45.5909 32.8037 40.5281 27.8567 27.3002 24.3697 21.9853 18.9654 18.9045 17.2112
threshold=51.500000000000007 7.5000000000000009 37.373646810293664 0 -125.49999999999999 1 11.054357859206474 2 3 142.24492757350004 4 2684.725949804922 11.027842377260985 37.522710839426843
decision_type=2 2 10 9 2 9 10 9 9 8 9 10 10 10
left_child=4 2 -2 11 12 -6 8 -3 9 -7 -8 13 -1 -4
right_child=1 7 3 -5 5 6 10 -9 -10 -11 -12 -13 -14 -15
leaf_value=6.3415422718808285 2.5430913488226912 0.38798785813137815 0.079003828488991984 -3.5796274450216941 2.0490112581649793 0.42950110130957153 -0.81836374465975215 -0.63791845951859605 0.025594527493183545 1.5823244337200058 0.002972823553822061 -2.0837125336691202 1.5802197199446344 -1.7882062849107956
leaf_weight=85 64 379 201 380 282 290 337 484 742 178 507 216 146 143
leaf_count=85 64 379 201 380 282 290 337 484 742 178 507 216 146 143
internal_value=-0.00090151 -0.00930481 -0.0157299 -0.0184093 0.00521401 0.00352287 0.00170295 -0.00180139 0.00639736 0.0138046 -0.0050059 -0.0103316 0.0220513 -0.00461095
internal_weight=4434 1867 1004 940 2567 2336 2054 863 1210 468 844 560 231 344
internal_count=4434 1867 1004 940 2567 2336 2054 863 1210 468 844 560 231 344
cat_boundaries=0 2 3 5 7 9
cat_threshold=2584225480 7 2013266304 2046825920 2 2238120512 7 2250342977 99
is_linear=0
shrinkage=0.04


Tree=20
num_leaves=15
num_cat=0
split_feature=1 20 1 1 6 7 20 5 23 8 3 14 20 7
split_gain=144.076 72.1324 32.8361 31.4585 29.6769 30.0518 25.7478 25.8506 21.8991 25.7318 21.1462 20.7766 19.7591 22.6452
threshold=6.5000000000000009 6.5000000000000009 116.50000000000001 -125.49999999999999 55.65948546500001 37.389434315363907 8.5000000000000018 37.433532415000009 357.55865702700004 55.616237303655431 20.500000000000004 11.027842377260985 7.5000000000000009 37.622172826252154
decision_type=2 2 2 2 2 10 2 2 8 10 2 10 2 10
left_child=3 2 4 11 -2 -6 7 -3 12 -10 -8 -1 13 -5
right_child=1 6 -4 8 5 -7 10 -9 9 -11 -12 -13 -14 -15
leaf_value=6.0878805810055949 0.31268757685511672 0.46269162634323435 -3.2303688675122011 0.072096220896678567 3.5958213882376038 -1.9089837605358186 0.58120551289696731 -0.80657616773270013 -0.75186887974522854 1.3298838495365741 -0.84027140606297279 1.5170109311468489 0.37271213355845201 -0.6577714442361321
leaf_weight=85 162 234 389 288 35 213 489 959 35 263 86 146 724 326
leaf_count=85 162 234 389 288 35 213 489 959 35 263 86 146 724 326
internal_value=-0.000811359 -0.0069572 -0.0169077 0.00763636 -0.00891041 -0.0175299 -0.0024393 -0.00578595 0.00566199 0.0154153 0.00449827 0.0213675 0.0034601 -0.00181524
internal_weight=4434 2567 799 1867 410 248 1768 1193 1636 298 575 231 1338 614
internal_count=4434 2567 799 1867 410 248 1768 1193 1636 298 575 231 1338 614
is_linear=0
shrinkage=0.04


Tree=21
num_leaves=15
num_cat=2
split_feature=1 20 1 0 23 5 5 5 20 24 20 19 0 10
split_gain=131.167 58.6314 53.9891 40.0072 31.4556 33.3145 31.3116 30.7922 29.2328 20.6638 20.4946 18.0338 20.1357 18.1408
threshold=108.50000000000001 5.5000000000000009 -62.499999999999993 0 240.91653547100003 37.433532415000009 37.733575425000005 37.524461600000009 8.5000000000000018 73.146034492281629 7.5000000000000009 900.68427348655166 1 203.50000000000003
decision_type=2 2 2 9 10 2 2 2 2 8 2 8 9 8
left_child=2 -2 6 11 5 -3 7 -1 -7 -5 -11 -4 -13 -14
right_child=1 4 3 9 -6 8 -8 -9 -10 10 -12 12 13 -15
leaf_value=2.7267977097278608 -3.501154112811713 1.6511883664558489 0.93377600361461366 0.83756140580095351 -5.1555914674560839 -1.5542660314717609 3.7771086539678205 0.34353017992439333 0.51502150230012245 -0.41332247736300021 0.01094073669876015 -0.44760857193758241 2.2863799086908725 -0.2953473371548207
leaf_weight=120 279 117 525 45 77 515 129 329 184 768 808 244 179 115
leaf_count=120 279 117 525 45 77 515 129 329 184 768 808 244 179 115
internal_value=-0.0011359 -0.0125957 0.00298928 0.00059546 -0.00754464 -0.00517705 0.0140448 0.00893805 -0.00849003 -0.00335373 -0.00415453 0.00657993 0.00147874 0.00833876
internal_weight=4434 1172 3262 2684 893 816 578 449 699 1621 1576 1063 538 294
internal_count=4434 1172 3262 2684 893 816 578 449 699 1621 1576 1063 538 294
cat_boundaries=0 2 3
cat_threshold=4165337992 6 2147877384
is_linear=0
shrinkage=0.04


Tree=22
num_leaves=15
num_cat=3
split_feature=1 6 26 1 0 24 1 0 18 19 19 17 14 0
split_gain=132.225 41.1443 60.4772 32.2584 28.758 28.0273 26.6145 25.2854 23.4514 22.0457 21.6687 20.3841 20.191 17.916
threshold=11.500000000000002 55.644023925000006 1.2085286245757063 -125.49999999999999 0 2722.3246917917909 123.50000000000001 1 2151.8400730733524 883.5395748217901 1389.1217924685961 60.500000000000007 11.027842377260985 2
decision_type=2 2 10 2 9 10 2 9 8 8 10 10 10 9
left_child=3 6 4 12 -3 -4 11 -5 9 13 -8 -2 -1 -9
right_child=1 2 5 7 -6 -7 10 8 -10 -11 -12 -13 -14 -15
leaf_value=5.7352934493762566 0.96786666910545804 -0.87698572446228928 -1.510312685378546 0.48158053354970337 -2.5968971033167496 0.090152441058366964 -1.5219985017487483 -0.016823702859526928 -0.049084869248024819 -0.15654788672892087 0.33048114353557695 -0.88594434230116526 1.4425892867039991 1.2933572743765973
leaf_weight=85 383 338 366 755 341 552 264 115 381 272 132 95 146 209
leaf_count=85 383 338 366 755 341 552 264 115 381 272 132 95 146 209
internal_value=-0.00100969 -0.00716249 -0.010975 0.00673449 -0.02 -0.00425624 -0.00018244 0.0048415 0.000525253 0.00547579 -0.00781955 0.00615385 0.0206838 0.0124771
internal_weight=4434 2471 1597 1963 679 918 874 1732 977 596 396 478 231 324
internal_count=4434 2471 1597 1963 679 918 874 1732 977 596 396 478 231 324
cat_boundaries=0 2 4 6
cat_threshold=98583664 102 2103919544 2 1056771 64
is_linear=0
shrinkage=0.04


Tree=23
num_leaves=15
num_cat=2
split_feature=1 20 8 1 0 23 0 15 10 1 20 24 16 19
split_gain=124.423 52.2386 42.589 39.4254 35.7645 42.6651 26.4103 28.4135 27.7655 26.0716 23.4589 19.7482 19.7117 17.547
threshold=51.500000000000007 5.5000000000000009 55.651500431202905 -125.49999999999999 0 172.45454624400003 1 9.1333588075793717 1.0000000180025095e-35 128.50000000000003 8.5000000000000018 6139.0391658558519 0.33105022831050229 1374.6771482973897
decision_type=2 2 10 2 9 8 9 8 10 2 2 8 10 10
left_child=3 2 9 12 5 -3 11 8 -8 -2 13 -5 -1 -6
right_child=1 4 -4 6 10 -7 7 -9 -10 -11 -12 -13 -14 -15
leaf_value=1.3848857152358391 1.2122474554186751 0.48536287688441832 -3.3320782939720583 0.86750286549207734 -1.7382822857320976 -4.8394413604038453 -0.048667269577148273 -0.16728439379945223 0.86498673287894989 -1.8772459098286254 -0.010366437253082027 -0.096688959610210554 5.6476305100343858 -0.14044790274947033
leaf_weight=144 68 494 254 787 499 58 214 832 383 75 263 120 87 156
leaf_count=144 68 494 254 787 499 58 214 832 383 75 263 120 87 156
internal_value=-0.00102772 -0.00887701 -0.0217 0.00468482 -0.00537678 0.00269027 0.00311244 -0.000305132 0.00633333 -0.00410959 -0.0101396 0.0083913 0.0203419 -0.0142857
internal_weight=4434 1867 397 2567 1470 552 2336 1429 597 143 918 907 231 655
internal_count=4434 1867 397 2567 1470 552 2336 1429 597 143 918 907 231 655
cat_boundaries=0 2 4
cat_threshold=1912997188 6 2018968460 6
is_linear=0
shrinkage=0.04


Tree=24
num_leaves=15
num_cat=3
split_feature=1 20 0 0 0 6 1 1 22 26 5 25 3 20
split_gain=122.592 62.4399 38.8065 37.6403 30.2097 29.5327 24.9536 21.4767 18.0632 16.8652 16.3381 15.6083 14.7911 16.954
threshold=6.5000000000000009 6.5000000000000009 0 1 2 55.644023925000006 144.50000000000003 -131.49999999999997 177.021626021 1.9644902376182791 37.408196900000007 16.293469956915761 20.500000000000004 8.5000000000000018
decision_type=2 2 9 9 9 2 2 2 2 10 2 10 2 2
left_child=4 2 6 12 7 -5 8 -1 -2 11 -4 -7 13 -3
right_child=1 3 10 5 -6 9 -8 -9 -10 -11 -12 -13 -14 -15
leaf_value=4.7017252896330106 -0.45990628888777452 0.13752137458585773 -0.054645229174913032 0.20501880558638219 0.064928113329483172 -2.0939103896197246 -1.8191156042627925 0.74223856704387248 1.2734928780362429 0.12861599284879191 -2.903946041273159 -0.74869777641208035 -1.0515914953800052 1.2457080267520468
leaf_weight=68 128 617 40 269 1224 156 152 575 90 81 389 344 74 227
leaf_count=68 128 617 40 269 1224 156 152 575 90 81 389 344 74 227
internal_value=-0.00088348 -0.00655253 -0.0158105 -0.00234896 0.00690909 -0.00834299 -0.00563969 0.0138415 0.00289593 -0.0134932 -0.0238009 -0.0162227 0.00326531 0.004817
internal_weight=4434 2567 799 1768 1867 850 370 643 218 581 429 500 918 844
internal_count=4434 2567 799 1768 1867 850 370 643 218 581 429 500 918 844
cat_boundaries=0 2 4 6
cat_threshold=2556454545 35 2048267720 6 2135097832 2
is_linear=0
shrinkage=0.04


Tree=25
num_leaves=15
num_cat=2
split_feature=1 20 1 0 5 0 5 6 7 5 7 20 17 10
split_gain=113.302 51.2733 45.0684 35.355 30.9413 30.501 29.944 26.2566 26.3382 42.0814 33.2275 27.9483 26.0188 29.97
threshold=108.50000000000001 5.5000000000000009 -62.499999999999993 0 37.733575425000005 1 37.524461600000009 55.651852825000006 37.695471771890361 37.823139700000006 37.682438366796376 7.5000000000000009 32.500000000000007 38.500000000000007
decision_type=2 2 2 9 2 9 2 2 8 2 10 2 10 10
left_child=2 -2 4 -4 6 -3 -1 12 10 11 -9 -10 13 -5
right_child=1 5 3 7 -6 -7 -8 8 9 -11 -12 -13 -14 -15
leaf_value=2.526111315287431 -3.0709528513465711 -1.7276088845568156 0.39184570454929801 -0.16803649500497961 3.4561115399582181 -0.160677494788103 0.21409284811664464 -0.16872454697181133 -3.3113872142173877 0.23432946937338223 1.1146293608792752 -0.40358742297059819 -0.087146050793910634 0.94332945387218248
leaf_weight=120 279 355 954 97 129 538 329 610 152 124 120 93 261 273
leaf_count=120 279 355 954 97 129 538 329 610 152 124 120 93 261 273
internal_value=-0.000991661 -0.0116426 0.00284227 0.000655006 0.0129432 -0.00691964 0.00787611 -0.00275387 -0.00649728 -0.0151613 -0.00207367 -0.0246774 0.0037224 0.0105094
internal_weight=4434 1172 3262 2684 578 893 449 1730 1099 369 730 245 631 370
internal_count=4434 1172 3262 2684 578 893 449 1730 1099 369 730 245 631 370
cat_boundaries=0 2 4
cat_threshold=4165337492 6 2149216781 97
is_linear=0
shrinkage=0.04


Tree=26
num_leaves=15
num_cat=4
split_feature=20 15 0 0 23 5 20 0 0 14 10 18 3 6
split_gain=52.6129 51.986 59.7682 41.9291 30.9221 41.8038 34.5996 26.9231 19.6363 18.9532 18.7306 17.7125 23.2064 15.7468
threshold=8.5000000000000018 7.5672766089437831 0 1 64.067189866000021 37.414099515000011 7.5000000000000009 2 3 2.2385714285714289 258.50000000000006 3024.8637666106242 18.500000000000004 55.646971425000011
decision_type=2 10 9 9 10 2 2 9 9 10 10 8 2 2
left_child=1 2 -1 9 5 -3 8 -8 -7 -2 -11 12 -4 -6
right_child=3 4 11 -5 13 6 7 -9 -10 10 -12 -13 -14 -15
leaf_value=-0.64935029677207501 -0.14789032866036453 0.58318304477472627 1.3225918126044138 1.1469073020570431 -0.54551813344324085 -0.37068335219469772 0.78809623545644258 -0.24162596334558856 -1.7219118685005168 0.45867325795382952 -1.2435265363718653 -0.031063787240649617 -0.56810743161871702 -1.5627341003832811
leaf_weight=336 79 217 441 666 205 470 225 416 508 220 66 120 71 394
leaf_count=336 79 217 441 666 205 470 225 416 508 220 66 120 71 394
internal_value=-0.00090151 -0.00330006 0.00453141 0.00700193 -0.00641509 -0.00382817 -0.00604192 0.00118012 -0.0107645 -0.00391534 0.00083045 0.0116589 0.015068 -0.0142857
internal_weight=4434 3403 968 1031 2435 1836 1619 641 978 365 286 632 512 599
internal_count=4434 3403 968 1031 2435 1836 1619 641 978 365 286 632 512 599
cat_boundaries=0 1 3 5 7
cat_threshold=1612312841 3246392867 38 1896883464 32 2323760683 6
is_linear=0
shrinkage=0.04


Tree=27
num_leaves=15
num_cat=2
split_feature=1 6 26 0 0 24 8 1 10 26 1 15 17 8
split_gain=111.42 46.8946 54.0048 32.3712 30.5021 25.31 22.4813 21.5617 19.3844 18.7693 22.9184 17.4137 22.9773 23.3074
threshold=1.5000000000000002 55.644023925000006 1.2085286245757063 0 1 2752.4836083941577 55.734335456969006 110.50000000000001 195.50000000000003 1.0748866175191691 142.50000000000003 11.647949254317359 75.500000000000014 55.655975119782077
decision_type=2 2 10 9 9 10 8 2 10 10 2 8 10 10
left_child=4 9 3 -3 6 7 -1 -4 -5 -2 -11 12 13 -6
right_child=1 2 5 8 11 -7 -8 -9 -10 10 -12 -13 -14 -15
leaf_value=1.6962853526838646 0.67805376738464329 -2.5281137577960204 -0.50607027246452951 -0.24827295494176413 1.308018845431967 0.10085958228943008 0.10899747495266576 -3.0048983288077751 -1.5399938289332737 0.20215559397035293 -1.4446843025547691 -0.077137980009919782 -0.14187490582285384 0.03561157312009481
leaf_weight=394 306 251 289 278 320 566 216 124 210 390 243 378 35 434
leaf_count=394 306 251 289 278 320 566 216 124 210 390 243 378 35 434
internal_value=-0.00102772 -0.00621053 -0.0101336 -0.0182749 0.0067191 -0.00395112 0.0138684 -0.0114423 -0.0113373 0.000976645 -0.00295597 0.00281356 0.00621212 0.00771466
internal_weight=4434 2657 1718 739 1777 979 610 413 488 939 633 1167 789 754
internal_count=4434 2657 1718 739 1777 979 610 413 488 939 633 1167 789 754
cat_boundaries=0 2 4
cat_threshold=3760063244 1 2135097832 2
is_linear=0
shrinkage=0.04


Tree=28
num_leaves=15
num_cat=3
split_feature=1 20 6 1 7 0 15 0 6 23 8 0 22 12
split_gain=106.358 48.6896 49.0873 35.0224 34.5098 30.1862 34.5345 26.0137 23.7987 22.9783 20.5778 19.1241 28.7821 17.9262
threshold=51.500000000000007 5.5000000000000009 55.64949656000001 -125.49999999999999 37.379233439029967 0 11.090670522274342 1 55.647441485000009 174.46132997900003 55.643447322143729 2 82.45288312400001 2.4242857142857148
decision_type=2 2 2 2 10 9 8 9 2 10 10 9 2 10
left_child=3 2 -2 13 -3 -5 11 9 10 -6 -9 -7 -13 -1
right_child=1 4 -4 5 7 6 -8 8 -10 -11 -12 12 -14 -15
leaf_value=5.1289057275013787 -0.11172124077279677 2.1999496672851837 -2.9100608457828292 0.91794880055362404 0.32910453650262239 -0.0010804355721513793 -0.17049608739814062 -0.94444063837186276 -1.6017999479404605 -4.5661955928829148 0.98927074139447879 0.031430803677439431 0.97305069611583495 1.2714553821838208
leaf_weight=72 136 94 261 466 406 596 767 346 467 46 111 259 248 159
leaf_count=72 136 94 261 466 406 596 767 346 467 46 111 259 248 159
internal_value=-0.00106378 -0.00832086 -0.0207 0.0042179 -0.00494229 0.00273621 0.000424854 -0.00655547 -0.0103308 0.00137634 -0.00391304 0.00495479 0.0105385 0.0189744
internal_weight=4434 1867 397 2567 1470 2336 1870 1376 924 452 457 1103 507 231
internal_count=4434 1867 397 2567 1470 2336 1870 1376 924 452 457 1103 507 231
cat_boundaries=0 2 4 6
cat_threshold=2013659520 4 1912603968 6 3798067 72
is_linear=0
shrinkage=0.04


Tree=29
num_leaves=15
num_cat=3
split_feature=1 1 20 0 23 9 20 3 5 0 15 5 26 0
split_gain=97.5494 42.754 46.9073 27.0073 25.9753 24.9307 27.7647 24.7956 23.0286 21.5464 19.1644 23.8876 17.7481 17.3768
threshold=-6.4999999999999991 119.50000000000001 4.5000000000000009 0 174.46132997900003 1.0500000000000003 8.5000000000000018 15.500000000000002 37.454509895000008 1 10.00695520468382 37.550987865000003 1.1207400807541721 2
decision_type=2 2 2 9 10 8 2 2 2 9 8 2 10 9
left_child=5 3 -3 -2 7 9 13 8 -4 -1 11 -5 -11 -7
right_child=1 2 4 10 -6 6 -8 -9 -10 12 -12 -13 -14 -15
leaf_value=2.2476000931324438 0.12862024804576305 -3.8491933562008742 0.12004522344886766 0.64335427214020069 -3.5978634356489096 -0.8050185894501104 1.4963696749178474 0.51558015366968479 -1.3181646790246975 -0.046047151992983773 -0.43374530471402123 -0.14393333844209999 1.4235630746557428 0.25916534314327111
leaf_weight=115 683 166 183 231 108 212 236 260 366 138 724 373 229 410
leaf_count=115 683 166 183 231 108 212 236 260 366 138 724 373 229 410
internal_value=-0.00108181 -0.00498547 -0.0113812 -0.00152929 -0.00778261 0.00792256 0.00380952 -0.00527094 -0.0100725 0.0151753 -0.00483221 0.000395387 0.00936842 -0.00064
internal_weight=4434 3094 1083 2011 917 1340 858 809 549 482 1328 604 367 622
internal_count=4434 3094 1083 2011 917 1340 858 809 549 482 1328 604 367 622
cat_boundaries=0 2 4 6
cat_threshold=2013270421 60 2382365248 1 2189951553 96
is_linear=0
shrinkage=0.04


Tree=30
num_leaves=15
num_cat=1
split_feature=1 20 1 0 3 15 5 25 3 5 5 8 6 17
split_gain=94.2799 50.0495 41.3633 28.0966 26.9583 25.1603 24.1612 19.8923 21.0205 18.1659 17.6229 17.3062 16.4787 15.7252
threshold=108.50000000000001 5.5000000000000009 -15.499999999999998 0 12.500000000000002 11.647949254317359 37.748820685000005 18.179871361859899 20.500000000000004 37.511715455000008 37.451340305000009 55.802496500000011 55.739211305000005 23.500000000000004
decision_type=2 2 2 9 2 10 2 10 2 2 2 8 2 10
left_child=2 -2 5 11 10 6 -1 -6 -9 -7 -3 12 -4 -5
right_child=1 4 3 13 7 9 -8 8 -10 -11 -12 -13 -14 -15
leaf_value=0.83263342897334014 -2.6363717861241374 -0.2163918695530701 0.34740998328639922 0.041856892379278691 -1.2348890990777392 0.88602667970700155 2.5354637479068249 1.4716008486545595 -1.3121780881202378 -0.70702140031669625 -1.6334858174852367 -0.16882105382404552 3.3174358099618919 -0.21083345119144373
leaf_weight=657 279 143 460 548 124 154 111 253 45 255 328 79 114 884
leaf_count=657 279 143 460 548 124 154 111 253 45 255 328 79 114 884
internal_value=-0.000973631 -0.0106894 0.00252374 -0.000862069 -0.00602679 0.00850847 0.0127626 0.00131765 0.0069103 0.000485437 -0.0125738 0.00594595 0.00845754 -0.00398616
internal_weight=4434 1172 3262 2085 893 1177 768 422 298 409 471 653 574 1432
internal_count=4434 1172 3262 2085 893 1177 768 422 298 409 471 653 574 1432
cat_boundaries=0 2
cat_threshold=2013659524 5
is_linear=0
shrinkage=0.04


Tree=31
num_leaves=15
num_cat=2
split_feature=1 20 1 21 23 0 5 20 6 0 20 3 18 6
split_gain=87.5644 49.0507 43.6123 32.2373 30.4565 28.7448 28.2221 25.2813 23.6316 24.1463 20.8424 18.6488 35.0469 21.8903
threshold=108.50000000000001 5.5000000000000009 -62.499999999999993 1.5000000000000002 240.91653547100003 0 37.433532415000009 8.5000000000000018 55.651852825000006 1 8.5000000000000018 10.500000000000002 1302.3837978058004 55.640211270000002
decision_type=2 2 2 2 10 9 2 2 2 9 2 2 10 2
left_child=2 -2 3 -1 6 -4 -3 -8 11 -10 -5 12 -7 -13
right_child=1 4 5 10 -6 8 7 -9 9 -11 -12 13 -14 -15
leaf_value=3.274953064672053 -2.5309169146791715 1.5103136290139214 0.3736939777981918 0.44224663416134719 -4.3432132269832966 1.733411048848936 -1.1424425537878313 0.55288136042118707 -1.4997244061591846 -0.067216385913821425 2.3008042937213768 -0.13298790026770418 -0.036638650008325828 0.78250539704512845
leaf_weight=69 279 117 884 345 77 116 515 184 206 963 164 240 139 136
leaf_count=69 279 117 884 345 77 116 515 184 206 963 164 240 139 136
internal_value=-0.00118999 -0.0105532 0.0021807 0.012117 -0.0059375 2.9773e-05 -0.00361416 -0.00666667 -0.00286817 -0.00624573 0.00851563 0.00334385 0.0116279 -0.0023219
internal_weight=4434 1172 3262 578 893 2684 816 699 1800 1169 509 631 255 376
internal_count=4434 1172 3262 578 893 2684 816 699 1800 1169 509 631 255 376
cat_boundaries=0 2 4
cat_threshold=4165337472 6 4640 97
is_linear=0
shrinkage=0.04


Tree=32
num_leaves=15
num_cat=2
split_feature=1 25 23 0 6 10 0 7 6 15 26 1 5 11
split_gain=89.0161 38.5261 35.6811 31.1033 29.6901 28.1012 26.4939 24.8584 27.226 24.2706 20.5371 20.4065 30.2602 22.1627
threshold=69.500000000000014 15.549701194596327 357.55865702700004 0 55.646745290000005 1.0000000180025095e-35 1 37.379233439029967 55.690528580000013 12.636592267947409 1.6061401332668139 -62.499999999999993 37.733575425000005 8.7657680000000031
decision_type=2 10 8 9 2 10 9 10 2 8 10 2 2 10
left_child=2 4 6 -3 -2 -4 -1 -5 -9 11 -6 12 -8 -13
right_child=1 3 5 7 10 -7 9 8 -10 -11 -12 13 -14 -15
leaf_value=0.34034956102001773 -0.25746008478283899 0.7079032702291036 -0.44503468522665179 1.5054244607264253 -2.9154379425166357 1.2761860402804033 0.39286244654651198 -0.80606802976984404 -2.4759515177666991 -0.49370851274626915 -0.72352337650366561 -0.14952106782839761 3.3891237441357789 0.16863738117016625
leaf_weight=905 193 378 67 57 257 361 223 472 116 381 135 495 75 319
leaf_count=905 193 378 67 57 257 361 223 472 116 381 135 495 75 319
internal_value=-0.0011359 -0.0086406 0.00313892 -0.00393762 -0.0168027 0.0137355 0.00123282 -0.00917933 -0.0117766 -0.00204515 -0.0230886 0.000932735 0.00983389 -0.00235006
internal_weight=4434 1608 2826 1023 585 428 2398 645 588 1493 392 1112 298 814
internal_count=4434 1608 2826 1023 585 428 2398 645 588 1493 392 1112 298 814
cat_boundaries=0 2 4
cat_threshold=1980236872 6 2031501736 4
is_linear=0
shrinkage=0.04


Tree=33
num_leaves=15
num_cat=1
split_feature=1 20 1 23 5 20 23 10 20 18 0 5 7 16
split_gain=84.2628 47.5366 37.0122 31.1573 26.833 31.7536 26.3445 28.8098 28.3253 25.7978 25.4286 21.5285 20.187 19.996
threshold=108.50000000000001 5.5000000000000009 -125.49999999999999 240.91653547100003 37.533866470000014 9.5000000000000018 357.55865702700004 26.500000000000004 6.5000000000000009 2114.2612614537416 0 37.622113575000007 37.373646810293664 0.33105022831050229
decision_type=2 2 2 10 2 2 8 10 2 8 9 2 8 10
left_child=2 -2 13 10 9 6 8 -8 -6 -4 -3 -10 -11 -1
right_child=1 3 4 -5 5 -7 7 -9 11 12 -12 -13 -14 -15
leaf_value=1.0191428157853186 -2.3607883678211894 -1.2359470081423349 0.87081434639825916 -4.0704466371932968 -1.6215285212121924 1.0917408781406157 -0.66736741860967796 0.94842470857699912 -0.56953618014766894 1.5269936572621072 0.30762230174226513 -0.020292970658347852 -0.05481648665273809 4.6464254644278604
leaf_weight=144 279 350 669 77 271 144 64 167 123 86 466 822 685 87
leaf_count=144 279 350 669 77 271 144 64 167 123 86 466 822 685 87
internal_value=-0.00102772 -0.0102128 0.00227871 -0.00566964 0.00109426 -0.00248432 -0.00427586 0.00803419 -0.00662838 0.00504505 -0.00332112 -0.00333333 5.16796e-05 0.0176068
internal_weight=4434 1172 3262 893 3031 1591 1447 231 1216 1440 816 945 771 231
internal_count=4434 1172 3262 893 3031 1591 1447 231 1216 1440 816 945 771 231
cat_boundaries=0 2
cat_threshold=2282779141 65
is_linear=0
shrinkage=0.04


Tree=34
num_leaves=15
num_cat=4
split_feature=1 20 0 0 1 0 6 18 3 19 0 18 5 8
split_gain=84.3237 52.0644 37.3886 27.228 26.6151 23.2785 22.6438 17.5853 17.47 17.4052 24.0488 25.0438 22.2172 15.7222
threshold=5.5000000000000009 6.5000000000000009 0 1 -206.49999999999997 2 55.644023925000006 2130.9253888063972 10.500000000000002 871.41567735605361 3 1930.4491036373568 37.733575425000005 55.642439257822168
decision_type=2 2 9 9 2 9 2 10 2 10 9 10 2 10
left_child=4 2 7 -3 -1 -6 -5 8 -2 10 11 -7 -11 -8
right_child=1 3 -4 6 5 9 13 -9 -10 12 -12 -13 -14 -15
leaf_value=6.2905922242831167 2.5379759888748472 0.31926153041277205 -1.8968238674621198 0.24136125102886241 0.52481565415467912 1.401980499924298 -1.9937049962554776 -0.7316557882279523 -0.22961871234323325 -0.1961828012210422 -0.015349186798899102 -0.10265329083087966 1.2118749042049237 -0.519287019271783
leaf_weight=62 59 776 459 363 725 143 114 175 109 470 323 78 51 527
leaf_count=62 59 776 459 363 725 143 114 175 109 470 323 78 51 527
internal_value=-0.00090151 -0.0055706 -0.0140124 -0.00174986 0.00560647 0.00468489 -0.00605703 -0.00348315 0.00561404 0.000853432 0.00585009 0.0155556 -0.00435115 -0.0106211
internal_weight=4434 2582 802 1780 1852 1790 1004 343 168 1065 544 221 521 641
internal_count=4434 2582 802 1780 1852 1790 1004 343 168 1065 544 221 521 641
cat_boundaries=0 2 4 6 8
cat_threshold=2556454544 3 2047219016 6 2144534968 18 2147779140 33
is_linear=0
shrinkage=0.04


Tree=35
num_leaves=15
num_cat=3
split_feature=1 20 0 1 0 0 6 26 25 8 25 8 25 1
split_gain=78.4661 48.9669 33.6374 28.2128 26.6831 21.9655 19.7144 19.0739 19.2511 18.5704 17.227 17.0767 16.9515 16.142
threshold=16.500000000000004 6.5000000000000009 0 -206.49999999999997 1 2 55.644023925000006 1.2968290362307038 17.882267238525461 55.734335456969006 20.391603603252257 55.643447322143729 16.692835915161265 178.50000000000003
decision_type=2 2 9 2 9 9 2 10 10 8 10 10 10 2
left_child=3 2 13 -1 -3 9 11 8 -8 -5 -4 -6 -9 -2
right_child=1 4 10 5 6 -7 7 12 -10 -11 -12 -13 -14 -15
leaf_value=6.0389685353117901 0.13077331916085044 0.40867354221626551 -2.1264622465574705 2.824640418951657 -0.18672818394072763 0.048166718037227878 -2.3102585487173939 -0.766887054173649 -0.81494444041771286 0.082019574552683105 0.056096253914678304 1.5352614886992435 0.67393243621538235 -1.6586557993355575
leaf_weight=62 225 509 384 172 346 1614 133 189 220 206 44 95 132 103
leaf_count=62 225 509 384 172 346 1614 133 189 220 206 44 95 132 103
internal_value=-0.00090151 -0.00584138 -0.0142292 0.00482256 -0.00191764 0.00396992 -0.00535461 -0.00968981 -0.0160674 0.0124808 -0.0214059 0.00117117 -0.00259259 -0.00398827
internal_weight=4434 2380 756 2054 1624 1992 1115 674 353 378 428 441 321 328
internal_count=4434 2380 756 2054 1624 1992 1115 674 353 378 428 441 321 328
cat_boundaries=0 2 4 6
cat_threshold=2556454544 3 1375867976 6 2080768384 16
is_linear=0
shrinkage=0.04


Tree=36
num_leaves=15
num_cat=3
split_feature=1 20 1 0 23 0 7 20 20 6 13 25 0 7
split_gain=76.5199 47.7031 35.6584 26.7917 26.3391 26.2539 19.7964 18.163 17.8857 17.7511 17.3956 32.2845 27.4949 16.1464
threshold=121.50000000000001 4.5000000000000009 -38.499999999999993 0 174.46132997900003 1 37.379233439029967 8.5000000000000018 8.5000000000000018 55.661758930000012 6.7148351648351658 15.995380849170104 2 37.373646810293664
decision_type=2 2 2 9 10 9 10 2 2 2 8 10 9 8
left_child=2 -2 5 13 6 8 -3 -8 -1 -10 12 -12 -5 -4
right_child=1 4 3 10 -6 -7 7 -9 9 -11 11 -13 -14 -15
leaf_value=-0.47003098749805133 -3.1859097385652637 1.8376893788812578 2.075853964312055 1.4377179699854719 -2.966361793478252 1.2721331016503716 -0.8392913406773187 0.39232660052761492 3.9033725536544375 0.47741539033831115 -1.0440472659856226 0.036041064529232864 -0.056583565196465742 0.060002239972474093
leaf_weight=275 161 62 100 112 106 419 561 172 47 76 504 442 323 1074
leaf_count=275 161 62 100 112 106 419 561 172 47 76 504 442 323 1074
internal_value=-0.000793329 -0.0101408 0.00215704 -0.000172009 -0.00650442 0.00941463 -0.0039599 -0.00581522 0.00175182 0.0142857 -0.00393113 -0.00699684 0.0026484 0.004246
internal_weight=4434 1062 3372 2555 901 817 795 733 398 123 1381 946 435 1174
internal_count=4434 1062 3372 2555 901 817 795 733 398 123 1381 946 435 1174
cat_boundaries=0 2 4 6
cat_threshold=2013676948 55 586241 97 2248147456 64
is_linear=0
shrinkage=0.04


Tree=37
num_leaves=15
num_cat=1
split_feature=1 20 1 23 0 13 20 2 15 3 10 5 1 5
split_gain=75.0027 45.7378 35.174 26.3391 20.3872 20.63 21.5767 19.0576 21.1547 17.4262 19.6928 17.2312 13.5604 21.5889
threshold=121.50000000000001 4.5000000000000009 -183.99999999999997 174.46132997900003 0 24.180909090909093 9.5000000000000018 685.0731555000001 8.1328546863912301 11.500000000000002 267.50000000000006 37.445711700000011 -62.499999999999993 37.733575425000005
decision_type=2 2 2 10 9 10 2 2 10 2 10 2 2 2
left_child=2 -2 -1 9 -4 6 7 12 -9 11 -11 -3 13 -6
right_child=1 3 4 -5 5 -7 -8 8 -10 10 -12 -13 -14 -15
leaf_value=4.3210729165409294 -3.0584733490226528 0.42783245539427472 0.27517406741089334 -2.8477073217391218 0.22843692282681388 -0.66749471566877727 1.1362307984410256 0.029525580996726638 -0.98836992783288991 0.48139226401403779 -1.1445012352969248 -1.553262009739337 -0.0097173604727297611 2.2993875565668276
leaf_weight=92 161 103 1204 106 181 167 157 191 303 328 104 260 1008 69
leaf_count=92 161 103 1204 106 181 167 157 191 303 328 104 260 1008 69
internal_value=-0.000811359 -0.0100657 0.00210963 -0.00650442 0.00141334 -0.000995692 0.000188285 -0.00109402 -0.00772636 -0.0039599 0.00147126 -0.0103825 0.0015226 0.00980237
internal_weight=4434 1062 3372 901 3280 2076 1909 1752 494 795 432 363 1258 250
internal_count=4434 1062 3372 901 3280 2076 1909 1752 494 795 432 363 1258 250
cat_boundaries=0 2
cat_threshold=2013660556 23
is_linear=0
shrinkage=0.04


Tree=38
num_leaves=15
num_cat=3
split_feature=1 20 0 1 7 0 13 10 26 20 7 20 18 0
split_gain=69.3822 32.5328 31.9709 30.9663 21.8636 20.8179 18.8115 27.7613 18.2594 18.0948 17.6978 17.0028 15.7361 14.417
threshold=51.500000000000007 8.5000000000000018 0 -183.99999999999997 37.385964230085953 1 9.0809615384615405 1.0000000180025095e-35 1.4307890249812822 7.5000000000000009 37.699024000000001 8.5000000000000018 1613.7877892853003 2
decision_type=2 2 9 2 10 9 10 10 10 2 8 2 10 9
left_child=3 2 8 -1 -4 10 7 -7 -2 -6 -5 13 -13 -8
right_child=1 -3 4 5 9 6 11 -9 -10 -11 -12 12 -14 -15
leaf_value=4.148229999879292 -0.52477340002137762 0.33066689128204041 2.645839684965543 0.62688897767094165 -1.8730450719773382 -0.075461463388721006 -0.98585253897669212 0.70861743918840836 0.74131134111920771 -0.64063029769454272 -2.0963451019837485 2.2707175309804906 -0.015028873618047989 -0.015959902142811646
leaf_weight=92 453 382 37 731 557 240 363 396 169 269 40 85 196 424
leaf_count=92 453 382 37 731 557 240 363 396 169 269 40 85 196 424
internal_value=-0.000576966 -0.0064385 -0.0091129 0.00368872 -0.0140183 0.00282486 0.00032615 0.005759 -0.00201575 -0.0155368 0.00821429 -0.00291317 0.00549296 -0.00592405
internal_weight=4434 1867 1485 2567 863 2475 1704 636 622 826 771 1068 281 787
internal_count=4434 1867 1485 2567 863 2475 1704 636 622 826 771 1068 281 787
cat_boundaries=0 2 4 6
cat_threshold=2422212304 7 2014445980 21 2248184384 96
is_linear=0
shrinkage=0.04


Tree=39
num_leaves=15
num_cat=1
split_feature=1 20 6 1 7 26 0 7 6 8 1 16 19 25
split_gain=62.2405 38.2473 50.8354 29.3204 24.5751 30.9022 25.8137 24.8356 21.4407 29.4714 19.4818 18.1346 17.5561 18.0783
threshold=16.500000000000004 5.5000000000000009 55.666275260000006 -183.99999999999997 37.385964230085953 1.4759194806216192 0 37.464483316390115 55.65948546500001 55.651500431202905 169.50000000000003 0.26352339181286555 2.3068588175592102 15.995380849170104
decision_type=2 2 2 2 10 10 9 10 2 10 2 10 10 10
left_child=3 2 10 -1 -3 6 7 11 9 -8 -2 -6 -7 -14
right_child=1 4 -4 -5 5 12 8 -9 -10 -11 -12 -13 13 -15
leaf_value=3.9823007998841207 0.80062601374928222 1.6214322329243076 -1.9857954830435547 0.092288984711357366 -0.053889957700044566 -1.0050980900193904 -1.0070818261843144 0.28104803633100178 -2.1740422956392949 1.42696770418918 -1.9054958351406137 -1.6262860648141988 -0.27534793356090193 0.98063446392148257
leaf_weight=92 128 133 289 1962 169 39 189 324 240 55 54 152 318 290
leaf_count=92 128 133 289 1962 169 39 189 324 240 55 54 152 318 290
internal_value=-0.000703178 -0.00510281 -0.0152743 0.00439475 -0.00257322 -0.00382237 -0.00780919 -0.00237082 -0.0146479 -0.00647773 0.0012973 -0.0102469 0.00313846 0.00484452
internal_weight=4434 2380 471 2054 1909 1776 1129 645 484 244 182 321 647 608
internal_count=4434 2380 471 2054 1909 1776 1129 645 484 244 182 321 647 608
cat_boundaries=0 2
cat_threshold=528491712 6
is_linear=0
shrinkage=0.04


Tree=40
num_leaves=15
num_cat=2
split_feature=1 20 1 2 0 25 5 20 0 7 18 15 3 17
split_gain=60.5334 37.0229 35.9439 20.5639 28.168 20.0627 31.5726 18.8983 31.5693 30.477 28.2719 23.4666 18.7579 18.4703
threshold=121.50000000000001 4.5000000000000009 -183.99999999999997 665.53866950000008 0 18.122331687668574 37.709555890000011 7.5000000000000009 1 37.366927724435961 1725.2923839457028 7.4983669032220206 12.500000000000002 29.500000000000004
decision_type=2 2 2 2 9 10 2 2 9 8 10 8 2 10
left_child=2 -2 -1 7 -5 13 12 9 -9 -4 -10 -11 -7 -3
right_child=1 5 3 4 -6 6 -8 8 10 11 -12 -13 -14 -15
leaf_value=3.8230087678887559 -2.7817807928609115 -2.3781251086163007 2.4781608870389129 0.35296334272088387 -0.20336720098325306 -1.1551463485713505 2.7007739914229751 1.0481965244998745 1.2669030184196439 0.30107840808995717 -0.12761854951131668 -0.33307680049421345 0.22357599380510651 -0.29315443977057554
leaf_weight=92 161 167 57 343 826 218 71 476 196 309 400 673 260 185
leaf_count=92 161 167 57 343 826 218 71 476 196 309 400 673 260 185
internal_value=-0.000775299 -0.0090892 0.00184889 0.00114529 -0.0031058 -0.00588496 -0.00108696 0.00350047 0.0072186 -0.000345489 0.00091954 -0.00203046 -0.00482328 -0.0132958
internal_weight=4434 1062 3372 3280 1169 901 549 2111 1072 1039 596 982 478 352
internal_count=4434 1062 3372 3280 1169 901 549 2111 1072 1039 596 982 478 352
cat_boundaries=0 2 3
cat_threshold=964822400 5 2115596360
is_linear=0
shrinkage=0.04


Tree=41
num_leaves=15
num_cat=0
split_feature=1 20 1 23 19 5 5 20 20 10 2 8 5 26
split_gain=57.7247 42.3162 34.4885 23.1269 19.6622 19.3028 25.7166 21.6774 17.1532 16.4261 16.2602 15.8154 16.1163 14.729
threshold=144.50000000000003 4.5000000000000009 -183.99999999999997 174.46132997900003 937.91991347929491 37.537139550000006 37.833310065000006 7.5000000000000009 8.5000000000000018 257.50000000000006 661.54713800000013 55.655300962443029 37.496338685000005 1.6061401332668139
decision_type=2 2 2 10 8 2 2 2 2 10 2 10 2 10
left_child=2 -2 -1 13 5 11 7 -7 -6 -10 -9 -4 -13 -3
right_child=1 3 4 -5 8 6 -8 10 9 -11 -12 12 -14 -15
leaf_value=3.670088417173206 -2.9168667591395137 -0.59557541270094194 1.1420229251093319 -3.4005542210095325 -0.1866372245745628 -0.58467538692680521 0.98024998603117153 0.42766316512046443 1.008652343571256 -0.38981514870721717 -0.18138764027920157 0.4247699995037742 -0.66923091054956307 0.68095181282785233
leaf_weight=92 145 506 273 92 1229 432 106 294 309 112 170 476 57 141
leaf_count=92 145 506 273 92 1229 432 106 294 309 112 170 476 57 141
internal_value=-0.000793329 -0.00992108 0.00148607 -0.00598383 0.000832129 0.00371066 0 -0.00222469 -0.00232305 0.00462264 0.00376874 0.00830655 0.00425373 -0.00326154
internal_weight=4434 884 3550 739 3458 1808 1002 896 1650 421 464 806 533 647
internal_count=4434 884 3550 739 3458 1808 1002 896 1650 421 464 806 533 647
is_linear=0
shrinkage=0.04


Tree=42
num_leaves=15
num_cat=4
split_feature=20 15 0 0 20 5 0 14 14 5 8 18 5 0
split_gain=30.4808 32.0065 50.7799 31.9629 24.5418 29.0166 28.7004 21.2109 20.9064 24.5457 17.1369 14.6851 13.9075 13.0328
threshold=8.5000000000000018 7.5672766089437831 0 1 6.5000000000000009 37.416216135000006 2 22.917238095238101 0.22363636363636366 37.731258555000004 55.734335456969006 1645.4116210684385 37.81759447000001 3
decision_type=2 8 9 9 2 2 9 10 10 2 10 10 2 9
left_child=1 2 -1 -2 6 10 7 12 -5 11 -6 -10 -3 -4
right_child=3 4 13 8 5 -7 -8 -9 9 -11 -12 -13 -14 -15
leaf_value=0.8359254334277586 1.2127560603935741 -2.2389066725863129 -2.0436709296636453 -0.17697035544880904 3.3994285343699109 -0.25717193431773822 -0.1215744800988534 -0.0095911530944703255 1.1419422865465232 3.0512061789769054 -0.15160669269712643 -0.097067359907059697 0.0073920282289776651 -0.028412036357536873
leaf_weight=380 360 316 110 113 101 1424 404 86 135 41 89 382 37 456
leaf_count=380 360 316 110 113 101 1424 404 86 135 41 89 382 37 456
internal_value=-0.000793329 -0.00261891 0.00362487 0.00522244 -0.00502439 -0.0021274 -0.0105437 -0.0174336 -5.84795e-05 0.00313725 0.0124352 0.000692308 -0.0221348 -0.00400691
internal_weight=4434 3403 946 1031 2457 1614 843 439 671 558 190 517 353 566
internal_count=4434 3403 946 1031 2457 1614 843 439 671 558 190 517 353 566
cat_boundaries=0 2 3 5 6
cat_threshold=2315650624 125 1041281032 1981452620 96 1628962824
is_linear=0
shrinkage=0.04


Tree=43
num_leaves=15
num_cat=3
split_feature=1 20 6 1 23 0 0 1 0 15 17 8 6 7
split_gain=60.6516 34.2918 42.703 24.2794 22.2776 22.6107 18.7045 18.0661 16.2859 16.1154 14.2621 14.8163 24.9487 20.2922
threshold=16.500000000000004 5.5000000000000009 55.666275260000006 -206.49999999999997 56.011518896500007 0 1 227.50000000000003 2 11.090670522274342 71.500000000000014 55.661032981373573 55.625081570000006 37.5193994683707
decision_type=2 2 2 2 10 9 9 2 9 8 10 10 2 10
left_child=3 2 7 -1 5 -3 -6 -2 -5 10 11 12 -10 -14
right_child=1 4 -4 8 6 -7 -8 -9 9 -11 -12 -13 13 -15
leaf_value=4.8868771788654337 0.63013225460748123 0.46161172019215074 -1.7773939061222348 1.0092680191964365 -0.1020497722206624 -0.30312970337396039 -1.0989867769058168 -4.2557715142047137 -0.7822904808294151 -0.058251042294769136 -0.21176086454099299 0.064475320197318262 -0.33926958938605639 1.2285830961817228
leaf_weight=62 147 479 289 363 340 706 384 35 43 648 68 578 58 234
leaf_count=62 147 479 289 363 340 706 384 35 43 648 68 578 58 234
internal_value=-0.000793329 -0.00513638 -0.0147679 0.00423918 -0.00274059 0.000639731 -0.00825309 0.000432432 0.00344862 0.00168088 0.0049187 0.00624454 0.0128994 0.0170847
internal_weight=4434 2380 471 2054 1909 1185 724 182 1992 1629 981 913 335 292
internal_count=4434 2380 471 2054 1909 1185 724 182 1992 1629 981 913 335 292
cat_boundaries=0 2 4 5
cat_threshold=1997538377 6 2860909760 7 2080506272
is_linear=0
shrinkage=0.04


Tree=44
num_leaves=15
num_cat=3
split_feature=1 20 0 1 0 0 6 3 10 18 8 19 8 6
split_gain=54.0465 31.6411 30.5252 24.0424 19.2621 18.8687 17.6697 17.0635 16.9375 15.3355 16.8386 25.3868 14.9101 15.8488
threshold=5.5000000000000009 6.5000000000000009 0 -206.49999999999997 1 2 55.690528580000013 20.500000000000004 250.50000000000003 1785.1042710487357 55.628421894917174 883.5395748217901 55.656905739776654 55.688875425000006
decision_type=2 2 9 2 9 9 2 2 10 8 10 8 10 2
left_child=3 2 -2 -1 7 -5 8 -3 -6 10 -7 12 -12 -14
right_child=1 4 -4 5 6 9 -8 -9 -10 -11 11 -13 13 -15
leaf_value=4.6914020917108168 -0.11226154286908752 0.29375709648801379 -1.3601313208739072 0.41140266203764808 0.056551602132278805 -1.3819424513026701 -0.93349522383061545 -1.1437204462186996 -1.0692969628981126 -0.043493341995037918 1.3921613496277587 -0.2296920475653311 -0.93677067690224736 0.82460073904906372
leaf_weight=62 333 849 469 631 511 38 174 74 172 604 134 223 61 99
leaf_count=62 333 849 469 631 511 38 174 74 172 604 134 223 61 99
internal_value=-0.000811359 -0.00454932 -0.0111304 0.00439892 -0.00157039 0.00352482 -0.00583908 0.0024359 -0.00297376 0.000443686 0.00523297 0.00715385 0.0148148 0.00638037
internal_weight=4434 2582 802 1852 1780 1790 857 923 683 1159 555 517 294 160
internal_count=4434 2582 802 1852 1780 1790 857 923 683 1159 555 517 294 160
cat_boundaries=0 2 4 6
cat_threshold=2296407697 35 4261811528 6 2102591928 18
is_linear=0
shrinkage=0.04


Tree=45
num_leaves=15
num_cat=3
split_feature=1 25 6 0 1 2 0 14 19 2 0 18 20 10
split_gain=55.5927 31.4058 40.6327 31.5452 26.4786 21.7554 21.8648 18.1084 31.1809 17.8882 15.498 17.997 15.3155 14.8921
threshold=51.500000000000007 15.549701194596327 55.644091925000005 0 -206.49999999999997 665.53866950000008 1 25.495846588900676 1648.1215282888327 718.02790700000003 2 2291.090358845338 7.5000000000000009 127.50000000000001
decision_type=2 10 2 9 2 2 9 8 10 2 9 10 2 8
left_child=4 2 13 9 -1 10 -7 8 -5 -3 11 -6 -12 -2
right_child=1 3 -4 7 5 6 -8 -9 -10 -11 12 -13 -14 -15
leaf_value=4.5037460080423841 -0.52831890606296839 1.1586370854074211 -1.4824417683609972 -0.73163128665847865 0.37584746290142818 0.18641953002145378 -0.27264005705480882 -1.2822328861523369 1.1277131413338293 -0.37194313049335509 0.12233131367512186 -0.12139368797145621 0.77797350367273144 1.0893183997223685
leaf_weight=62 129 249 476 647 401 328 577 100 110 68 486 234 479 88
leaf_count=62 129 249 476 647 401 328 577 100 110 68 486 234 479 88
internal_value=-0.000721208 -0.00596791 -0.0127011 -0.00197111 0.00309728 0.00244019 -0.00251101 -0.00593103 -0.00384211 0.00860606 0.00524017 0.000308642 0.00838446 0.00163636
internal_weight=4434 1867 693 1174 2567 2505 905 857 757 317 1600 635 965 217
internal_count=4434 1867 693 1174 2567 2505 905 857 757 317 1600 635 965 217
cat_boundaries=0 2 4 6
cat_threshold=1732772944 6 965083269 7 27956245 107
is_linear=0
shrinkage=0.04


Tree=46
num_leaves=15
num_cat=2
split_feature=1 25 6 1 0 20 2 0 1 20 17 7 12 18
split_gain=48.4437 28.6291 38.4365 24.3945 24.2914 19.4762 18.6451 20.9528 18.3012 16.9043 17.0339 16.1246 15.3035 15.2673
threshold=51.500000000000007 15.549701194596327 55.657609310000005 -206.49999999999997 0 8.5000000000000018 665.53866950000008 1 162.50000000000003 4.5000000000000009 39.500000000000007 37.376489388900275 14.80714285714286 1919.3113241791325
decision_type=2 10 2 2 9 2 2 9 2 2 10 10 10 8
left_child=3 2 8 -1 -3 11 13 -8 -2 -4 -11 -6 -7 -5
right_child=1 4 9 6 5 12 7 -9 -10 10 -12 -13 -14 -15
leaf_value=4.3235961677206891 0.50393949287704698 0.54135343020646431 -2.2548594963640305 0.63563770303239131 2.5197816618971651 1.3888732441642242 0.17896274882059565 -0.26173445477261653 -1.7802272676944797 -1.5027479055126605 0.20146192599856136 -1.1134213867973273 -0.24883020421458227 0.01396003688335405
leaf_weight=62 165 365 114 865 35 114 328 577 78 266 70 542 118 735
leaf_count=62 165 365 114 865 35 114 328 577 78 266 70 542 118 735
internal_value=-0.000685148 -0.00558289 -0.0120115 0.00287938 -0.0017672 -0.00559611 0.0022488 -0.0023348 0.000813008 -0.0188962 -0.0141593 -0.00958621 0.00408511 0.00484092
internal_weight=4434 1867 693 2567 1174 809 2505 905 243 450 336 577 232 1600
internal_count=4434 1867 693 2567 1174 809 2505 905 243 450 336 577 232 1600
cat_boundaries=0 2 4
cat_threshold=3880256592 6 965083269 7
is_linear=0
shrinkage=0.04


Tree=47
num_leaves=15
num_cat=3
split_feature=1 20 1 23 0 6 0 8 18 25 1 25 0 6
split_gain=47.9147 43.5189 28.1633 23.1875 21.6402 23.3576 32.241 22.5833 24.5014 20.7965 19.7408 24.682 16.8387 19.2948
threshold=144.50000000000003 4.5000000000000009 -156.49999999999997 174.46132997900003 0 55.651852825000006 1 55.642439257822168 1919.3113241791325 21.560783165257472 4.5000000000000009 16.808058817343039 2 55.647441485000009
decision_type=2 2 2 10 9 2 9 10 10 8 2 10 9 2
left_child=2 -2 -1 12 9 7 -7 -6 -9 -4 -8 -12 13 -3
right_child=1 3 4 -5 5 6 10 8 -10 -11 11 -13 -14 -15
leaf_value=2.4290564508932624 -2.5254947102342475 -0.32144526338406237 0.85986689893501489 -3.0313816652066174 -0.066438551334211976 -1.528374203936439 0.054909100051919707 1.2024315094076401 0.013592396144175446 -0.058980550371222337 -1.0307901712542071 0.13416636757148659 0.36669518184232602 -2.7557740574554446
leaf_weight=141 145 268 631 92 473 260 682 223 205 365 336 234 278 101
leaf_count=141 145 268 631 92 473 260 682 223 205 365 336 234 278 101
internal_value=-0.000793329 -0.00910936 0.00128342 -0.00512129 0.000550996 -0.00150041 -0.00454125 0.00358407 0.0102088 0.00547076 -0.00177075 -0.00726003 -0.0024 -0.0078534
internal_weight=4434 884 3550 739 3409 2413 1512 901 428 996 1252 570 647 369
internal_count=4434 884 3550 739 3409 2413 1512 901 428 996 1252 570 647 369
cat_boundaries=0 2 4 6
cat_threshold=2017854848 22 2147488256 97 402682501 97
is_linear=0
shrinkage=0.04


Tree=48
num_leaves=15
num_cat=1
split_feature=1 20 1 7 8 0 3 6 7 8 20 10 18 1
split_gain=43.234 36.3518 28.2643 18.7256 33.4426 36.365 31.9419 21.6328 41.6928 33.0694 29.0518 21.5417 27.9744 20.3965
threshold=175.50000000000003 4.5000000000000009 -206.49999999999997 37.379233439029967 55.733728804094824 0 21.500000000000004 55.651852825000006 37.702326335653296 55.668425000000006 6.5000000000000009 30.500000000000004 1725.2923839457028 14.500000000000002
decision_type=2 2 2 8 8 9 2 2 10 10 2 10 10 2
left_child=2 -2 -1 6 5 -5 -4 11 9 -9 -10 -7 -13 -6
right_child=1 -3 3 4 13 7 -8 8 10 -11 -12 12 -14 -15
leaf_value=4.053490062976131 -4.6946328865239151 -0.6213543711151055 1.8898517677493301 1.7053891585363778 -0.030085524767077664 -0.22954138121531387 -0.35684025409646031 -0.74973796013146687 -3.0350644433446758 0.12577445619219996 -0.62901912480022859 1.0130947832828763 0.022534883745530108 -0.88875184056912504
leaf_weight=62 115 580 158 239 333 225 40 172 90 858 204 470 658 230
leaf_count=62 115 580 158 239 333 225 40 172 90 858 204 470 658 230
internal_value=-0.000775299 -0.00991404 0.000929984 0.000467391 -0.000218265 0.00150737 0.0123383 0.000133829 -0.00349661 0.000309777 -0.0167003 0.00368732 0.00594164 -0.00911661
internal_weight=4434 695 3739 3677 3479 2916 198 2677 1324 1030 294 1353 1128 563
internal_count=4434 695 3739 3677 3479 2916 198 2677 1324 1030 294 1353 1128 563
cat_boundaries=0 1
cat_threshold=1711277376
is_linear=0
shrinkage=0.04


Tree=49
num_leaves=15
num_cat=1
split_feature=1 1 20 20 15 5 0 5 23 2 1 3 3 26
split_gain=43.7374 23.7714 34.4134 21.549 27.8812 22.561 18.4095 16.7357 19.2331 18.1265 15.802 15.1061 13.7512 13.3907
threshold=-7.4999999999999991 193.50000000000003 4.5000000000000009 8.5000000000000018 8.9999504114019455 37.472129515000013 0 37.856526930000008 54.461329979000006 685.0731555000001 -194.99999999999997 15.500000000000002 5.5000000000000009 1.089660543902532
decision_type=2 2 2 2 10 2 9 2 10 2 2 2 2 10
left_child=3 6 -3 4 10 -6 -2 8 9 -8 -1 -4 -7 -12
right_child=1 2 11 -5 5 12 7 -9 -10 -11 13 -13 -14 -15
leaf_value=3.2251123647772437 0.060706044862986329 -5.5115115005943744 -1.1435487343090815 1.0093278426722931 0.77071621419970771 1.1389714258644454 0.071399903049320965 1.2965305744554039 -0.60970897970252613 -0.48948103895502826 -0.09129998713409436 0.21607848372845659 -0.78790238189725559 0.7560592307601719
leaf_weight=40 1174 99 290 324 132 58 555 39 537 221 118 205 403 239
leaf_count=40 1174 99 290 324 132 58 555 39 537 221 118 205 403 239
internal_value=-0.000829389 -0.00340698 -0.0105863 0.00528474 0.00233635 -0.00315436 -0.00170819 -0.00486447 -0.00568389 -0.00164313 0.0105 -0.00618474 -0.00732759 0.00766667
internal_weight=4434 3120 594 1314 990 593 2526 1352 1313 776 397 495 461 357
internal_count=4434 3120 594 1314 990 593 2526 1352 1313 776 397 495 461 357
cat_boundaries=0 2
cat_threshold=2021786005 63
is_linear=0
shrinkage=0.04


Tree=50
num_leaves=15
num_cat=2
split_feature=1 6 8 6 1 20 0 7 0 25 8 1 5 26
split_gain=40.6065 25.6667 35.063 29.907 20.3764 20.4836 20.0814 19.1995 21.8425 29.5935 32.7056 20.1782 19.1952 18.0261
threshold=-7.4999999999999991 55.643770265000008 55.685836233507452 55.705094765000005 -206.49999999999997 8.5000000000000018 0 37.385964230085953 1 16.930065011153847 55.730982000000004 67.500000000000014 37.356637395000007 1.5163264395723692
decision_type=2 2 10 2 2 2 9 10 9 10 10 2 2 10
left_child=4 -2 -3 -4 -1 6 -6 12 -9 10 11 -10 -5 -13
right_child=1 2 3 7 5 -7 -8 8 9 -11 -12 13 -14 -15
leaf_value=3.8066616563080955 0.068302719525965727 -0.81804047661587054 0.36190065414416339 -0.45788761554797225 -0.80612972099988323 0.9080109107479476 0.21407150232189026 -0.7309007211445413 0.91327266881231395 0.33134466476307667 -1.4643638533510568 -1.1717752691889118 2.2637296777697702 1.7167818030528179
leaf_weight=62 1072 696 226 78 215 314 723 232 100 215 261 98 107 35
leaf_count=62 1072 696 226 78 215 314 723 232 100 215 261 98 107 35
internal_value=-0.000667117 -0.00315082 -0.00577279 -0.00200738 0.00522399 0.00407968 0.00110521 -0.00467671 -0.00699153 -0.0032687 -0.00869215 0.00220339 0.00702128 -0.00794118
internal_weight=4434 3120 2048 1352 1314 1252 938 1126 941 709 494 233 185 133
internal_count=4434 3120 2048 1352 1314 1252 938 1126 941 709 494 233 185 133
cat_boundaries=0 2 3
cat_threshold=536883209 96 25583652
is_linear=0
shrinkage=0.04


Tree=51
num_leaves=15
num_cat=3
split_feature=1 25 6 0 1 3 8 0 0 9 1 1 8 3
split_gain=37.596 25.9607 34.327 26.5154 22.5168 19.5058 15.6284 24.7757 21.5648 15.6226 14.577 14.449 14.258 16.8068
threshold=51.500000000000007 15.549701194596327 55.657609310000005 0 -206.49999999999997 11.500000000000002 55.653411022992934 1 2 7.9500000000000011 234.50000000000003 -44.499999999999993 55.685310854836708 8.5000000000000018
decision_type=2 10 2 9 2 2 8 9 9 10 2 2 10 2
left_child=4 2 10 9 -1 -5 8 -8 -6 -3 -2 -9 -4 -14
right_child=1 3 12 5 6 -7 7 11 -10 -11 -12 -13 13 -15
leaf_value=3.6543951900557712 0.36978146370403836 -0.086129567643628668 -2.1828738934627108 -0.95450445459406408 1.860491616047069 0.027558007322013082 -0.52652430633941616 0.75363359691488641 0.089313642010180466 1.4674104325505124 -3.3041727514064907 -0.0079464292762354213 -0.27066629928739389 -1.4219388154998001
leaf_weight=62 206 146 98 375 155 477 268 353 691 176 37 1038 131 221
leaf_count=62 206 146 98 375 155 477 268 353 691 176 37 1038 131 221
internal_value=-0.000540906 -0.00485561 -0.010977 -0.00122345 0.00259922 -0.00490173 0.00199362 -0.000264741 0.00640754 0.00835821 0.00113821 0.00190883 -0.0174834 -0.0135211
internal_weight=4434 1867 693 1174 2567 852 2505 1659 846 322 243 1391 450 352
internal_count=4434 1867 693 1174 2567 852 2505 1659 846 322 243 1391 450 352
cat_boundaries=0 2 4 6
cat_threshold=1729627216 6 2102784 97 134221824 96
is_linear=0
shrinkage=0.04


Tree=52
num_leaves=15
num_cat=1
split_feature=1 1 20 0 5 5 5 20 19 20 23 8 6 9
split_gain=36.094 24.3353 34.1262 21.2087 20.7918 23.7389 15.889 15.9592 15.1303 16.0599 14.6869 17.5603 20.0962 14.5636
threshold=-38.499999999999993 215.50000000000003 4.5000000000000009 0 37.524461600000009 37.733575425000005 37.858991355000008 9.5000000000000018 73.819505257614836 7.5000000000000009 174.46132997900003 55.655300962443029 55.646971425000011 18.950000000000003
decision_type=2 2 2 9 2 2 2 2 10 2 10 10 2 10
left_child=4 3 -3 6 13 8 7 -2 -6 -10 11 12 -4 -1
right_child=1 2 10 -5 5 -7 -8 -9 9 -11 -12 -13 -14 -15
leaf_value=2.0805554608463876 -0.31527347462637539 -6.4029351443926883 -0.2810388518241832 0.044487373411652875 1.207471553603503 1.4545358157970054 1.3611642745339116 0.80096508767045405 -1.8010519920886179 0.17684814593435391 -4.0704559349342819 0.36888506264490889 -3.3718237215557139 0.091275424408494454
leaf_weight=149 1100 88 177 1890 65 158 38 79 150 230 61 133 51 65
leaf_count=149 1100 88 177 1890 65 158 38 79 150 230 61 133 51 65
internal_value=-0.000504846 -0.00222099 -0.0102924 -0.00088746 0.00707317 0.00323432 -0.00497561 -0.00585448 -0.00151786 -0.0045953 -0.00545882 -0.00230769 -0.00900433 0.0176959
internal_weight=4434 3617 510 3107 817 603 1217 1179 445 380 422 361 228 214
internal_count=4434 3617 510 3107 817 603 1217 1179 445 380 422 361 228 214
cat_boundaries=0 2
cat_threshold=2268697198 8
is_linear=0
shrinkage=0.04


Tree=53
num_leaves=15
num_cat=4
split_feature=1 20 1 2 0 10 20 18 14 0 0 8 5 0
split_gain=34.729 34.1262 25.9667 17.5655 26.6407 18.1789 16.9945 25.9227 23.1339 25.012 17.9534 13.9445 17.2198 12.675
threshold=215.50000000000003 4.5000000000000009 -206.49999999999997 665.53866950000008 0 200.50000000000003 7.5000000000000009 2399.8402659514741 7.6898717948717961 1 2 55.730982000000004 37.480946415000012 3
decision_type=2 2 2 2 9 8 2 10 10 9 9 10 2 9
left_child=2 -2 -1 6 5 -5 8 11 9 -4 -10 12 -8 -9
right_child=1 -3 3 4 -6 -7 7 13 10 -11 -12 -13 -14 -15
leaf_value=3.4805329884627834 -6.1468177386169804 -0.58794421745416425 -0.45900965717867065 0.32890387898107215 -0.35073332487198672 -0.21330438857077666 3.8109978741111976 0.30363763229856061 -0.84746645920437902 0.60768385740737818 0.0089681000684959152 -0.23080021359703318 0.64188937230228027 -0.27808115003795236
leaf_weight=62 88 422 123 354 797 250 111 247 350 285 471 100 499 275
leaf_count=62 88 422 123 354 797 250 111 247 350 285 471 100 499 275
internal_value=-0.000504846 -0.0102924 0.000774128 0.000351876 -0.00321937 0.00311183 0.00238636 0.0057004 -0.000941558 0.00681265 -0.00480583 0.0106592 0.0129201 -0.00106667
internal_weight=4434 510 3924 3862 1401 604 2461 1232 1229 408 821 710 610 522
internal_count=4434 510 3924 3862 1401 604 2461 1232 1229 408 821 710 610 522
cat_boundaries=0 2 3 5 6
cat_threshold=965117075 35 1611718657 2474709193 97 419456128
is_linear=0
shrinkage=0.04


Tree=54
num_leaves=15
num_cat=4
split_feature=1 25 6 0 0 15 0 15 3 1 0 11 7 3
split_gain=35.8834 26.8975 26.8705 22.3108 21.2839 20.5117 18.7333 16.1553 16.133 15.4216 17.1487 15.3084 16.042 14.6708
threshold=48.500000000000007 15.549701194596327 55.657609310000005 0 1 11.545725545607636 2 13.709968535225853 11.500000000000002 -62.499999999999993 3 8.7657680000000031 37.425772500000008 14.500000000000002
decision_type=2 10 2 9 9 8 9 10 2 2 9 10 10 2
left_child=4 2 -2 -3 -1 9 7 -7 -5 -6 -11 12 -12 -4
right_child=1 3 13 8 5 6 -8 -9 -10 10 11 -13 -14 -15
leaf_value=1.2444003128262326 -0.0048368973697188265 0.80756139959662876 -0.72820067961542645 -0.82787301826668325 0.9546023009526835 -0.18057949476056362 0.017860601690878757 -1.1840801688496718 0.066973120494223756 0.31294070365255194 0.88210308187082354 0.047730663415546395 -0.24089432207108849 -2.883966835855492
leaf_weight=265 251 322 360 396 366 202 496 120 478 599 49 206 218 106
leaf_count=265 251 322 360 396 366 202 496 120 478 599 49 206 218 106
internal_value=-0.000486815 -0.00461378 -0.0107222 -0.000934112 0.00264659 0.0013398 -0.0037028 -0.0109851 -0.00423901 0.00421929 0.00178605 -0.00386831 -0.0102222 -0.0163753
internal_weight=4434 1913 717 1196 2521 2256 818 322 874 1438 1072 473 267 466
internal_count=4434 1913 717 1196 2521 2256 818 322 874 1438 1072 473 267 466
cat_boundaries=0 2 3 5 7
cat_threshold=1732772944 6 1476395140 2264991240 103 97673992 119
is_linear=0
shrinkage=0.04


Tree=55
num_leaves=15
num_cat=1
split_feature=1 20 23 1 6 0 26 6 10 18 7 26 19 19
split_gain=33.2915 30.6881 24.5359 22.4176 17.517 33.416 20.5474 16.4718 16.1966 20.121 13.9801 13.6206 15.1992 20.8953
threshold=121.50000000000001 4.5000000000000009 88.628312589000018 -206.49999999999997 55.651852825000006 0 1.3203287331048903 55.677199080000008 14.500000000000002 1725.2923839457028 37.727834429505698 1.6061401332668139 1352.6143904855194 501.44442199678844
decision_type=2 2 10 2 2 9 10 2 10 10 10 10 10 10
left_child=3 7 11 -1 8 6 -6 -2 -5 -10 -8 12 13 -3
right_child=1 2 -4 4 5 -7 10 -9 9 -11 -12 -13 -14 -15
leaf_value=3.303127576886165 -0.35219041386053107 0.3212754824342296 -2.1005516137312026 -0.21433467202540549 -1.8610658897919063 0.011293472545875651 -1.3861118098878089 -2.3338604166856736 0.92895934478270248 0.030675314232835406 0.35061214557597259 0.8642671835143706 0.38949329818764683 -1.0057553324251698
leaf_weight=62 58 86 227 177 94 1827 101 103 448 605 58 148 179 261
leaf_count=62 58 86 227 177 94 1827 101 103 448 605 58 148 179 261
internal_value=-0.000594997 -0.00676056 -0.00384956 0.00135111 0.00089345 -0.00134422 -0.0145865 -0.0226829 0.00467153 0.00655303 -0.00617284 0 -0.00302457 -0.00788571
internal_weight=4434 1062 901 3372 3310 2080 253 161 1230 1053 159 674 526 347
internal_count=4434 1062 901 3372 3310 2080 253 161 1230 1053 159 674 526 347
cat_boundaries=0 2
cat_threshold=2147488256 97
is_linear=0
shrinkage=0.04


Tree=56
num_leaves=15
num_cat=0
split_feature=1 25 6 8 8 25 6 18 5 8 8 5 17 5
split_gain=30.4543 25.2715 24.0778 32.9166 32.2311 25.9479 25.7142 20.0261 18.544 18.051 27.3236 17.5563 15.3931 17.2837
threshold=207.50000000000003 15.901192900991829 55.651852825000006 55.685454096347691 55.733418836703386 15.256229103232327 55.739211305000005 2278.7870921911676 37.480946415000012 55.749801858283043 55.802496500000011 37.732755915000006 60.500000000000007 37.755198300000011
decision_type=2 10 2 10 10 10 2 10 2 10 10 2 8 2
left_child=2 -2 12 5 6 8 -5 -7 -4 -6 -11 -3 -1 -14
right_child=1 11 3 4 9 7 -8 -9 -10 10 -12 -13 13 -15
leaf_value=0.46198694080060876 -2.7620658673681913 -0.99700875089830743 0.2278993099949139 0.13876792446405745 -0.56077255685741823 0.43887051070636918 3.3130128667191241 -0.42070945438269458 -1.7564507435586831 1.8338264693268358 -0.060022568545750284 2.3353138726515095 -0.26981249046496986 1.1984221404520792
leaf_weight=1179 157 333 40 791 384 183 105 219 272 116 301 47 272 35
leaf_count=1179 157 333 40 791 384 183 105 219 272 116 301 47 272 35
internal_value=-0.000504846 -0.00940741 0.000728205 -0.00173985 0.00129412 -0.00892608 0.00649611 -0.00217284 -0.0175238 -0.00452736 0.0012381 -0.00375979 0.00472801 -0.00322581
internal_weight=4434 537 3897 2411 1697 714 896 402 312 801 417 380 1486 307
internal_count=4434 537 3897 2411 1697 714 896 402 312 801 417 380 1486 307
is_linear=0
shrinkage=0.04


Tree=57
num_leaves=15
num_cat=2
split_feature=1 1 16 2 0 17 0 15 7 25 26 18 1 22
split_gain=30.6043 24.3475 19.8799 17.385 24.2895 16.9262 17.1766 21.4624 16.1462 14.634 14.4824 20.4227 16.4897 14.2932
threshold=297.50000000000006 -206.49999999999997 0.46291208791208799 665.53866950000008 0 15.500000000000002 1 8.9485114738748042 37.816259500000008 16.808058817343039 1.4538829711679992 4329.450273292935 44.500000000000007 331.3716874110001
decision_type=2 2 10 2 9 10 9 10 10 10 10 10 2 2
left_child=1 -1 -2 5 -5 -3 7 -7 -9 13 11 12 -8 -6
right_child=2 3 -4 4 9 6 10 8 -10 -11 -12 -13 -14 -15
leaf_value=3.1525229961786936 -0.7064227049435442 -0.47112613056321268 -7.1194937604471118 0.057925116339554279 -0.93547466672870416 1.3104718636611312 -0.013948879357758379 0.48107474497789043 -0.94510459751923692 0.0042231504810350366 0.29771386567956698 0.16532622290150592 -0.70413564723306821 0.044888173175337429
leaf_weight=62 185 69 73 647 492 243 552 359 73 244 710 222 387 116
leaf_count=62 185 69 73 647 492 243 552 359 73 244 710 222 387 116
internal_value=-0.000504846 0.000325437 -0.0137931 -5.82949e-05 -0.00348868 0.00190985 0.00244802 0.00784884 0.00257471 -0.00786127 0.00044586 -0.00230241 -0.00488323 -0.0112602
internal_weight=4434 4176 258 4114 1499 2615 2546 675 432 852 1871 1161 939 608
internal_count=4434 4176 258 4114 1499 2615 2546 675 432 852 1871 1161 939 608
cat_boundaries=0 2 4
cat_threshold=948307379 7 1313210692 6
is_linear=0
shrinkage=0.04


Tree=58
num_leaves=15
num_cat=3
split_feature=20 1 0 14 15 0 0 20 5 26 19 8 6 8
split_gain=28.2572 31.1516 30.0514 29.6277 29.1653 34.6056 32.9333 27.4278 17.806 15.7982 13.9742 13.2105 17.1761 14.0714
threshold=8.5000000000000018 258.50000000000006 0 2.2385714285714289 7.5672766089437831 1 2 4.5000000000000009 37.733575425000005 1.0471287187628102 1166.4235641450039 55.576096230814606 55.631811690000006 55.533200111526718
decision_type=2 2 9 10 8 9 9 2 2 10 10 10 2 8
left_child=1 4 -2 -4 5 -1 9 -3 -5 10 -6 13 -13 -8
right_child=2 7 3 8 6 -7 11 -9 -10 -11 -12 12 -14 -15
leaf_value=-0.17398687757842637 1.0539549287387378 -6.8853284444706233 -0.23086928944124027 0.036596353150881666 -1.5037573156781379 0.56532120760830451 0.79223544910431065 -0.5942244803968626 2.4992942025130924 -0.35965284562651845 -0.18757090344837893 0.89339905946252862 0.0095612629930184306 -1.9407571242808825
leaf_weight=347 499 73 114 381 121 523 48 226 37 921 78 193 795 78
leaf_count=347 499 73 114 381 121 523 48 226 37 921 78 193 795 78
internal_value=-0.000414695 -0.00217264 0.00537718 -0.0013211 -0.000978436 0.00522337 -0.00339741 -0.0144371 0.00361045 -0.00819064 -0.0184158 0.00149068 0.00306761 -0.0105426
internal_weight=4434 3403 1031 532 3104 870 2234 299 418 1120 199 1114 988 126
internal_count=4434 3403 1031 532 3104 870 2234 299 418 1120 199 1114 988 126
cat_boundaries=0 2 4 6
cat_threshold=1041297544 1 1629085993 8 2249830988 97
is_linear=0
shrinkage=0.04


Tree=59
num_leaves=15
num_cat=3
split_feature=1 1 25 20 0 25 0 18 8 3 3 0 18 7
split_gain=29.9004 22.812 22.5887 20.7395 19.075 18.5342 30.0207 26.0405 19.1099 19.0043 32.5418 24.3351 18.7591 16.8228
threshold=-44.499999999999993 297.50000000000006 17.707558439925833 4.5000000000000009 0 15.549701194596327 1 2433.2223448171876 55.733874678138072 21.500000000000004 12.500000000000002 2 1680.4999548773956 37.510428092734998
decision_type=2 2 10 2 9 10 9 8 10 2 2 9 10 10
left_child=2 5 4 -3 -1 6 -2 8 12 10 11 -7 -8 -12
right_child=1 3 -4 -5 -6 9 7 -9 -10 -11 13 -13 -14 -15
leaf_value=0.2566324248917789 -0.76378521464611171 -7.8164591401651684 -0.52190098269026963 -0.52012219924907643 1.20805259532396 0.3302504493072751 0.43155028351173236 -1.4669657783060921 -0.47921069650853021 -0.13965460584146486 1.1048930182299994 -0.27156568378548968 -0.37537375477080831 0.04037651802633551
leaf_weight=331 367 49 128 209 299 336 566 93 278 150 385 630 257 356
leaf_count=331 367 49 128 209 299 336 566 93 278 150 385 630 257 356
internal_value=-0.000594997 -0.00208752 0.00662286 -0.0134866 0.00973144 -0.00121602 -0.00442455 -0.00125932 0.000471014 0.00148387 0.00269006 -0.00214654 0.00353511 0.00897849
internal_weight=4434 3676 758 258 630 3418 1561 1194 1101 1857 1707 966 823 741
internal_count=4434 3676 758 258 630 3418 1561 1194 1101 1857 1707 966 823 741
cat_boundaries=0 2 3 5
cat_threshold=34107977 96 68780058 1092104232 38
is_linear=0
shrinkage=0.04


Tree=60
num_leaves=15
num_cat=0
split_feature=1 1 18 23 6 8 8 6 5 3 26 5 25 18
split_gain=28.4547 21.1072 20.4302 18.4064 17.8579 28.5972 34.5809 20.0461 19.3931 22.2309 16.2265 16.2116 16.1228 22.2585
threshold=-38.499999999999993 344.50000000000006 2291.090358845338 122.97837397900001 55.644023925000006 55.685836233507452 55.730982000000004 55.73777608000001 37.414099515000011 17.500000000000004 1.1458261609819023 37.524461600000009 15.207134779595426 2236.637232913175
decision_type=2 2 10 10 2 10 10 2 2 2 10 2 10 10
left_child=2 4 11 -3 -2 12 7 -7 -8 -10 -11 -1 -6 -14
right_child=1 3 -4 -5 5 6 8 -9 9 10 -12 -13 13 -15
leaf_value=2.1210988933729209 0.07279288084170972 -0.81623082320883467 -0.37867667276059025 -7.9559323216776585 -1.0243336023742313 0.11194251175576739 0.022516347302698435 3.3030477384012977 -0.68676334591576194 -0.094579751713491672 1.1568355354077522 0.47110168924764934 0.27102813373635315 -0.56551992541799445
leaf_weight=130 1169 135 218 43 296 600 322 76 431 44 49 469 184 268
leaf_count=130 1169 135 218 43 296 600 322 76 431 44 49 469 184 268
internal_value=-0.000631057 -0.0021547 0.00609756 -0.0154696 -0.00145264 -0.00351958 -0.000367213 0.0063623 -0.00574794 -0.0104744 0.00708333 0.00990033 -0.00990679 -0.0050989
internal_weight=4434 3617 817 178 3439 2270 1522 676 846 524 93 599 748 452
internal_count=4434 3617 817 178 3439 2270 1522 676 846 524 93 599 748 452
is_linear=0
shrinkage=0.04


Tree=61
num_leaves=15
num_cat=3
split_feature=20 1 0 15 0 0 1 14 20 25 8 2 18 8
split_gain=30.5676 28.8845 25.6887 25.2776 38.2587 24.847 20.244 19.3389 18.8631 17.3801 14.7604 14.4187 14.2023 13.7273
threshold=8.5000000000000018 292.50000000000006 0 7.5672766089437831 1 2 74.500000000000014 2.2385714285714289 4.5000000000000009 18.05515344602934 55.576096230814606 719.0834645000001 2922.850027470186 55.733418836703386
decision_type=2 2 9 8 9 9 2 10 2 10 10 2 8 10
left_child=1 3 -2 4 -1 9 -6 -4 -3 -5 12 -9 -7 -12
right_child=2 8 7 5 6 10 -8 11 -10 -11 13 -13 -14 -15
leaf_value=0.82331106076107929 0.98492809071334053 -7.2049687318780924 -0.17299699614460537 -0.70007735672743532 0.015630765667048758 5.4289299034062228 -1.4060467824988268 0.31330972016566139 -0.94509778371052078 0.030688849000282938 0.33837419125362173 -0.59798153628583606 -1.6334360216582988 -0.15129172623835274
leaf_weight=432 504 53 114 978 352 36 105 348 162 230 668 65 108 279
leaf_count=432 504 53 114 978 352 36 105 348 162 230 668 65 108 279
internal_value=-0.000414695 -0.0022431 0.00560928 -0.0012786 0.00443946 -0.00349262 -0.00365957 -0.000666667 -0.0163303 -0.00740377 0.000905797 0.00336538 -0.0108844 0.00273684
internal_weight=4434 3403 1031 3188 889 2299 457 527 215 1208 1091 413 144 947
internal_count=4434 3403 1031 3188 889 2299 457 527 215 1208 1091 413 144 947
cat_boundaries=0 2 4 6
cat_threshold=1041297544 64 2584090304 119 2249962060 97
is_linear=0
shrinkage=0.04


Tree=62
num_leaves=15
num_cat=0
split_feature=1 7 5 20 1 20 12 1 26 3 7 2 3 6
split_gain=29.253 18.3439 27.9903 21.5136 18.9877 16.2861 17.7892 23.0867 19.1896 14.8462 14.031 13.9468 14.8373 17.8192
threshold=-12.499999999999998 37.376489388900275 37.363783455000011 7.5000000000000009 162.50000000000003 9.5000000000000018 5.6214285714285728 -131.49999999999997 1.1207400807541721 7.5000000000000009 37.451894818804824 674.27329800000018 20.500000000000004 55.735930520000004
decision_type=2 8 2 2 2 2 8 2 10 2 10 2 2 2
left_child=5 2 -2 4 -3 6 7 -1 -9 -6 -11 12 13 -5
right_child=1 3 -4 11 9 -7 -8 8 -10 10 -12 -13 -14 -15
leaf_value=2.4868250658396427 -0.11916937302639252 -0.11518396372699645 3.0428990340451527 0.067426836451410163 -0.007880727541572697 1.9048877205674566 -0.0094010310295078621 -0.21959831691361331 0.74434058067661024 -3.6050574962691475 -1.1689527001966651 -0.28777674114546242 -0.17389720577267617 2.7653507350940743
leaf_weight=74 116 1148 80 815 92 82 761 130 172 101 204 440 122 97
leaf_count=74 116 1148 80 815 92 82 761 130 172 101 204 440 122 97
internal_value=-0.000522876 -0.00252331 0.00924623 -0.00329583 -0.00658915 0.00474632 0.00347368 0.0105541 0.0055082 -0.0141 -0.0183117 0.000162492 0.0027001 0.00445902
internal_weight=4434 3215 196 3019 1545 1219 1137 376 302 397 305 1474 1034 912
internal_count=4434 3215 196 3019 1545 1219 1137 376 302 397 305 1474 1034 912
is_linear=0
shrinkage=0.04


Tree=63
num_leaves=15
num_cat=0
split_feature=1 1 23 25 3 3 8 18 8 12 5 18 7 15
split_gain=26.6079 18.961 19.1777 15.8135 23.4105 33.3738 22.0917 19.477 17.6482 17.0878 16.7943 16.1685 17.0181 15.0013
threshold=-12.499999999999998 344.50000000000006 122.97837397900001 16.57696543240041 20.500000000000004 12.500000000000002 55.613873045332909 2090.2750309573198 55.644216597089816 25.013636363636369 37.550987865000003 575.07730537027703 37.415338067999095 11.647949254317359
decision_type=2 2 10 10 2 2 8 8 10 8 2 10 8 10
left_child=13 3 -3 6 5 8 -2 10 -5 -10 11 -8 -13 -1
right_child=1 2 -4 4 -6 -7 7 -9 9 -11 -12 12 -14 -15
leaf_value=0.45597079228968901 3.8869274213666247 -0.80530340654448029 -7.2906066244084649 -0.73081752489057439 -0.15978690929455672 0.58140784638762699 -0.3099955085061869 -0.86743083234469054 0.26792936488261893 -0.28118891908116977 -0.39224702747510604 -0.33013134482524636 0.8044019288681401 -0.11217605701202998
leaf_weight=796 57 135 43 260 204 552 173 287 343 116 600 173 272 423
leaf_count=796 57 135 43 260 204 552 173 287 343 116 600 173 272 423
internal_value=-0.000540906 -0.00244873 -0.0150276 -0.00169737 0.00127199 0.0032967 -0.0044984 -0.00543767 -0.00238227 0.00233766 -0.00321048 0.00141707 0.00544643 0.00448445
internal_weight=4434 3215 178 3037 1475 1271 1562 1505 719 459 1218 618 445 1219
internal_count=4434 3215 178 3037 1475 1271 1562 1505 719 459 1218 618 445 1219
is_linear=0
shrinkage=0.04


Tree=64
num_leaves=15
num_cat=2
split_feature=20 0 1 0 20 15 3 12 3 15 2 23 5 18
split_gain=24.4446 26.8071 25.3522 22.146 18.2801 17.4482 13.7997 14.5089 18.0319 13.6441 13.0704 14.92 24.7799 13.4694
threshold=8.5000000000000018 0 292.50000000000006 1 4.5000000000000009 8.2242114305097509 20.500000000000004 26.508333333333336 17.500000000000004 8.518973692978447 685.0731555000001 37.547116876000011 37.69952368500001 532.08024118662036
decision_type=2 9 2 9 2 10 2 10 2 10 2 10 2 10
left_child=2 -2 3 10 -4 -5 7 8 9 -3 11 13 -13 -1
right_child=1 6 4 5 -6 -7 -8 -9 -10 -11 -12 12 -14 -15
leaf_value=-1.0093287811791662 0.83483611919076961 -0.19785460325310722 -6.739068326044384 0.30433782763855649 -0.81574041382895246 -0.053376325819609993 -0.62322134963990783 -0.78685037734513208 1.8838421806725663 0.16740588042048807 -0.48562459001332797 -0.85982204212515811 0.072065877718051827 0.11163353927387533
leaf_weight=43 522 92 53 629 162 1303 78 38 77 224 360 203 230 420
leaf_count=43 522 92 53 629 162 1303 78 38 77 224 360 203 230 420
internal_value=-0.000396664 0.00499033 -0.00203171 -0.00112817 -0.0152294 0.00156298 -0.0016092 0.00119816 0.00353535 -0.000752351 -0.00523247 -0.00266963 -0.00798165 0.0023176
internal_weight=4434 1031 3403 3188 215 1932 509 431 393 316 1256 896 433 463
internal_count=4434 1031 3403 3188 215 1932 509 431 393 316 1256 896 433 463
cat_boundaries=0 2 4
cat_threshold=1041282184 65 607760461 96
is_linear=0
shrinkage=0.04


Tree=65
num_leaves=15
num_cat=1
split_feature=1 5 15 1 23 7 3 0 6 25 18 5 2 17
split_gain=23.28 18.9749 19.7071 18.2682 20.7615 14.7422 27.5747 15.947 18.2171 18.042 25.3948 14.5203 15.4866 13.1523
threshold=-38.499999999999993 37.524461600000009 11.647949254317359 344.50000000000006 122.97837397900001 37.379233439029967 21.500000000000004 0 55.644091925000005 15.429356692670728 2433.2223448171876 37.733575425000005 711.46575700000005 33.500000000000007
decision_type=2 2 10 2 10 8 2 9 2 10 10 2 2 10
left_child=1 -1 11 5 -5 6 -2 -7 -9 -10 -11 13 -13 -3
right_child=3 2 -4 4 -6 7 -8 8 9 10 -12 12 -14 -15
leaf_value=1.1958361756721778 1.4875097774045112 0.40963309971768497 -0.98414411974941352 -0.74046165372954309 -6.7294196263903512 0.018305991997876241 -0.36739356413469404 0.04885795441009172 -0.79908792702091236 0.32292909305957807 -0.23240347859799287 2.2179912121076679 -0.14187454537938238 -0.85468963525664754
leaf_weight=214 188 241 183 135 43 1676 40 499 450 224 362 96 38 45
leaf_count=214 188 241 183 135 43 1676 40 499 450 224 362 96 38 45
internal_value=-0.000378634 0.00570732 0.0020462 -0.00175691 -0.0141436 -0.00110401 0.00865801 -0.0018046 -0.00472868 -0.00777671 -0.00312394 0.00680851 0.0175182 0.0016609
internal_weight=4434 817 603 3617 178 3439 228 3211 1535 1036 586 420 134 286
internal_count=4434 817 603 3617 178 3439 228 3211 1535 1036 586 420 134 286
cat_boundaries=0 2
cat_threshold=2063623553 54
is_linear=0
shrinkage=0.04


Tree=66
num_leaves=15
num_cat=0
split_feature=1 1 23 2 7 3 3 7 8 6 10 1 12 18
split_gain=21.949 19.2804 21.574 15.0781 15.9268 14.4935 27.5042 19.2212 21.1153 26.2181 20.3597 16.896 14.3523 12.9343
threshold=-148.99999999999997 344.50000000000006 122.97837397900001 665.53866950000008 37.628703561807484 20.500000000000004 17.500000000000004 37.366927724435961 55.733728804094824 55.739211305000005 22.500000000000004 -11.499999999999998 4.4732142857142865 77.353514189835138
decision_type=2 2 10 2 8 2 2 8 8 2 8 2 10 10
left_child=12 3 -3 5 -5 6 7 -2 9 -9 -10 -7 -1 -6
right_child=1 2 -4 4 13 11 -8 8 10 -11 -12 -13 -14 -15
leaf_value=2.3162777893175566 2.6119393470043804 -0.71084318758036147 -6.460242841334737 -0.014548337315780353 0.48847150842741427 0.392008141338969 1.4784135987680123 0.022570740819226755 0.71827490148534279 3.3408432326158461 -0.5829875311179552 -0.21268352179412398 0.32411191276439921 -0.56695002784514015
leaf_weight=56 51 135 43 942 35 46 260 1637 43 74 316 185 103 508
leaf_count=56 51 135 43 942 35 46 260 1637 43 74 316 185 103 508
internal_value=-0.000378634 -0.000925666 -0.0137017 -0.000360976 -0.00357527 0.00146845 0.00239933 0.000885122 0.00027014 0.00212369 -0.00850829 -0.00803419 0.0140741 -0.00901099
internal_weight=4434 4275 178 4097 1485 2612 2381 2121 2070 1711 359 231 159 543
internal_count=4434 4275 178 4097 1485 2612 2381 2121 2070 1711 359 231 159 543
is_linear=0
shrinkage=0.04


Tree=67
num_leaves=15
num_cat=2
split_feature=20 0 1 0 20 16 18 18 25 6 16 2 18 18
split_gain=21.3643 24.912 22.079 24.1823 13.5909 13.0775 17.1402 12.8967 17.2844 15.7294 18.1192 11.4715 19.9385 13.3691
threshold=8.5000000000000018 0 178.50000000000003 1 4.5000000000000009 0.37638888888888894 1785.1042710487357 2504.6819105372656 17.185095251825427 55.55120938000001 0.072299651567944254 685.0731555000001 77.353514189835138 491.44254538134561
decision_type=2 9 2 9 2 8 10 8 10 2 8 2 10 10
left_child=2 -2 3 11 -4 6 -3 -5 -9 -10 -11 13 -13 -1
right_child=1 5 4 7 -6 -7 -8 8 9 10 -12 12 -14 -15
leaf_value=-0.62651746769164873 0.96954637014095824 1.7096467376135325 -3.1529257354563063 0.3312028783205721 -0.45866396175368496 -0.10745683853782251 -0.039202953846672474 -0.89646309362683863 -3.5385697423818865 -0.33403777107945948 0.07514571609670273 0.49372930623785677 -0.70074273984133839 -0.032844759540604541
leaf_weight=86 360 124 115 889 433 229 318 93 37 59 488 38 306 859
leaf_count=86 360 124 115 889 433 229 318 93 37 59 488 38 306 859
internal_value=-0.000432725 0.00460348 -0.00196124 -0.000545836 -0.0092922 -5.84795e-05 0.00395506 0.00278657 -0.00135294 0.00122658 0.00298182 -0.00457757 -0.0108357 -0.00232068
internal_weight=4434 1031 3403 2855 548 671 442 1566 677 584 547 1289 344 945
internal_count=4434 1031 3403 2855 548 671 442 1566 677 584 547 1289 344 945
cat_boundaries=0 1 3
cat_threshold=1041281032 658092104 97
is_linear=0
shrinkage=0.04


Tree=68
num_leaves=15
num_cat=1
split_feature=6 8 23 2 19 8 18 20 0 6 10 6 18 11
split_gain=19.7992 35.9245 28.5215 20.078 19.0764 17.3821 17.4498 17.2623 14.3087 13.4113 15.3965 13.1246 12.918 12.4521
threshold=55.651852825000006 55.667801000000004 93.045296628000017 722.44134250000013 1238.3856998548797 55.642883327811326 1831.8675232114649 3.5000000000000004 0 55.739211305000005 71.500000000000014 55.743238955000002 2900.7534832744345 2.7453935000000005
decision_type=2 10 10 2 10 8 10 2 9 2 10 2 10 10
left_child=5 4 3 7 -2 13 -7 -3 -9 10 -10 -11 -8 -1
right_child=1 2 -4 -5 -6 6 12 8 9 11 -12 -13 -14 -15
leaf_value=-0.39344629487669308 -1.4288546890292182 -0.81317247237209589 -0.33331515427434655 -0.50977707928178173 -0.38068496115084388 0.9855895004556271 -0.42298346404641862 -0.037049523135494554 0.37553586750549628 3.4270411370232496 0.0039671120348573029 0.12461804426345069 0.53362432827205386 0.10040886486841988
leaf_weight=138 202 63 642 206 141 265 145 476 205 65 464 231 121 1070
leaf_count=138 202 63 642 206 141 265 145 476 205 65 464 231 121 1070
internal_value=-0.000270453 -0.0024166 -0.000645435 0.00205487 -0.0144509 0.00305396 0.00906367 0.00366291 0.00457064 0.00732106 0.00422619 0.0144482 0.00178439 0.000396367
internal_weight=4434 2695 2352 1710 343 1739 531 1504 1441 965 669 296 266 1208
internal_count=4434 2695 2352 1710 343 1739 531 1504 1441 965 669 296 266 1208
cat_boundaries=0 2
cat_threshold=27422832 96
is_linear=0
shrinkage=0.04


Tree=69
num_leaves=15
num_cat=1
split_feature=6 8 20 23 6 0 26 23 25 6 23 26 25 8
split_gain=18.9134 26.9419 24.174 23.225 17.6704 16.1757 15.1382 16.6398 20.8837 14.8062 28.4008 12.5215 23.4103 19.9056
threshold=55.644023925000006 55.685310854836708 7.5000000000000009 68.534242578500013 55.643166990000005 0 1.2894334600185196 62.47222463100001 17.274615273207232 55.676956365000002 326.03959622300005 1.0843515637481884 20.565313567651746 55.614236166017264
decision_type=2 10 2 10 2 9 10 8 10 2 10 8 8 10
left_child=4 2 9 6 11 -4 7 8 -3 10 -2 -1 13 -13
right_child=1 3 5 -5 -6 -7 -8 -9 -10 -11 -12 12 -14 -15
leaf_value=0.37554547032634988 -1.1228493195991465 -0.71166860045944225 -0.53009784546556216 -0.24184086385778247 1.1923474616665808 0.092484388041805338 0.49968248114965719 0.80349208196167099 0.030392475522911744 -2.1396336130496763 0.70350620559307953 3.2918235348782581 -0.93057623068524864 0.022531368316878488
leaf_weight=469 176 221 241 640 80 380 668 69 338 158 36 119 253 586
leaf_count=469 176 221 241 640 80 380 668 69 338 158 36 119 253 586
internal_value=-0.000378634 -0.00225256 -0.00760563 0.000495101 0.00325828 -0.00275641 0.00357198 -0.00088748 -0.00320285 -0.0156568 -0.00855814 0.00220979 -0.000416233 0.00333333
internal_weight=4434 2927 991 1936 1507 621 1296 628 559 370 212 1427 958 705
internal_count=4434 2927 991 1936 1507 621 1296 628 559 370 212 1427 958 705
cat_boundaries=0 2
cat_threshold=2147508737 5
is_linear=0
shrinkage=0.04


Tree=70
num_leaves=15
num_cat=2
split_feature=1 0 23 1 7 6 6 20 0 1 3 19 9 26
split_gain=22.482 18.4409 15.9422 19.968 15.432 18.4509 15.3093 14.4133 14.3868 13.624 15.4955 11.5115 11.3385 11.0338
threshold=-12.499999999999998 0 88.628312589000018 344.50000000000006 37.376489388900275 55.804844150000008 55.660432050000004 9.5000000000000018 1 -219.49999999999997 5.5000000000000009 1519.6602895087672 20.750000000000004 1.6061401332668139
decision_type=2 9 10 2 8 2 2 2 9 2 2 8 8 10
left_child=1 12 4 6 -2 8 -4 9 11 -3 -11 13 -1 -6
right_child=2 7 3 -5 5 -7 -8 -9 -10 10 -12 -13 -14 -15
leaf_value=0.97888080055555082 1.1995346583347739 2.9698120246106048 0.065935581692087908 -5.3238376357737067 -0.40088547789267848 -0.80720637125635819 -0.50389869121520969 1.8579121873840723 0.064729222712151618 0.71953177934814561 -0.14721083945311519 0.083200542753462503 0.023586394648667124 0.050482610088719113
leaf_weight=254 140 36 385 58 619 65 431 58 1003 101 661 215 109 299
leaf_count=254 140 36 385 58 619 65 431 58 1003 101 661 215 109 299
internal_value=-0.000396664 0.00422259 -0.0021504 -0.00675029 -0.000426621 -0.00125227 -0.00507937 0.000920598 -0.00059841 -0.000499376 -0.0016732 -0.00366492 0.0115957 -0.00564604
internal_weight=4434 1219 3215 874 2341 2201 816 856 2136 798 762 1133 363 918
internal_count=4434 1219 3215 874 2341 2201 816 856 2136 798 762 1133 363 918
cat_boundaries=0 2 4
cat_threshold=3692430496 2 2216375009 83
is_linear=0
shrinkage=0.04


Tree=71
num_leaves=15
num_cat=2
split_feature=1 0 25 6 0 3 3 6 3 8 8 8 10 1
split_gain=21.1143 19.6364 19.0275 25.0447 22.8254 20.1093 17.2437 20.9045 16.7466 16.5996 23.7083 15.0028 14.0374 13.616
threshold=16.500000000000004 0 15.549701194596327 55.657609310000005 1 14.500000000000002 11.500000000000002 55.64949656000001 20.500000000000004 55.685310854836708 55.730982000000004 55.53902276284807 183.50000000000003 215.50000000000003
decision_type=2 9 10 2 9 2 2 2 2 10 10 10 10 2
left_child=1 -1 3 12 -4 9 -6 8 11 -5 -11 -8 -2 -9
right_child=2 -3 4 5 6 -7 7 13 -10 10 -12 -13 -14 -15
leaf_value=0.34994362652451172 -0.23836402908335058 0.0071175779506950226 0.59037162914820818 -1.0838587911770188 -0.53702136106077203 -2.1888634184763154 -0.92640883482990066 -0.13657228484124831 -1.0414052131370379 0.30708328544204577 -0.86929821227149717 1.2906253588910983 0.66066246755220048 -3.1633536076116888
leaf_weight=501 233 1553 360 114 470 137 50 200 57 194 169 234 113 49
leaf_count=501 233 1553 360 114 470 137 50 200 57 194 169 234 113 49
internal_value=-0.000324544 0.00264463 -0.00288712 -0.00722741 5.62193e-05 -0.0120583 -0.00290774 0.00161889 0.00802326 -0.00808333 -0.00382514 0.0119861 0.00137536 -0.00714286
internal_weight=4434 2054 2380 960 1420 614 1060 590 341 477 363 284 346 249
internal_count=4434 2054 2380 960 1420 614 1060 590 341 477 363 284 346 249
cat_boundaries=0 2 4
cat_threshold=2080506278 2 1712325720 6
is_linear=0
shrinkage=0.04


Tree=72
num_leaves=15
num_cat=1
split_feature=20 0 1 5 1 8 20 23 10 23 26 20 5 3
split_gain=20.1589 21.7237 18.3084 18.3832 22.2301 20.3955 17.5028 16.1355 20.614 19.674 15.9451 15.8738 18.0949 14.9483
threshold=8.5000000000000018 0 344.50000000000006 37.533866470000014 -51.499999999999993 55.572665257799649 4.5000000000000009 481.56170640000005 1.0000000180025095e-35 64.067189866000021 1.0055376635397781 6.5000000000000009 37.622113575000007 21.500000000000004
decision_type=2 9 2 2 2 10 2 8 10 10 10 2 2 2
left_child=2 -2 3 4 -1 -6 -4 9 -9 11 -7 -5 -13 -3
right_child=1 13 6 7 5 10 -8 8 -10 -11 -12 12 -14 -15
leaf_value=1.2388418333890849 0.80511638679462194 0.021217158287949473 -6.3742850643729572 -0.83953539529918009 -1.3207985992666336 -0.56431227199439238 -0.60130599246847427 -0.51861085986215705 0.52684908751604853 -0.85776821804777992 0.12639347998043121 -0.49165581829502353 0.047262892484892752 -0.79328601424012535
leaf_weight=145 475 517 40 276 143 119 98 49 202 339 1325 92 575 39
leaf_count=145 475 517 40 276 143 119 98 49 202 339 1325 92 575 39
internal_value=-0.000288483 0.00460348 -0.00177334 -0.00116279 0.00165994 0.00027673 -0.0158865 -0.00434896 0.00488189 -0.00616342 0.00171389 -0.00317125 0.000179104 -0.000843585
internal_weight=4434 1031 3403 3265 1732 1587 138 1533 251 1282 1444 943 667 556
internal_count=4434 1031 3403 3265 1732 1587 138 1533 251 1282 1444 943 667 556
cat_boundaries=0 2
cat_threshold=1041282184 64
is_linear=0
shrinkage=0.04


Tree=73
num_leaves=15
num_cat=3
split_feature=1 2 0 20 0 3 1 25 5 16 0 23 12 11
split_gain=19.0977 15.7019 20.4712 15.8476 17.5385 16.7357 15.0088 13.4966 18.2044 12.501 12.4534 12.9798 12.0439 10.2569
threshold=-156.49999999999997 665.53866950000008 0 8.5000000000000018 1 20.500000000000004 320.50000000000006 18.66985691983373 37.628237190000007 0.24037037037037037 2 58.452861869500005 4.4732142857142865 16.309283000000004
decision_type=2 2 9 2 9 2 2 10 2 10 9 10 10 10
left_child=12 3 6 4 13 10 -3 -4 -9 -7 11 -5 -1 -2
right_child=1 2 7 5 -6 9 -8 8 -10 -11 -12 -13 -14 -15
leaf_value=2.2081441959287509 -0.10102434395895742 0.095846812924410399 -0.58161682419289273 0.44370709842190276 0.10400297912507249 1.648325189108458 -4.4748493542234016 -0.10287894137920688 0.75215136789098491 -0.3989939686887351 1.1578202614429023 -0.41177594443504506 0.35408042890369845 -1.5179330767519283
leaf_weight=55 1026 638 667 122 1058 35 44 133 76 71 275 95 86 53
leaf_count=55 1026 638 667 122 1058 35 44 133 76 71 275 95 86 53
internal_value=-0.000162272 -0.000642458 -0.00384369 0.00118335 -0.000429907 0.0069218 0.00138129 -0.00782902 0.000943396 -0.00733945 0.0100202 0.00226087 0.0141667 -0.00399267
internal_weight=4434 4293 1558 2735 2137 598 682 876 209 106 492 217 141 1079
internal_count=4434 4293 1558 2735 2137 598 682 876 209 106 492 217 141 1079
cat_boundaries=0 2 4 6
cat_threshold=950142363 7 867930249 97 2172703393 36
is_linear=0
shrinkage=0.04


Tree=74
num_leaves=15
num_cat=0
split_feature=1 23 1 7 6 6 8 6 20 17 19 5 26 12
split_gain=19.1458 14.3109 23.9309 17.3121 16.8635 15.665 12.6375 23.7517 23.9905 20.2968 14.6868 14.0617 12.1011 12.0439
threshold=-156.49999999999997 64.067189866000021 314.50000000000006 37.376489388900275 55.660432050000004 55.804844150000008 55.685310854836708 55.650468480000008 7.5000000000000009 28.500000000000004 1486.4904750440917 37.737280210000009 1.0212905637561522 4.4732142857142865
decision_type=2 10 2 10 2 2 10 2 2 10 10 2 10 10
left_child=13 3 4 -2 -3 6 7 9 -9 -5 11 -11 -8 -1
right_child=1 2 -4 5 -6 -7 12 8 -10 10 -12 -13 -14 -15
leaf_value=2.1198184280916008 1.187854536836398 0.17064209130392896 -4.0583214204810494 0.41620307080695201 -0.26749857024898505 -0.67421273076532007 -0.33802632003375649 -1.568667065361429 -0.046094872163750758 -0.43264618501754742 0.42704560852640761 0.61804998236389597 0.16230445538742047 0.33991721174755041
leaf_weight=55 140 590 76 281 775 66 118 180 361 423 256 46 981 86
leaf_count=55 140 590 76 281 775 66 118 180 361 423 256 46 981 86
internal_value=-0.000180302 -0.00066108 -0.00390582 0.000980736 -0.00266082 0.000265193 0.000755002 -0.00157419 -0.00830882 0.00206145 -0.00148352 -0.00567797 0.00402904 0.0141667
internal_weight=4434 4293 1441 2852 1365 2712 2646 1547 541 1006 725 469 1099 141
internal_count=4434 4293 1441 2852 1365 2712 2646 1547 541 1006 725 469 1099 141
is_linear=0
shrinkage=0.04


Tree=75
num_leaves=15
num_cat=1
split_feature=1 1 23 0 1 24 2 5 1 26 8 25 6 5
split_gain=18.7389 16.0507 22.4857 12.9243 15.4681 14.5697 14.5596 14.1006 14.0241 11.7246 13.4013 27.5351 12.0551 11.9598
threshold=-206.49999999999997 344.50000000000006 136.80101731400003 0 -51.499999999999993 3247.7578368319596 665.53866950000008 37.737280210000009 -13.499999999999998 1.5030891161665489 55.730982000000004 16.930065011153847 55.733896435000005 37.833310065000006
decision_type=2 2 10 9 2 10 2 2 2 10 10 10 2 2
left_child=-1 3 -3 6 5 -5 7 -2 -9 13 12 -12 -11 -6
right_child=1 2 -4 4 9 -7 -8 8 -10 10 11 -13 -14 -15
leaf_value=2.4898162982031118 -0.042734537278801665 -0.5553345188720562 -5.536836509242419 1.0452950526984888 -0.065558100221492277 -0.69588459363707444 -0.29902488816689926 1.3184723557196312 0.091424702962242962 0.68203572026749215 -0.75538780153108709 0.66054927440659417 3.2668164475231669 1.1094567365234256
leaf_weight=62 1047 137 41 199 1483 35 655 54 122 252 156 75 57 59
leaf_count=62 1047 137 41 199 1483 35 655 54 122 252 156 75 57 59
internal_value=-0.000396664 -0.000713143 -0.0123757 -0.000209674 0.00178617 0.0114768 -0.00266526 -9.78793e-05 0.0102793 0.000690647 0.00574586 -0.00153846 0.0111538 -0.00108738
internal_weight=4434 4372 178 4194 2316 234 1878 1223 176 2082 540 231 309 1542
internal_count=4434 4372 178 4194 2316 234 1878 1223 176 2082 540 231 309 1542
cat_boundaries=0 2
cat_threshold=18477645 112
is_linear=0
shrinkage=0.04


Tree=76
num_leaves=15
num_cat=0
split_feature=6 8 23 19 2 16 17 18 10 26 6 8 9 8
split_gain=15.732 28.5907 19.6921 16.4189 15.1078 11.9714 11.5418 13.1741 25.4311 21.9268 14.6458 13.1053 13.6298 12.9363
threshold=55.651852825000006 55.667801000000004 88.628312589000018 1238.3856998548797 722.44134250000013 0.26120401337792648 76.500000000000014 1831.8675232114649 166.50000000000003 1.0843515637481884 55.640211270000002 55.585937171518616 27.750000000000004 55.620752877277333
decision_type=2 10 10 10 2 10 8 10 10 10 2 10 10 10
left_child=6 3 4 -2 -3 -6 7 8 10 13 -1 12 -11 -9
right_child=1 2 -4 -5 5 -7 -8 9 -10 11 -12 -13 -14 -15
leaf_value=-0.22351530945413409 -1.2510740623914847 0.098993895842217725 -0.27708838800168417 -0.31638145133561379 -0.0072145476901373162 -0.94534490309994967 -0.1717654299633557 0.99561571457679143 1.3283791457113348 -2.1524624838117625 0.71805241596732206 -0.019885078609056278 -0.12054346228338204 -0.0095810521754943097
leaf_weight=271 202 1480 672 141 117 83 101 218 239 109 181 345 70 205
leaf_count=271 202 1480 672 141 117 83 101 218 239 109 181 345 70 205
internal_value=-0.000414695 -0.00232765 -0.000747346 -0.0130636 0.00156863 -0.00866995 0.00254879 0.0033638 0.00755043 0.000294737 0.00193407 -0.00516129 -0.0138462 0.00704225
internal_weight=4434 2695 2352 343 1680 200 1739 1638 691 947 452 524 179 423
internal_count=4434 2695 2352 343 1680 200 1739 1638 691 947 452 524 179 423
is_linear=0
shrinkage=0.04


Tree=77
num_leaves=15
num_cat=0
split_feature=1 1 20 5 24 3 20 6 8 7 20 5 1 17
split_gain=18.8023 14.7604 22.4889 13.9457 21.4473 21.2253 17.6162 17.7869 20.2973 21.4841 18.3419 19.6018 16.8637 16.0193
threshold=-206.49999999999997 344.50000000000006 4.5000000000000009 37.416216135000006 348.07122113494921 21.500000000000004 9.5000000000000018 55.651852825000006 55.685310854836708 37.421857410558651 6.5000000000000009 37.624665930000006 -1.4999999999999998 15.500000000000002
decision_type=2 2 2 2 10 2 2 2 10 10 2 2 2 10
left_child=-1 3 -3 4 -2 13 7 -5 10 -10 11 -9 -8 -6
right_child=1 2 -4 6 5 -7 12 8 9 -11 -12 -13 -14 -15
leaf_value=2.3991642586531525 -1.1581785707065537 -5.8856048450045959 -0.30039139283413335 0.044898922979576102 -0.085914640042221199 -0.24836510381595975 1.5966330101074386 0.15777036936487648 -0.69723566912336732 0.010050459065560275 -0.38760443023339181 -2.5061759751942887 0.0013144288823674799 0.79935502922335899
leaf_weight=62 56 40 138 1490 69 54 99 43 193 1026 484 113 143 424
leaf_count=62 56 40 138 1490 69 54 99 43 193 1026 484 113 143 424
internal_value=-0.000432725 -0.000749714 -0.0119337 -0.000266857 0.00534653 0.00778182 -0.00121313 -0.00196897 -0.00457573 -0.00153846 -0.0103266 -0.0221384 0.00914286 0.0104032
internal_weight=4434 4372 178 4194 603 547 3591 3349 1859 1219 640 156 242 493
internal_count=4434 4372 178 4194 603 547 3591 3349 1859 1219 640 156 242 493
is_linear=0
shrinkage=0.04


Tree=78
num_leaves=15
num_cat=2
split_feature=1 1 20 7 3 20 0 6 3 0 5 1 11 18
split_gain=16.7273 13.6168 23.2914 12.7039 20.6931 15.2118 17.3573 22.5924 16.887 18.3382 14.1043 13.2758 14.3051 13.2172
threshold=-206.49999999999997 344.50000000000006 4.5000000000000009 37.379233439029967 21.500000000000004 7.5000000000000009 0 55.733896435000005 5.5000000000000009 1 37.423148145000006 -28.499999999999996 14.034242000000001 1785.1042710487357
decision_type=2 2 2 8 2 2 9 2 2 9 2 2 10 10
left_child=-1 3 -3 4 -2 8 7 10 11 -10 -7 -5 -13 -8
right_child=1 2 -4 5 -6 6 13 -9 9 -11 -12 12 -14 -15
leaf_value=2.3031976883070269 1.3456433468464639 -5.6501806512044119 -0.28837573712076819 1.225951933562438 -0.36500362102009903 -0.82074561172888494 0.34982938287310589 2.8083909613661966 -0.45498063591781601 -0.016470726616045966 0.33448106871341426 -0.056435055148949975 1.250089196278191 -0.11267199189287908
leaf_weight=62 198 40 138 49 40 57 311 128 880 813 633 213 35 837
leaf_count=62 198 40 138 49 40 57 311 128 880 813 633 213 35 837
internal_value=-0.000450755 -0.000749714 -0.0114917 -0.000285919 0.00863071 -0.000828492 0.00166582 0.00606498 -0.00329152 -0.00483491 0.00323232 0.00546667 0.00159363 -0.00151593
internal_weight=4434 4372 178 4194 238 3956 1966 818 1990 1693 690 297 248 1148
internal_count=4434 4372 178 4194 238 3956 1966 818 1990 1693 690 297 248 1148
cat_boundaries=0 1 3
cat_threshold=2115569032 1914646669 96
is_linear=0
shrinkage=0.04


Tree=79
num_leaves=15
num_cat=1
split_feature=1 1 20 5 24 6 0 3 26 10 5 13 26 6
split_gain=15.9239 13.8305 23.2914 13.6033 21.4473 16.4002 37.6854 16.3699 15.6202 14.2282 21.8389 18.8572 15.5105 20.553
threshold=-219.49999999999997 344.50000000000006 4.5000000000000009 37.416216135000006 348.07122113494921 55.651852825000006 0 21.500000000000004 1.7638753695707765 30.500000000000004 37.745139630000004 5.045238095238096 1.0771008145535317 55.642452590000012
decision_type=2 2 2 2 10 2 9 2 10 10 2 10 10 2
left_child=-1 3 -3 4 -2 9 8 -6 -7 -5 11 -11 -13 -14
right_child=1 2 -4 5 7 6 -8 -9 -10 10 -12 12 13 -15
leaf_value=2.5664915970997688 -1.0954517427395332 -5.4241734251562352 -0.27684070763593727 -0.15086466568368512 0.3846737013633228 -1.2442308169305409 -0.017072091486388524 -0.22833169441064904 -0.11765315516903342 0.58999838538591132 1.1222186625488482 0.32110182596487769 -0.68830339381087979 0.49576220771518875
leaf_weight=45 56 40 138 251 493 299 1620 54 103 297 72 335 444 187
leaf_count=45 56 40 138 251 493 299 1620 54 103 297 72 335 444 187
internal_value=-0.000414695 -0.000664845 -0.0114917 -0.000199336 0.00534653 -0.00112988 -0.00351605 0.00778182 -0.0142651 0.00191315 0.00355755 0.00230648 -0.000412797 -0.00410095
internal_weight=4434 4389 178 4211 603 3608 2022 547 402 1586 1335 1263 966 631
internal_count=4434 4389 178 4211 603 3608 2022 547 402 1586 1335 1263 966 631
cat_boundaries=0 2
cat_threshold=3221361156 97
is_linear=0
shrinkage=0.04


Tree=80
num_leaves=15
num_cat=2
split_feature=1 1 20 7 3 20 3 0 0 6 20 1 11 5
split_gain=15.974 13.7376 23.2914 12.5628 17.7385 13.7992 17.1963 16.9209 15.8363 20.8034 13.8874 12.8911 13.9075 12.8144
threshold=-219.49999999999997 344.50000000000006 4.5000000000000009 37.379233439029967 21.500000000000004 7.5000000000000009 5.5000000000000009 0 1 55.735930520000004 8.5000000000000018 -28.499999999999996 14.034242000000001 37.477560335000007
decision_type=2 2 2 8 2 2 2 9 9 2 2 2 10 2
left_child=-1 3 -3 4 -2 6 11 -8 9 10 -7 -5 13 -13
right_child=1 2 -4 5 -6 8 7 -9 -10 -11 -12 12 -14 -15
leaf_value=2.4638319332157779 1.2764306649180721 -5.2072064881499864 -0.26576707933049959 1.1533139208045042 -0.34127020840286909 -0.10735976095201466 -0.42610268644765797 -0.0097611735102221785 -0.027289350632267697 2.7954452858420384 0.73004622454144508 0.6452852616038629 1.2206849374744162 -0.33728542863248179
leaf_weight=45 198 40 138 49 40 321 872 835 1214 119 315 63 35 150
leaf_count=45 198 40 138 49 40 321 872 835 1214 119 315 63 35 150
internal_value=-0.000450755 -0.000701275 -0.0114917 -0.000237304 0.00863071 -0.000774648 -0.00310912 -0.00465497 0.00160243 0.00609375 0.00325509 0.00573333 0.00191235 -0.00203704
internal_weight=4434 4389 178 4211 238 3973 2004 1707 1969 755 636 297 248 213
internal_count=4434 4389 178 4211 238 3973 2004 1707 1969 755 636 297 248 213
cat_boundaries=0 2 3
cat_threshold=1914646541 98 2114983304
is_linear=0
shrinkage=0.04


Tree=81
num_leaves=15
num_cat=0
split_feature=1 1 20 5 26 14 6 25 5 18 1 3 1 5
split_gain=15.7742 12.5141 22.4403 12.2085 17.5179 18.4947 16.9395 14.9095 29.4974 23.1661 13.4037 13.1786 14.6819 14.3897
threshold=-219.49999999999997 356.50000000000006 4.5000000000000009 37.533866470000014 1.5030891161665489 10.717510944340214 55.637256620000009 18.78313428062496 37.624665930000006 2305.6356507737446 59.500000000000007 10.500000000000002 -69.499999999999986 37.686060040000008
decision_type=2 2 2 2 8 8 2 10 2 10 2 2 2 2
left_child=-1 3 -3 4 10 6 -6 9 -9 11 -2 -5 -13 -14
right_child=1 2 -4 7 5 -7 -8 8 -10 -11 -12 12 13 -15
leaf_value=2.3652786558871468 0.088229310143573131 -5.1427436138036704 -0.25513639615727957 0.085825072792788504 2.0676318861226757 1.1512688497332197 -0.21656204510420402 -0.11020418316737757 0.40731446588782205 -1.0986193894176566 -0.2102264218032866 0.3460921263073064 -1.0384198000375473 -0.2038802805598062
leaf_weight=45 847 38 118 580 47 302 172 169 311 228 806 208 142 421
leaf_count=45 847 38 118 580 47 302 172 169 311 228 806 208 142 421
internal_value=-0.000306513 -0.000555556 -0.0115723 -0.000141643 0.00194763 0.00832061 -0.000540541 -0.00234724 0.00380952 -0.0042225 -7.24638e-05 -0.00221566 -0.00563307 -0.00897527
internal_weight=4434 4389 156 4233 2174 521 219 2059 480 1579 1653 1351 771 563
internal_count=4434 4389 156 4233 2174 521 219 2059 480 1579 1653 1351 771 563
is_linear=0
shrinkage=0.04


Tree=82
num_leaves=15
num_cat=2
split_feature=1 0 3 25 3 1 8 5 0 13 20 1 3 14
split_gain=14.2536 15.9183 13.4513 20.7008 31.7173 23.0438 19.0271 18.9472 15.6321 12.6976 12.3237 10.7785 12.0928 10.7292
threshold=-12.499999999999998 0 20.500000000000004 18.66985691983373 12.500000000000002 314.50000000000006 55.613873045332909 37.649609960000006 1 22.784615384615389 9.5000000000000018 -206.49999999999997 10.500000000000002 7.8756578947368423
decision_type=2 9 2 10 2 2 8 2 9 10 2 2 2 8
left_child=1 9 3 5 7 6 -2 13 -8 10 11 -1 -13 -5
right_child=2 -3 -4 4 -6 -7 8 -9 -10 -11 -12 12 -14 -15
leaf_value=3.72898669534329 3.5823618343400292 0.37787371500365097 -0.20984778702158069 0.14547813975974233 0.61489249759061926 -3.6514308083684717 0.037321368050006382 0.68455179692427448 -0.29601534537234148 -1.4874588595359632 2.0594196723405207 0.3125399743588676 -0.2937374772494748 -0.54345901716949685
leaf_weight=35 65 509 295 68 492 58 664 89 1110 47 47 210 371 374
leaf_count=35 65 509 295 68 492 58 664 89 1110 47 47 210 371 374
internal_value=-0.000306513 0.00337152 -0.00170292 -0.000875813 0.0037037 -0.00334737 -0.00254072 -0.00307116 -0.00333146 -0.00055325 0.000900901 -0.000646204 -0.0019863 -0.00647191
internal_weight=4434 1219 3215 2920 1023 1897 1839 531 1774 710 663 616 581 442
internal_count=4434 1219 3215 2920 1023 1897 1839 531 1774 710 663 616 581 442
cat_boundaries=0 2 4
cat_threshold=596144907 97 830735746 39
is_linear=0
shrinkage=0.04


Tree=83
num_leaves=15
num_cat=1
split_feature=1 20 1 7 5 20 8 10 13 6 5 22 5 0
split_gain=14.283 23.2914 13.1929 12.7708 24.7052 25.1439 17.2465 29.1454 16.4171 16.171 14.9389 13.609 14.6807 14.3202
threshold=344.50000000000006 4.5000000000000009 -219.49999999999997 37.707137462107291 37.737280210000009 7.5000000000000009 55.742166093282563 72.500000000000014 0.55773809523809537 55.658633080000008 37.81759447000001 115.93281013400001 37.708057100000012 0
decision_type=2 2 2 8 2 2 10 10 10 2 2 2 2 9
left_child=2 -2 -1 11 5 -5 7 8 -6 -7 -8 13 -13 -4
right_child=1 -3 3 4 6 9 10 -9 -10 -11 -12 12 -14 -15
leaf_value=2.1215080418379295 -4.7731734118725306 -0.17043703037065364 -0.51396149532358082 -1.7359777014088307 -0.45821158719282085 0.23476489021619515 -1.4043693208112007 1.0256360541271867 0.51899896503498466 -1.1778562954634331 -0.0005216452564493412 0.10997387627828943 1.3264384550071422 0.0081850652642445707
leaf_weight=45 40 138 133 202 95 150 55 207 61 100 100 939 43 2126
leaf_count=45 40 138 133 202 95 150 55 207 61 100 100 939 43 2126
internal_value=-0.000486815 -0.0114917 -1.87838e-05 -0.000256289 -0.00427544 -0.0110769 0.00168906 0.00644809 -0.00654088 -0.00252964 -0.00936709 0.000949445 0.0048731 -0.000760389
internal_weight=4434 178 4256 4211 970 452 518 363 156 250 155 3241 982 2259
internal_count=4434 178 4256 4211 970 452 518 363 156 250 155 3241 982 2259
cat_boundaries=0 1
cat_threshold=98832
is_linear=0
shrinkage=0.04


Tree=84
num_leaves=15
num_cat=2
split_feature=2 0 1 5 0 1 25 20 19 16 6 6 22 3
split_gain=14.3766 19.0431 15.0739 14.7733 14.1901 13.4988 12.2661 9.2977 9.94491 9.65099 9.42504 14.2707 14.0905 10.2603
threshold=665.53866950000008 0 -89.499999999999986 37.727934540000007 1 320.50000000000006 18.66985691983373 8.5000000000000018 697.70567889147105 0.60232558139534886 55.676956365000002 55.732494605000007 91.371687411000011 15.500000000000002
decision_type=2 9 2 2 9 2 10 2 10 8 2 2 2 2
left_child=2 6 3 -1 -4 -3 -2 8 10 -9 12 -12 -6 -14
right_child=1 5 4 -5 7 -7 -8 9 -10 -11 11 -13 13 -15
leaf_value=0.28119610706355502 -0.5502665402380339 0.03411547659170245 0.20518076289217363 1.7775528415967905 -0.14703156764161179 -3.6127888989690895 0.023789892109058287 0.36900185360597704 -0.25511630392217077 -0.11663104651810187 -0.99493371761115557 0.048254508251897123 0.87984404833315832 -0.010545067869663144
leaf_weight=179 580 830 868 75 99 41 168 289 783 79 123 145 124 51
leaf_count=179 580 830 868 75 99 41 168 289 783 79 123 145 124 51
internal_value=-0.000378634 -0.00337855 0.00134847 0.0105837 0.000421217 0.000678733 -0.00798949 -0.00171161 -0.00328313 0.0038814 0.000880734 -0.00442804 0.00606498 0.012809
internal_weight=4434 1619 2815 254 2561 871 748 1693 1325 368 542 268 274 175
internal_count=4434 1619 2815 254 2561 871 748 1693 1325 368 542 268 274 175
cat_boundaries=0 2 4
cat_threshold=3326669412 68 1212990784 22
is_linear=0
shrinkage=0.04


Tree=85
num_leaves=15
num_cat=3
split_feature=1 20 1 2 0 0 25 6 8 0 25 18 13 1
split_gain=14.7548 23.2914 12.9564 11.3906 21.2808 12.2381 9.6178 9.47825 13.6713 11.2606 11.4859 9.77438 8.91323 9.3439
threshold=344.50000000000006 4.5000000000000009 -219.49999999999997 665.53866950000008 0 1 38.882309675981894 55.651852825000006 55.640888342827573 2 18.400096073364384 1445.4536454116919 16.428333333333338 -14.499999999999998
decision_type=2 2 2 2 9 9 10 2 10 9 10 10 10 2
left_child=2 -2 -1 5 -5 6 -4 8 -6 -9 11 -11 13 -10
right_child=1 -3 3 4 7 -7 -8 9 12 10 -12 -13 -14 -15
leaf_value=1.965545606500541 -4.4962338384993705 -0.14751189227262362 0.35908087525736998 0.16572516273081828 -0.34527809826835026 -0.010577228580739301 -0.1418718782599033 -0.078675548729618211 1.2687766276729906 -0.43511223372496433 0.0083739316487794844 -1.8175030765850431 -0.60240615327386526 0.2810060008928002
leaf_weight=45 40 138 940 392 238 1679 60 326 39 152 77 153 44 111
leaf_count=45 40 138 940 392 238 1679 60 326 39 152 77 153 44 111
internal_value=-0.000306513 -0.0114917 0.000169054 -6.64452e-05 -0.00281433 0.00150634 0.00497532 -0.00555074 -0.00091954 -0.00843882 -0.012962 -0.0167532 0.00690355 0.0115033
internal_weight=4434 178 4256 4211 1532 2679 1000 1140 432 708 382 305 194 150
internal_count=4434 178 4256 4211 1532 2679 1000 1140 432 708 382 305 194 150
cat_boundaries=0 1 3 5
cat_threshold=815924617 1330398528 6 18096180 6
is_linear=0
shrinkage=0.04


Tree=86
num_leaves=15
num_cat=1
split_feature=1 20 23 8 5 7 3 1 3 8 8 8 0 24
split_gain=13.5383 22.2097 16.3218 14.2406 12.1776 11.9903 24.5466 11.2154 10.5558 21.555 16.3514 9.86225 21.2807 22.6424
threshold=207.50000000000003 4.5000000000000009 233.47129121350005 55.655300962443029 37.504429775000013 37.373646810293664 21.500000000000004 -219.49999999999997 18.500000000000004 55.620752877277333 55.559562500000006 55.733418836703386 0 3580.6637649725194
decision_type=2 2 10 10 2 10 2 2 2 10 10 10 9 10
left_child=5 -2 3 8 -5 6 -1 -7 9 10 -3 12 13 -9
right_child=1 2 -4 4 -6 7 -8 11 -10 -11 -12 -13 -14 -15
leaf_value=1.5128177908804405 -2.9000427467539658 -0.93073931743939509 -3.0901537780973602 -0.0046958038927778032 1.7731266244749129 1.8869237822405194 -0.43878932647992025 1.1959230210950811 -3.1660420818266859 -1.8660555353849959 1.3302457365745 -0.12392974805028076 -0.018656934785848876 -0.09957871197507899
leaf_weight=151 90 67 57 81 67 45 38 342 39 69 67 639 2387 295
leaf_count=151 90 67 57 81 67 45 38 342 39 69 67 639 2387 295
internal_value=-0.000360604 -0.0062963 -0.00257778 0.000407125 0.0100662 0.000461538 0.0102083 -4.31151e-05 -0.00555102 -0.00174757 0.00759124 -0.000294599 0.00066072 0.00707692
internal_weight=4434 537 447 390 148 3897 189 3708 242 203 134 3663 3024 637
internal_count=4434 537 447 390 148 3897 189 3708 242 203 134 3663 3024 637
cat_boundaries=0 1
cat_threshold=2122318272
is_linear=0
shrinkage=0.04


Tree=87
num_leaves=15
num_cat=1
split_feature=1 8 7 14 19 7 26 25 14 16 6 15 0 16
split_gain=11.8615 19.9296 15.235 16.5164 17.4224 12.7037 12.5909 14.4682 13.9454 17.8013 15.0855 12.3822 16.3108 13.9888
threshold=51.500000000000007 55.5422312135616 37.376489388900275 27.440692640692646 1519.6602895087672 37.302174287255433 1.4759194806216192 18.78313428062496 7.6898717948717961 0.59234892787524374 55.673303265000008 11.545725545607636 0 0.19538706256627789
decision_type=2 8 10 8 10 10 10 10 10 10 2 10 9 10
left_child=1 -1 5 4 6 -2 8 -8 9 -4 -11 -3 13 -13
right_child=2 11 3 -5 -6 -7 7 -9 -10 10 -12 12 -14 -15
leaf_value=5.0056978512545545 -0.6842415339766913 0.078523055945588671 0.89936332791435802 -1.1243988985048032 0.42257584781858848 2.8042133061054453 -0.10022137674205851 1.3667761171738522 -0.71337652505712845 0.27989318948151498 -1.0752809842722693 0.038647083851521186 0.029716008895860641 -0.93908708528848994
leaf_weight=50 36 1590 47 71 239 61 418 86 635 150 124 130 582 215
leaf_count=50 36 1590 47 71 239 61 418 86 635 150 124 130 582 215
internal_value=-0.000378634 0.00138521 -0.00280214 -0.00365482 -0.00284371 0.0124 -0.00448394 0.000631164 -0.00717414 -0.00037037 -0.00433213 0.000873016 -0.0027957 -0.00949721
internal_weight=4434 2567 1867 1770 1699 97 1460 504 956 321 274 2517 927 345
internal_count=4434 2567 1867 1770 1699 97 1460 504 956 321 274 2517 927 345
cat_boundaries=0 2
cat_threshold=121733832 103
is_linear=0
shrinkage=0.04


Tree=88
num_leaves=15
num_cat=2
split_feature=23 6 14 10 3 23 0 20 7 7 24 8 0 6
split_gain=11.9645 14.446 11.6216 17.1472 11.1944 12.822 12.2225 13.1967 13.1388 15.3681 12.0937 11.8266 10.8367 9.924
threshold=64.067189866000021 55.660432050000004 15.103571428571431 5.5000000000000009 2.5000000000000004 64.067189866000021 0 5.5000000000000009 37.376489388900275 37.411669254511359 2985.0235419619098 55.805895063876655 1 55.680448115000011
decision_type=10 2 8 10 2 8 9 2 10 10 10 10 9 2
left_child=4 2 3 -2 -1 6 -6 11 -9 -10 -11 -8 -3 -14
right_child=1 12 -4 -5 5 -7 7 8 9 10 -12 -13 13 -15
leaf_value=-0.42642662776369095 -0.69047159860364515 0.00024166412089027923 -0.43574676120145639 0.50370195748406621 -0.034847302268527953 1.0235560664426067 -0.5791666441153609 2.1971286932022314 -0.53206381256623059 0.71247364034759431 0.029867944900787424 0.10837267306317948 -1.7075186794358705 -0.32691380404657261
leaf_weight=98 77 278 171 403 1147 61 177 86 96 486 756 36 104 458
leaf_count=98 77 278 171 403 1147 61 177 86 96 486 756 36 104 458
internal_value=-0.000270453 -0.00318608 0.0012844 0.00447205 0.00120842 0.00167135 0.00126301 0.00346667 0.00487737 0.0038777 0.00507631 -0.00574074 -0.00664294 -0.00973913
internal_weight=4434 1491 651 480 2943 2845 2784 1637 1424 1338 1242 213 840 562
internal_count=4434 1491 651 480 2943 2845 2784 1637 1424 1338 1242 213 840 562
cat_boundaries=0 2 4
cat_threshold=2778796659 113 562300000 2
is_linear=0
shrinkage=0.04


Tree=89
num_leaves=15
num_cat=1
split_feature=20 5 6 0 18 8 23 6 3 26 7 5 8 26
split_gain=11.804 14.1666 18.9885 34.6914 18.3317 23.5929 15.6896 15.0862 14.1629 13.9985 12.2764 14.1993 11.9267 14.0992
threshold=9.5000000000000018 37.416216135000006 55.651852825000006 0 880.40826239612227 55.802496500000011 120.91653547100002 55.720196035000008 20.500000000000004 1.7638753695707765 37.859490795218647 37.566972185000004 55.642883327811326 1.0748866175191691
decision_type=2 2 2 9 10 10 10 2 2 10 10 2 10 8
left_child=1 4 12 9 -1 7 -5 -6 -2 -4 11 -8 13 -3
right_child=8 2 3 6 5 -7 10 -9 -10 -11 -12 -13 -14 -15
leaf_value=-0.27964349799257376 1.1244345660885069 0.29826435082885083 -1.1889852694363741 0.0091369683088940515 0.019210639952728457 -0.026542895963373642 -0.0149648302468316 2.2999307448293971 -0.16716264169163964 -0.097681638713511917 0.39393975298251455 -1.2837986277937909 0.33584388178717078 -0.12250425530201016
leaf_weight=150 205 340 321 1225 87 185 90 186 72 98 58 157 484 776
leaf_count=150 205 340 321 1225 87 185 90 186 72 98 58 157 484 776
internal_value=-0.000378634 -0.000913462 -0.00188063 -0.00452869 0.00471358 0.00867679 -0.00165911 0.016087 0.00757143 -0.014537 -0.00974026 -0.0136 0.00134747 -0.000929401
internal_weight=4434 4157 3549 1949 608 458 1530 273 277 419 305 247 1600 1116
internal_count=4434 4157 3549 1949 608 458 1530 273 277 419 305 247 1600 1116
cat_boundaries=0 2
cat_threshold=3221623300 97
is_linear=0
shrinkage=0.04


Tree=90
num_leaves=15
num_cat=4
split_feature=1 23 1 0 24 25 0 3 3 0 0 6 8 3
split_gain=13.4544 10.7696 10.4964 20.4908 19.0085 14.3286 20.1539 15.5739 22.9046 23.0528 20.4914 14.7467 19.6659 13.6403
threshold=377.50000000000006 118.45286186950001 -51.499999999999993 0 3147.8500417510754 15.497220382494056 1 11.500000000000002 20.500000000000004 2 3 55.657609310000005 55.665887676496162 12.500000000000002
decision_type=2 10 2 9 10 10 9 2 2 9 9 2 10 2
left_child=2 -2 3 -1 -5 6 -4 10 9 -9 -7 -8 -13 -14
right_child=1 -3 5 4 -6 7 11 8 -10 -11 -12 12 13 -15
leaf_value=-0.073571234571332383 -0.40642462655643241 -7.2392562521985395 -0.35096745915896532 1.1841629765061126 -0.47400172474669716 0.34167198192226778 0.47307045936860376 1.2595174375148406 -0.097602733698574085 0.041791395326318828 -0.28270213349458545 -1.3537095525222957 0.2416265056666525 -0.49083961363739265
leaf_weight=366 88 36 843 269 59 233 283 353 255 459 701 54 266 169
leaf_count=366 88 36 843 269 59 233 283 353 255 459 701 54 266 169
internal_value=-0.000396664 -0.0132283 -1.85486e-05 0.00447633 0.0114956 -0.000884222 -0.00368356 0.00137725 0.0046729 0.00795092 -0.00239061 0.00101911 -0.00317073 -0.000273973
internal_weight=4434 124 4310 694 328 3616 1615 2001 1067 812 934 772 489 435
internal_count=4434 124 4310 694 328 3616 1615 2001 1067 812 934 772 489 435
cat_boundaries=0 2 3 5 6
cat_threshold=50360841 97 3860570691 2650932288 7 1662582793
is_linear=0
shrinkage=0.04


Tree=91
num_leaves=15
num_cat=1
split_feature=1 20 1 0 1 2 15 25 18 6 8 26 18 10
split_gain=12.7898 22.4403 9.7172 10.4537 12.8531 12.0197 14.4592 12.2155 14.1646 14.0079 13.2756 11.8727 19.6969 11.763
threshold=356.50000000000006 4.5000000000000009 -183.99999999999997 0 48.500000000000007 665.53866950000008 14.080400535707158 18.179871361859899 47.469483283395512 55.646745290000005 55.640888342827573 1.4759194806216192 1200.7064069956539 224.50000000000003
decision_type=2 2 2 9 2 2 8 10 10 2 10 10 10 10
left_child=2 -2 -1 4 -4 6 -5 8 -7 10 -10 -6 -13 -9
right_child=1 -3 3 5 11 7 -8 13 9 -11 -12 12 -14 -15
leaf_value=1.2278387496377454 -4.1578412856251932 -0.1913316979940429 0.17968869046959327 0.04342471509360394 -0.17070342677292061 0.3927060816316339 -0.37899269492974397 0.2087093556613997 -0.44476230583503373 -0.9729545571430086 0.31709585490983389 -0.3811631298926389 1.6929229243600883 -0.33017051236227402
leaf_weight=92 38 118 775 1393 660 37 211 150 155 374 120 129 106 76
leaf_count=92 38 118 775 1393 660 37 211 150 155 374 120 129 106 76
internal_value=-0.000432725 -0.0115723 -1.86872e-05 -0.000305562 0.00213904 -0.00192962 0.000149347 -0.00559563 -0.00824383 -0.0096319 -0.00273381 -0.00111359 0.00655462 0.00244541
internal_weight=4434 156 4278 4186 1670 2516 1604 912 686 649 275 895 235 226
internal_count=4434 156 4278 4186 1670 2516 1604 912 686 649 275 895 235 226
cat_boundaries=0 2
cat_threshold=2024015292 6
is_linear=0
shrinkage=0.04


Tree=92
num_leaves=15
num_cat=0
split_feature=1 23 11 5 26 22 8 6 5 25 18 1 19 8
split_gain=12.2018 11.6588 11.8554 10.2275 16.5447 13.8383 11.648 13.1324 11.1725 15.3173 23.2781 18.2557 14.9306 13.129
threshold=377.50000000000006 78.156389253 8.819207500000001 37.533866470000014 1.5030891161665489 115.93281013400001 55.734335456969006 55.739211305000005 37.622113575000007 18.883697510217043 2236.637232913175 -45.499999999999993 847.58846170106563 55.72920400000001
decision_type=2 10 10 2 10 2 10 2 2 10 10 2 10 10
left_child=3 2 -2 4 5 -1 7 -6 12 10 11 -10 -5 -11
right_child=1 -3 -4 8 6 -7 -8 -9 9 13 -12 -13 -14 -15
leaf_value=-0.12648726879250519 0.35244197609155542 -4.6185090869608549 -2.673781314800673 -0.019248964240321693 0.7487430156722692 0.13565987691255202 -0.10104490859232469 3.7211898546021267 0.49625203497473819 0.071172900496190974 -0.87051330508149849 -0.15226510089392314 -1.0583390099845531 3.4820781242127441
leaf_weight=1075 46 43 35 165 359 598 119 53 374 302 232 876 88 69
leaf_count=1075 46 43 35 165 359 598 119 53 374 302 232 876 88 69
internal_value=-0.000378634 -0.0125984 -0.00333333 -1.85486e-05 0.00188491 -7.1599e-05 0.00801498 0.0111807 -0.00201043 -0.000926724 -0.00274747 -0.000574621 -0.00984375 0.00631016
internal_weight=4434 124 81 4310 2204 1673 531 412 2106 1853 1482 1250 253 371
internal_count=4434 124 81 4310 2204 1673 531 412 2106 1853 1482 1250 253 371
is_linear=0
shrinkage=0.04


Tree=93
num_leaves=15
num_cat=3
split_feature=23 0 20 2 0 0 5 7 18 16 14 14 19 24
split_gain=10.9637 11.2961 11.0683 10.1061 14.7143 12.6188 19.0432 10.106 9.00827 8.83921 19.5907 8.7247 8.09394 7.53803
threshold=64.067189866000021 0 9.5000000000000018 685.0731555000001 1 2 37.733575425000005 37.509372821597346 1423.8304959552772 0.32071428571428579 9.3169444444444469 13.047406116918314 1540.0233739297782 1984.1461534624107
decision_type=10 9 2 2 9 9 2 10 10 10 10 10 8 10
left_child=3 8 -3 5 12 6 7 -1 -2 -6 -11 -8 -5 -9
right_child=1 2 -4 4 9 -7 11 13 -10 10 -12 -13 -14 -15
leaf_value=0.061007147473448459 0.21607138595533151 -0.34217392891275905 0.66187043925421551 -0.47059107645451875 0.19366916887594707 0.21940014646958136 0.063730183007640731 0.27794205147336098 -0.15211785788173265 0.035098735152658156 -1.4102729751730647 1.9770849890203528 0.15289292129141308 -0.29421103269862597
leaf_weight=276 321 838 54 284 363 1349 45 40 278 121 64 35 55 311
leaf_count=276 321 838 54 284 363 1349 45 40 278 121 64 35 55 311
internal_value=-0.000234393 -0.00302544 -0.00583425 0.00118126 -0.00238202 0.00271977 -0.00161111 -0.004 0.00124183 0.00171123 -0.00531915 0.0163855 -0.00875 -0.00847458
internal_weight=4434 1491 892 2943 887 2056 707 627 599 548 185 80 339 351
internal_count=4434 1491 892 2943 887 2056 707 627 599 548 185 80 339 351
cat_boundaries=0 2 4 6
cat_threshold=2846103520 3 3256705632 66 27497363 65
is_linear=0
shrinkage=0.04


Tree=94
num_leaves=15
num_cat=4
split_feature=1 24 0 25 1 0 3 3 0 0 8 3 14 1
split_gain=11.9984 18.6868 14.8775 13.1172 19.3118 18.3673 14.0323 24.4108 19.1063 16.9907 13.7428 13.6736 11.7964 10.9634
threshold=-51.499999999999993 3018.6436380232303 0 15.497220382494056 207.50000000000003 1 11.500000000000002 20.500000000000004 2 3 55.5422312135616 8.5000000000000018 21.388871951219517 -11.499999999999998
decision_type=2 10 9 8 2 9 2 2 9 9 8 2 10 2
left_child=1 2 -1 4 5 -2 8 9 -5 10 -8 -6 -7 -9
right_child=3 -3 -4 6 11 12 7 13 -10 -11 -12 -13 -14 -15
leaf_value=-0.024943359957798776 -0.25797951870518687 -0.29286505871942081 1.0100274138820964 0.28144222887175963 0.16704475082345993 0.0016404448956046558 -0.80314964365320562 0.43406098357946915 -0.31788458083630017 0.037604141229888831 1.2349403740765248 -2.1874281973716414 0.67863009504366578 -0.20507203344514197
leaf_weight=218 751 176 300 325 39 664 44 37 634 494 327 112 77 236
leaf_count=218 751 176 300 325 39 664 44 37 634 494 327 112 77 236
internal_value=-0.000342574 0.00447633 0.00829175 -0.00123965 -0.00391252 -0.00251505 0.000857143 0.00385627 -0.0027027 0.00714286 0.0134375 -0.0174026 0.00196286 -0.00652174
internal_weight=4434 694 518 3740 1643 1492 2097 1138 959 865 371 151 741 273
internal_count=4434 694 518 3740 1643 1492 2097 1138 959 865 371 151 741 273
cat_boundaries=0 2 3 5 7
cat_threshold=33583688 33 3860574307 1629040680 36 2650833984 7
is_linear=0
shrinkage=0.04


Tree=95
num_leaves=15
num_cat=0
split_feature=1 20 5 7 1 26 18 1 24 25 6 8 20 8
split_gain=12.8313 22.4403 10.3999 21.741 18.7165 14.2462 27.2986 14.0236 12.8816 12.6226 11.636 19.1979 13.4728 12.9335
threshold=356.50000000000006 4.5000000000000009 37.473681185000011 37.469323520678152 7.5000000000000009 1.3267151063579281 1214.3765688020974 274.00000000000006 348.07122113494921 19.364021718922558 55.651852825000006 55.675960246177169 5.5000000000000009 55.642883327811326
decision_type=2 2 2 10 2 10 10 2 10 10 2 10 2 10
left_child=2 -2 3 4 8 7 -7 -6 -1 -10 13 -12 -13 -4
right_child=1 -3 10 -5 5 6 -8 -9 9 -11 11 12 -14 -15
leaf_value=-0.24472507273090699 -3.8903585486326517 -0.14770204795779221 -0.034887329058891609 1.0051954230913331 -0.52366666154363029 -0.5791815938628736 1.5078439254544285 0.51538844564578623 1.8062967146791999 0.0016791722115176658 -0.5866668677154564 -0.37236635177564936 0.015102558821900588 0.32605084249376631
leaf_weight=44 38 118 764 190 387 155 164 56 213 135 379 200 1076 515
leaf_count=44 38 118 764 190 387 155 164 56 213 135 379 200 1076 515
internal_value=-0.000414695 -0.0115723 0 0.00291017 0.000829732 -0.00282353 0.00360248 -0.00744395 0.00789873 0.0104843 -0.0013347 -0.00354644 -0.00118843 0.00152886
internal_weight=4434 156 4278 1344 1154 762 319 443 392 348 2934 1655 1276 1279
internal_count=4434 156 4278 1344 1154 762 319 443 392 348 2934 1655 1276 1279
is_linear=0
shrinkage=0.04


Tree=96
num_leaves=15
num_cat=0
split_feature=1 20 5 20 1 24 1 24 10 5 6 23 2 24
split_gain=11.7398 23.3409 10.3999 11.4106 12.0549 11.1258 12.3671 10.9129 12.1016 10.8565 12.4524 15.2447 13.1181 12.7968
threshold=356.50000000000006 4.5000000000000009 37.473681185000011 9.5000000000000018 -1.4999999999999998 348.07122113494921 7.5000000000000009 3682.1274667301991 66.500000000000014 37.861603420000009 55.646745290000005 58.452861869500005 685.0731555000001 198.08896226458458
decision_type=2 2 2 2 2 10 2 10 10 2 2 10 2 10
left_child=2 -2 5 9 -5 -1 7 8 -7 10 -4 12 -12 -13
right_child=1 -3 3 4 -6 6 -8 -9 -10 -11 11 13 -14 -15
leaf_value=-0.60236001235300185 -3.7347442066873455 -0.14179396603948077 0.024997988465713803 1.4227340137460665 -0.0093679368831867289 2.5527121750870601 0.041371069154001107 0.018187697525286151 0.96444959823799425 1.0684194011427461 0.023657392107140116 0.31429663581297901 -0.37188287672406417 -0.65083999506147172
leaf_weight=66 38 118 1087 96 123 47 887 163 181 44 724 58 263 539
leaf_count=66 38 118 1087 96 123 47 887 163 181 44 724 58 263 539
internal_value=-0.000396664 -0.0110692 0 -0.0013347 0.00738739 0.00291017 0.00374707 0.00964467 0.0152381 -0.00204562 -0.00237846 -0.00463768 -0.00157576 -0.00966667
internal_weight=4434 156 4278 2934 219 1344 1278 391 228 2715 2671 1584 987 597
internal_count=4434 156 4278 2934 219 1344 1278 391 228 2715 2671 1584 987 597
is_linear=0
shrinkage=0.04


Tree=97
num_leaves=15
num_cat=1
split_feature=23 6 6 13 10 0 3 26 7 7 6 18 16 18
split_gain=11.8044 11.2708 15.1348 14.4522 13.3224 8.74871 9.96507 9.48421 11.5662 9.22303 15.0196 8.25184 17.6205 10.49
threshold=64.067189866000021 55.676366220000006 55.679873260000008 12.143650793650794 5.5000000000000009 0 20.500000000000004 1.0541997144967854 37.507969250576643 37.376489388900275 55.804844150000008 4624.9935482237161 0.091750841750841763 2870.7704398800593
decision_type=10 2 2 8 10 9 2 10 10 8 2 10 8 8
left_child=5 3 -3 4 -2 7 9 8 -1 -7 11 13 -13 -11
right_child=1 2 -4 -5 -6 6 -8 -9 -10 10 -12 12 -14 -15
leaf_value=0.031125981728213504 -0.48903840688480127 -2.1399087692028145 -0.17758667741641943 -0.33936471508396199 0.42958387584808294 1.7358168499234972 -0.082276623320292896 -0.0025877634582683129 -1.0195346463390746 0.20721622069852857 -0.74687332878355506 -0.37894185167165489 0.57654449302487354 -0.17124316235013745
leaf_weight=73 79 47 729 251 385 96 181 811 99 985 55 47 229 367
leaf_count=73 79 47 729 251 385 96 181 811 99 985 55 47 229 367
internal_value=-0.000450755 -0.00334672 -0.00667522 0.000278552 0.00445396 0.00101833 0.00255449 -0.00204819 -0.0105143 0.00347924 0.0027758 0.00348253 0.0097491 0.0021845
internal_weight=4434 1491 776 715 464 2943 1960 983 172 1779 1683 1628 276 1352
internal_count=4434 1491 776 715 464 2943 1960 983 172 1779 1683 1628 276 1352
cat_boundaries=0 2
cat_threshold=2169573986 97
is_linear=0
shrinkage=0.04


Tree=98
num_leaves=15
num_cat=0
split_feature=1 20 23 5 7 1 7 7 26 18 13 1 11 12
split_gain=11.899 23.3409 9.70429 9.46362 20.5161 14.4897 12.0415 11.5557 13.5895 28.5177 11.157 11.4732 10.2661 10.0807
threshold=356.50000000000006 4.5000000000000009 64.067189866000021 37.473681185000011 37.469323520678152 12.500000000000002 37.422988528808638 37.379233439029967 1.4637289254380279 1200.7064069956539 24.728333333333335 -113.49999999999999 16.835486500000005 1.4325000000000003
decision_type=2 2 10 2 10 2 10 10 10 10 8 2 8 10
left_child=3 -2 -3 4 5 6 12 -7 -9 -10 11 13 -1 -5
right_child=1 2 -4 10 -6 7 -8 8 9 -11 -12 -13 -14 -15
leaf_value=0.095556576110932462 -3.5554795052685075 0.19501135725676422 -2.3185733730897433 1.7776036287998052 0.95416694660438051 0.7642086163452626 0.75463473278898696 -0.53751756178167953 -0.49300249652937822 2.2398093940091401 -0.46517505962451616 -0.029483056687392945 -0.38065494817874718 0.038907114302965055
leaf_weight=228 38 82 36 68 190 127 145 432 119 59 200 2471 44 195
leaf_count=228 38 82 36 68 190 127 145 432 119 59 200 2471 44 195
internal_value=-0.000324544 -0.0110692 -0.00198347 7.47489e-05 0.00285078 0.000829732 0.0067619 -0.00254054 -0.00482871 0.00441989 -0.0011985 -0.000526123 0.00174545 0.00736842
internal_weight=4434 156 118 4278 1344 1154 417 737 610 178 2934 2734 272 263
internal_count=4434 156 118 4278 1344 1154 417 737 610 178 2934 2734 272 263
is_linear=0
shrinkage=0.04


Tree=99
num_leaves=15
num_cat=2
split_feature=1 20 3 5 25 20 0 25 18 3 0 17 8 1
split_gain=10.908 11.6419 9.81327 13.4913 15.3565 14.7787 13.3004 14.6562 17.271 15.0529 14.6789 13.2865 12.8199 14.4348
threshold=377.50000000000006 5.5000000000000009 21.500000000000004 37.416216135000006 1.9278705153854674 8.5000000000000018 0 12.154235971099789 4624.9935482237161 11.500000000000002 1 21.500000000000004 55.802496500000011 12.500000000000002
decision_type=2 2 2 2 8 2 9 8 10 2 9 8 10 2
left_child=2 -2 3 4 -1 6 -5 -8 9 11 -11 -9 13 -6
right_child=1 -3 -4 5 12 -7 7 8 -10 10 -12 -13 -14 -15
leaf_value=-1.0618958181367901 -4.7407300492479996 -0.26859693676508878 -0.12319894824540073 -0.22217235507617347 1.9340431022831466 0.20646146871379586 0.30906779132866447 0.87461989381323169 0.29866282858889653 0.24150420917831383 -0.468666986039319 -0.77655934833438833 -0.010314866156081041 0.30482229838224439
leaf_weight=49 35 89 191 1329 114 889 413 41 132 213 159 394 148 238
leaf_count=49 35 89 191 1329 114 889 413 41 132 213 159 394 148 238
internal_value=-0.000414695 -0.0119685 -7.41943e-05 0.000339641 0.00615942 -0.000559754 -0.00204173 0.000761905 -0.00199575 -0.00419753 0.00170667 -0.00922374 0.00827038 0.0123944
internal_weight=4434 124 4310 4119 549 3570 2681 1352 939 807 372 435 500 352
internal_count=4434 124 4310 4119 549 3570 2681 1352 939 807 372 435 500 352
cat_boundaries=0 2 4
cat_threshold=1713303564 98 2281702977 5
is_linear=0
shrinkage=0.04


Tree=100
num_leaves=15
num_cat=2
split_feature=2 0 1 0 1 5 3 22 12 5 7 5 18 5
split_gain=11.0658 16.8577 20.3761 12.2282 11.8514 11.6014 8.68332 9.0605 10.9787 9.23655 15.778 12.1687 8.56358 9.12721
threshold=665.53866950000008 0 320.50000000000006 1 -92.499999999999986 37.737280210000009 20.500000000000004 487.54545375600009 34.150000000000013 37.416216135000006 37.460440055958806 37.49454149000001 390.68526242851584 37.706981325000008
decision_type=2 9 2 9 2 2 2 2 10 2 8 2 10 2
left_child=3 12 -3 6 5 -5 7 8 9 -1 -11 -12 13 -2
right_child=1 2 -4 4 -6 -7 -8 -9 -10 10 11 -13 -14 -15
leaf_value=1.3931178307509509 0.44538126428881081 0.070018781857217077 -2.8126682130575391 0.24439952203376705 -0.040168049010284791 2.0733331099931922 -0.12249306539046799 -0.40754559229436949 -0.98834293605394641 -0.19312189020292864 2.2425337679951016 0.49593146037749586 -0.32422860881489668 -0.69358171927228518
leaf_weight=142 86 728 42 152 1672 35 86 41 42 205 73 367 719 44
leaf_count=142 86 728 42 152 1672 35 86 41 42 205 73 367 719 44
internal_value=-0.000450755 -0.00308261 0.00122605 0.00106458 -0.000833333 0.00863158 0.00470588 0.00595647 0.006875 0.00794937 0.0058642 0.0101129 -0.00691415 0.00240602
internal_weight=4434 1619 770 2815 1859 187 956 870 829 787 645 440 849 130
internal_count=4434 1619 770 2815 1859 187 956 870 829 787 645 440 849 130
cat_boundaries=0 2 4
cat_threshold=3326927456 99 1246504256 6
is_linear=0
shrinkage=0.04


Tree=101
num_leaves=15
num_cat=2
split_feature=2 0 1 0 1 1 5 6 10 25 3 12 5 18
split_gain=9.85663 15.8484 17.5556 11.275 11.0262 9.92781 11.1221 8.82271 9.96146 8.77904 7.89227 7.7697 11.092 10.9056
threshold=665.53866950000008 0 320.50000000000006 1 377.50000000000006 -94.499999999999986 37.727934540000007 55.644023925000006 186.50000000000003 3.3847902666087402 20.500000000000004 18.134848484848487 37.416216135000006 920.17942225100262
decision_type=2 9 2 9 2 2 2 2 10 10 2 8 2 10
left_child=3 7 -3 9 5 6 -5 8 -2 -1 11 12 13 -11
right_child=1 2 -4 4 -6 -7 -8 -9 -10 10 -12 -13 -14 -15
leaf_value=-0.88412676779199639 -0.25161889710904939 0.063430482016780476 -2.7001614845352377 0.091134580483206953 -2.9152994350412964 -0.02705522506075738 1.275682043953646 -0.39816018088186883 0.56398950745174659 0.072840981343534283 -0.12625065045105485 0.050939372427824238 0.43528870685576182 2.3036746284173977
leaf_weight=40 148 747 42 131 35 1684 61 599 83 35 75 238 432 84
leaf_count=40 148 747 42 131 35 1684 61 599 83 35 75 238 432 84
internal_value=-0.000450755 -0.00293465 0.00114713 0.000979418 -0.000769231 -0.000340607 0.00820513 -0.00673784 -0.00017094 0.00462377 0.00553633 0.00671717 0.00931408 0.02
internal_weight=4434 1619 789 2815 1911 1876 192 830 231 904 864 789 551 119
internal_count=4434 1619 789 2815 1911 1876 192 830 231 904 864 789 551 119
cat_boundaries=0 2 4
cat_threshold=3343671872 99 1229727040 6
is_linear=0
shrinkage=0.04


Tree=102
num_leaves=15
num_cat=2
split_feature=20 0 12 7 7 0 6 13 6 2 2 8 18 15
split_gain=10.0723 16.5069 19.2603 14.7652 25.2188 13.9582 14.7195 12.3866 10.7915 10.6185 10.4895 10.0237 10.3545 8.64455
threshold=8.5000000000000018 0 25.255357142857147 37.707137462107291 37.727834429505698 1 55.705094765000005 0.67500000000000004 55.670614225000008 722.44134250000013 719.0834645000001 55.645613500000003 1831.8675232114649 14.033977082803739
decision_type=2 9 10 8 10 9 2 10 2 2 2 10 10 8
left_child=3 -2 7 5 8 6 -1 -3 -5 13 11 12 -9 -6
right_child=1 2 -4 4 9 -7 -8 10 -10 -11 -12 -13 -14 -15
leaf_value=0.50217340732255533 0.60253569678362195 -0.22983488524657328 -0.7133027981347857 -0.68625784382897181 0.11698938478445428 -0.045642765005294912 0.033195938752038474 0.51746138051352486 -2.4720545959833196 -0.44588399241261906 -0.37203752294312964 0.58700760762813964 -0.70436852860659149 -1.6604829858872416
leaf_weight=193 469 103 39 165 414 2008 399 52 86 92 58 253 57 46
leaf_count=193 469 103 39 165 414 2008 399 52 86 92 58 253 57 46
internal_value=-0.000324544 0.00313346 -0.00153043 -0.00137405 -0.00610422 9.22013e-05 0.00542149 0.000532319 -0.0165354 -0.0012973 0.00359338 0.00613699 -0.00392857 0.0012095
internal_weight=4434 1031 562 3403 803 2600 592 523 251 552 420 362 109 460
internal_count=4434 1031 562 3403 803 2600 592 523 251 552 420 362 109 460
cat_boundaries=0 2 4
cat_threshold=1040216202 66 1329 126
is_linear=0
shrinkage=0.04


Tree=103
num_leaves=15
num_cat=0
split_feature=1 20 23 1 5 7 10 10 1 20 17 8 5 7
split_gain=12.4607 19.128 9.95316 8.68208 9.22132 21.5978 14.8164 17.8351 12.0195 10.5884 10.5344 10.4626 10.0406 9.14174
threshold=356.50000000000006 4.5000000000000009 61.972092523000008 -183.99999999999997 37.473681185000011 37.469323520678152 63.500000000000007 76.500000000000014 19.500000000000004 9.5000000000000018 17.500000000000004 55.5422312135616 37.416216135000006 37.685932592379309
decision_type=2 2 10 2 2 8 10 10 2 2 10 10 2 10
left_child=3 -2 -3 -1 5 6 10 -8 11 -6 -5 -9 -10 -11
right_child=1 2 -4 4 9 -7 7 8 12 13 -12 -13 -14 -15
leaf_value=1.0110432306626984 -3.1482482870126685 0.33526648771646467 -1.662130994453388 -0.17906528230592006 -0.05597771578661586 0.87517225825959655 -0.62418951568020298 6.0091255829228389 0.088439325971925206 -0.071651443538153212 0.65244520592317257 0.033415505187194543 -0.72417798149274637 1.2069869240332163
leaf_weight=92 38 73 45 42 2628 191 39 36 199 105 203 286 343 114
leaf_count=92 38 73 45 42 2628 191 39 36 199 105 203 286 343 114
internal_value=-0.000576966 -0.0115723 -0.00330579 -0.000168185 -0.000439246 0.00229508 0.000208514 -0.00216336 -0.000922722 -0.00172632 0.00887097 0.00516923 -0.00455046 0.00666667
internal_weight=4434 156 118 4278 4186 1339 1148 903 864 2847 245 322 542 219
internal_count=4434 156 118 4278 4186 1339 1148 903 864 2847 245 322 542 219
is_linear=0
shrinkage=0.04


Tree=104
num_leaves=15
num_cat=1
split_feature=1 20 6 0 18 25 23 24 10 25 3 17 3 22
split_gain=12.2571 19.128 9.15916 18.5612 11.6371 19.308 10.4672 10.2095 9.81949 18.7554 13.8815 12.402 11.7595 9.80775
threshold=356.50000000000006 4.5000000000000009 55.646745290000005 0 2236.637232913175 18.122331687668574 120.91653547100002 387.4207075887935 166.50000000000003 12.232138192034135 12.500000000000002 61.500000000000007 19.500000000000004 460.28624641450006
decision_type=2 2 2 9 10 10 10 10 10 10 2 10 2 2
left_child=2 -2 8 4 -4 -6 7 -5 13 -10 -11 12 -12 -1
right_child=1 -3 3 6 5 -7 -8 -9 9 10 11 -13 -14 -15
leaf_value=0.018092413089541425 -3.0223183555321613 -0.064120139778385973 -0.10756202175140743 -1.2238270285277606 -1.7138362254045989 -0.050599836925242857 -0.19431740822962013 0.06478947469026658 1.098569860914026 -0.38996343202601547 1.7108652102754429 -0.10832629852741807 0.052694484456255061 -0.75626163025221849
leaf_weight=825 38 118 467 41 95 134 416 1586 144 282 109 52 66 61
leaf_count=825 38 118 467 41 95 134 416 1586 144 282 109 52 66 61
internal_value=-0.000667117 -0.0115723 -0.000261621 -0.00164843 -0.00722144 -0.0146552 0.000291829 0.00174233 0.00220493 0.00591463 0.00226562 0.00956522 0.0146067 -0.000539933
internal_weight=4434 156 4278 2739 696 229 2043 1627 1539 653 509 227 175 886
internal_count=4434 156 4278 2739 696 229 2043 1627 1539 653 509 227 175 886
cat_boundaries=0 2
cat_threshold=2152731137 97
is_linear=0
shrinkage=0.04


Tree=105
num_leaves=15
num_cat=2
split_feature=1 20 23 3 5 11 5 8 15 19 1 0 3 0
split_gain=10.692 15.3523 13.8811 11.7492 14.0665 13.5201 9.88992 9.43807 8.2407 11.183 11.9113 14.912 9.29733 9.31109
threshold=207.50000000000003 4.5000000000000009 233.47129121350005 11.500000000000002 37.451340305000009 11.118590000000003 37.467961820000006 55.532415431690275 11.5871585743014 1606.1295737685116 -69.499999999999986 0 5.5000000000000009 1
decision_type=2 2 10 2 2 10 2 8 10 10 2 9 2 9
left_child=7 -2 3 4 -3 6 -5 -1 9 10 -9 -12 -10 -14
right_child=1 2 -4 5 -6 -7 -8 8 12 -11 11 -13 13 -15
leaf_value=2.0922237666821366 -2.0725129809625753 0.487158348418958 -2.7179089204006357 0.061017025881376627 -1.846168080913257 -0.629665660708843 1.3650466266038299 0.42579758245620952 0.34780910212695998 0.807168803599975 -0.064267526454899609 0.088719353194164519 -0.4947956414180355 -0.031421540719090334
leaf_weight=63 90 54 57 81 91 65 99 345 214 63 942 1038 338 894
leaf_count=63 90 54 57 81 91 65 99 345 214 63 942 1038 338 894
internal_value=-0.000576966 -0.00585185 -0.00275556 0 -0.00891892 0.00532258 0.010929 0.000153846 -0.000104248 0.00133835 0.000876289 -0.000322743 -0.00248447 -0.00382186
internal_weight=4434 537 447 390 145 245 180 3897 3834 2388 2325 1980 1446 1232
internal_count=4434 537 447 390 145 245 180 3897 3834 2388 2325 1980 1446 1232
cat_boundaries=0 2 4
cat_threshold=3281645651 16 2250351112 34
is_linear=0
shrinkage=0.04


Tree=106
num_leaves=15
num_cat=4
split_feature=2 0 1 0 21 22 0 21 23 20 0 14 7 7
split_gain=10.0002 14.1432 15.0528 12.499 8.20408 9.24766 14.5844 14.9915 9.48627 10.3853 9.75778 13.1143 9.29083 7.90671
threshold=665.53866950000008 0 320.50000000000006 1 4.5000000000000009 122.441342973 2 1.5000000000000002 58.452861869500005 5.5000000000000009 3 12.911952861952864 37.724349124379664 37.712034879414141
decision_type=2 9 2 9 2 2 9 2 10 2 9 8 10 10
left_child=3 -2 -3 -1 5 8 7 -7 9 -5 -11 -12 -13 -8
right_child=1 2 -4 4 -6 6 13 -9 -10 10 11 12 -14 -15
leaf_value=0.17381128931047557 -0.23328293161118419 0.066752450787291889 -2.4321109895598578 -1.575104378263245 0.38436531409348496 -1.0598261641240947 0.52866463449995904 0.27011200978862243 -0.3277421889268784 0.125839445353532 -0.3608321471605635 -0.079336824376863999 2.13552906609879 -0.029848860762695609
leaf_weight=1156 866 711 42 37 164 55 146 51 410 342 164 174 35 81
leaf_count=1156 866 711 42 37 164 55 146 51 410 342 164 174 35 81
internal_value=-0.000432725 -0.00293465 0.00109661 0.00100781 -0.0012201 -0.00216288 0.00369048 -0.00806723 -0.00384549 -0.00116556 -5.57103e-05 -0.00445596 0.00207547 0.00916667
internal_weight=4434 1619 753 2815 1659 1495 333 106 1162 752 715 373 209 227
internal_count=4434 1619 753 2815 1659 1495 333 106 1162 752 715 373 209 227
cat_boundaries=0 2 4 5 7
cat_threshold=3344753248 98 1296851300 14 2148663432 2952926217 48
is_linear=0
shrinkage=0.04


Tree=107
num_leaves=15
num_cat=3
split_feature=7 3 1 0 18 0 3 3 20 0 20 15 1 14
split_gain=9.09535 17.8218 10.2798 16.5443 11.6956 16.3999 15.9439 17.4806 16.1984 13.1036 16.356 11.5011 11.2145 12.5754
threshold=37.379233439029967 21.500000000000004 175.50000000000003 0 1539.3153451604151 1 12.500000000000002 3.5000000000000004 6.5000000000000009 2 9.5000000000000018 14.080400535707158 35.500000000000007 11.648076923076923
decision_type=8 2 2 9 8 9 2 2 2 9 2 10 2 10
left_child=1 -1 4 -4 5 -2 7 -7 -8 10 -6 12 -9 -14
right_child=2 -3 3 -5 9 6 8 11 -10 -11 -12 -13 13 -15
leaf_value=0.90056697598487034 0.43655267858648189 -0.3245750594924075 0.052573353174599657 -0.96405009615196602 -0.63154896692175311 -0.58089821505516059 -1.0315566082047893 1.0925605101994731 -0.0087899577883177333 -0.0019410741884194583 1.4542321339843105 -0.71016197939062409 -0.51408527284816108 0.78408581594538762
leaf_weight=212 534 40 340 301 483 57 151 256 222 1555 46 45 93 99
leaf_count=212 534 40 340 301 483 57 151 256 222 1555 46 45 93 99
internal_value=-0.000432725 0.00690196 -0.000879331 -0.00552795 -3.386e-05 0.00271233 -0.000555556 0.0037613 -0.00691489 -0.00195496 -0.00730627 0.00620968 0.00815965 0.000820513
internal_weight=4434 252 4182 641 3541 1457 923 550 373 2084 529 493 448 192
internal_count=4434 252 4182 641 3541 1457 923 550 373 2084 529 493 448 192
cat_boundaries=0 2 4 6
cat_threshold=2315280833 7 478152416 103 2248147520 97
is_linear=0
shrinkage=0.04


Tree=108
num_leaves=15
num_cat=0
split_feature=6 8 1 19 23 26 18 8 3 18 1 26 25 8
split_gain=9.09606 18.1105 15.1675 13.935 11.7916 14.3014 13.2485 10.0374 11.5277 13.8918 24.3793 10.4082 18.7472 17.3997
threshold=55.646745290000005 55.685454096347691 336.50000000000006 1503.1705172948991 12660.916535471002 1.0212905637561522 4373.5700799247561 55.642087747604116 20.500000000000004 1336.7688688318697 25.500000000000004 1.0803459114127889 21.560783165257472 55.614236166017264
decision_type=2 10 2 10 8 10 10 10 2 10 2 8 8 10
left_child=7 3 4 -2 5 6 -3 11 9 -9 -11 -1 13 -13
right_child=1 2 -4 -5 -6 -7 -8 8 -10 10 -12 12 -14 -15
leaf_value=0.36664690945612305 -0.36348963053733108 -0.45344702954016952 -2.3001541720586354 0.068716690951331857 1.0458696122326172 0.03794449967344278 0.25548319937484054 1.0034505030952678 -0.2532582678453198 -0.29054915433674683 1.1100540328154294 1.9923782215201145 -1.0958044337227137 -0.065968541504403067
leaf_weight=341 758 155 67 158 61 1579 51 172 48 138 102 138 218 448
leaf_count=341 758 155 67 158 61 1579 51 172 48 138 102 138 218 448
internal_value=-0.000288483 -0.00165254 0.000563674 -0.00626768 0.00125473 0.00064877 -0.0091866 0.00211443 0.00708423 0.00925301 0.00296296 0.00010453 -0.00237918 0.00135823
internal_weight=4434 2829 1913 916 1846 1785 206 1605 460 412 240 1145 804 586
internal_count=4434 2829 1913 916 1846 1785 206 1605 460 412 240 1145 804 586
is_linear=0
shrinkage=0.04


Tree=109
num_leaves=15
num_cat=1
split_feature=5 23 1 12 0 1 3 25 25 7 7 3 23 26
split_gain=9.50491 9.27911 16.138 11.7149 10.3758 11.5203 10.1543 20.94 10.1787 9.41763 11.5578 11.6183 12.4635 10.0589
threshold=37.861603420000009 64.067189866000021 133.50000000000003 11.606250000000001 0 -58.499999999999993 9.5000000000000018 10.174695950992435 6.6881111308103858 37.385964230085953 37.411669254511359 2.5000000000000004 60.91653547100001 1.6061401332668139
decision_type=2 10 2 10 9 2 2 8 10 10 10 2 8 10
left_child=1 9 3 4 -3 -6 8 -8 -7 -1 -11 -12 13 -13
right_child=-2 2 -4 -5 5 6 7 -9 -10 10 11 12 -14 -15
leaf_value=0.66799273066817422 0.83347475194004594 0.4524370721033466 -0.68592815888603209 -0.33674350083102361 0.75699677425230616 0.68110897363718692 -1.2752857045218804 0.014322340030263413 -0.11968072570889575 -0.46105606019132267 -0.68187241823143008 -0.02803986072794018 0.76877908852717924 0.25344101459785756
leaf_weight=171 50 233 318 412 91 41 122 154 84 113 81 1594 154 816
leaf_count=171 50 233 318 412 91 41 122 154 84 113 81 1594 154 816
internal_value=-0.000234393 -0.000437657 -0.00304527 -0.000807018 0.00225275 -0.00110891 -0.00405941 -0.00831541 0.0053125 0.000859482 0.00028975 0.000830816 0.00130892 0.000596768
internal_weight=4434 4384 1455 1137 725 492 401 276 125 2929 2758 2645 2564 2410
internal_count=4434 4384 1455 1137 725 492 401 276 125 2929 2758 2645 2564 2410
cat_boundaries=0 2
cat_threshold=3355705952 35
is_linear=0
shrinkage=0.04


Tree=110
num_leaves=15
num_cat=3
split_feature=23 0 18 8 3 17 23 0 20 0 7 7 26 5
split_gain=7.80313 9.83171 10.1736 11.2973 9.08964 9.0692 8.49045 7.75787 8.19515 7.33455 8.86026 13.517 7.88547 7.92546
threshold=83.281450625500014 0 1397.105631659095 55.635683833419229 2.5000000000000004 28.500000000000004 78.156389253 1 3.5000000000000004 2 37.385964230085953 37.411669254511359 1.0325892860386188 37.729629150000008
decision_type=10 9 10 8 2 8 8 9 2 9 10 10 10 2
left_child=4 2 7 -4 5 -1 9 8 -2 12 -11 -12 -6 -14
right_child=1 -3 3 -5 6 -7 -8 -9 -10 10 11 -13 13 -15
leaf_value=0.0057257870826890045 -0.34307492769376441 -0.22290591342072275 0.40807785962898041 -0.32103612422487199 -0.49505070093467929 -0.84490684706870245 0.55487730556393078 0.42698752942867158 0.34436936469691831 1.7029685751993626 -0.60123058404383201 0.089307334988904308 -0.066678106820173971 0.30119235876065614
leaf_weight=56 70 717 63 234 160 44 93 174 75 82 88 1586 777 215
leaf_count=56 70 717 63 234 160 44 93 174 75 82 88 1586 777 215
internal_value=-0.000288483 -0.00284431 0.000890302 -0.0044 0.000811856 -0.0108738 0.00121172 0.00583851 -0.00126582 0.000824459 0.00244206 0.00181276 -0.00164807 -0.000321608
internal_weight=4434 1333 616 297 3101 100 3001 319 145 2908 1756 1674 1152 992
internal_count=4434 1333 616 297 3101 100 3001 319 145 2908 1756 1674 1152 992
cat_boundaries=0 2 3 5
cat_threshold=2300942304 67 2281734592 2757956211 113
is_linear=0
shrinkage=0.04


Tree=111
num_leaves=15
num_cat=3
split_feature=1 23 1 0 7 5 3 14 26 8 25 0 15 0
split_gain=9.6253 10.6267 11.6412 9.65247 9.05738 9.17348 8.78694 8.59761 11.1913 9.39266 9.13249 9.02088 8.84716 8.53889
threshold=-156.49999999999997 73.694479510500017 327.50000000000006 0 37.385964230085953 37.363783455000011 11.500000000000002 13.235608552631581 1.8763950161208245 55.685310854836708 16.341795796002344 1 12.83205462477037 2
decision_type=2 10 2 9 10 2 2 10 10 10 10 9 10 9
left_child=6 4 3 -3 5 -2 -1 11 13 10 -10 -6 -13 -9
right_child=1 2 -4 -5 7 -7 -8 8 9 -11 -12 12 -14 -15
leaf_value=-0.081596764902027982 0.0089701722751129864 0.052873399073175731 -1.7987239184357966 -0.16921816862198058 0.037098869602188174 1.8109919081056851 1.4415811013402873 -0.31000410333168033 -0.17941611769373253 1.0752288496185805 1.0164834665830207 -0.09399800041499802 -0.87982351620862576 0.056982039024783972
leaf_weight=69 89 496 66 813 503 82 72 233 111 125 52 682 35 1006
leaf_count=69 89 496 66 813 503 82 72 233 111 125 52 682 35 1006
internal_value=-0.000450755 -0.000791434 -0.0036865 -0.00283537 0.000575145 0.00942529 0.00972222 1.45455e-05 0.00201307 0.00907216 0.0026506 -0.00248569 -0.00531507 0.000354267
internal_weight=4434 4293 1375 1309 2918 171 141 2747 1527 288 163 1220 717 1239
internal_count=4434 4293 1375 1309 2918 171 141 2747 1527 288 163 1220 717 1239
cat_boundaries=0 2 4 6
cat_threshold=2835682240 3 1585997056 56 67895808 98
is_linear=0
shrinkage=0.04


Tree=112
num_leaves=15
num_cat=2
split_feature=1 5 24 8 6 7 20 20 20 0 0 7 7 7
split_gain=7.97049 8.51844 17.547 11.1601 16.0148 14.4112 12.7316 12.4038 10.4751 16.1732 11.4457 11.1335 15.9832 20.2862
threshold=-219.49999999999997 37.416216135000006 348.07122113494921 55.802496500000011 55.733677020000009 37.398450682281542 4.5000000000000009 5.5000000000000009 8.5000000000000018 0 1 37.464483316390115 37.707137462107291 37.727834429505698
decision_type=2 2 8 10 2 10 2 2 2 9 9 10 10 10
left_child=-1 2 -2 4 5 -4 -6 -5 10 -10 -3 -12 -13 -14
right_child=1 8 3 7 6 -7 -8 -9 9 -11 11 12 13 -15
leaf_value=1.4765959879421666 -0.77669704519420213 0.090398339167776745 0.42649187287023721 0.030602215761610773 -0.016475616800047419 -0.36715987193852728 1.9345904102555842 -0.28876729761194792 0.52761849164153773 -0.024705261735976619 -0.68429129652863896 0.012936709055540519 -1.3127459908627084 -0.043379666344289018
leaf_weight=45 55 293 73 80 51 90 168 108 354 616 423 1314 239 525
leaf_count=45 55 293 73 80 51 90 168 108 354 616 423 1314 239 525
internal_value=-0.000378634 -0.000555556 0.00375796 0.00586387 0.00976623 0.000240964 0.0167568 -0.00209424 -0.00127422 0.00230216 -0.00251698 -0.00338902 -0.00219125 -0.00677966
internal_weight=4434 4389 625 570 382 163 219 188 3764 970 2794 2501 2078 764
internal_count=4434 4389 625 570 382 163 219 188 3764 970 2794 2501 2078 764
cat_boundaries=0 2 4
cat_threshold=503361672 2 8389666 28
is_linear=0
shrinkage=0.04


Tree=113
num_leaves=15
num_cat=2
split_feature=2 0 0 1 3 3 13 11 5 15 8 8 8 11
split_gain=8.29094 14.2017 12.2723 10.7087 9.8093 10.3391 10.5475 9.07791 10.1985 15.2948 8.19613 8.14208 11.4572 8.12367
threshold=665.53866950000008 0 1 297.50000000000006 20.500000000000004 17.500000000000004 22.459714285714288 13.802462500000003 37.737280210000009 7.7484839222192994 55.744477044769702 55.730982000000004 55.749801858283043 10.034242000000001
decision_type=2 9 9 2 2 2 10 10 2 10 10 8 10 10
left_child=2 -2 7 -3 5 6 11 8 13 -10 -6 -4 -13 -1
right_child=1 3 4 -5 10 -7 -8 -9 9 -11 -12 12 -14 -15
leaf_value=-0.12161539847363685 -0.22586016595391301 0.070545552208961568 0.39872078563406832 -2.4070930913054713 -0.3499318287768669 1.1620135149541932 -0.2787913826720933 -0.23033970412246746 -0.13166531309456367 1.7416245109023409 0.021018019236374794 -0.24117658549515797 1.0236101884171378 0.14091614006789713
leaf_weight=780 889 691 795 39 103 208 167 204 37 51 41 192 56 181
leaf_count=780 889 691 795 39 103 208 167 204 37 51 41 192 56 181
internal_value=-0.000360604 -0.00263872 0.000951029 0.0015074 0.00330159 0.00433498 0.0029019 -0.00199052 -0.000494297 0.0123077 -0.00653061 0.00439771 -0.00191235 -0.00170124
internal_weight=4434 1619 2815 730 1562 1418 1210 1253 1049 88 144 1043 248 961
internal_count=4434 1619 2815 730 1562 1418 1210 1253 1049 88 144 1043 248 961
cat_boundaries=0 2 4
cat_threshold=3477660256 102 2696123019 49
is_linear=0
shrinkage=0.04


Tree=114
num_leaves=15
num_cat=0
split_feature=1 18 1 7 5 20 19 19 8 24 5 19 6 7
split_gain=8.8112 11.2055 7.62323 7.81619 18.7709 18.075 15.3396 18.9143 13.3153 14.7936 15.1316 12.6888 12.1031 11.9921
threshold=377.50000000000006 2194.6958559547079 -219.49999999999997 37.707137462107291 37.737280210000009 6.5000000000000009 1.0000000180025095e-35 1606.1295737685116 55.730352604497945 3863.4989201435096 37.81759447000001 1079.4484841250176 55.65948546500001 37.687037000000011
decision_type=2 10 2 8 2 2 10 10 10 10 2 8 2 10
left_child=2 -2 -1 13 5 -5 -6 8 -8 10 -10 12 -7 -4
right_child=1 -3 3 4 6 11 7 -9 9 -11 -12 -13 -14 -15
leaf_value=1.4015833169991174 -2.6783587980084711 -0.046423548438408492 -0.0021621149702488653 -2.0613243333128026 -0.35450248794155259 -0.057914785043283255 1.1329126715119748 -0.72469975235114059 -1.3398895287553909 4.1762925622271938 0.082572878899293795 0.30689887348391109 -1.5685835075034971 0.4093657343281325
leaf_weight=45 39 85 2958 87 79 158 163 45 37 38 170 109 102 319
leaf_count=45 39 85 2958 87 79 158 163 45 37 38 170 109 102 319
internal_value=-0.000324544 -0.0107087 -1.85486e-05 -0.000196813 -0.00330979 -0.00923747 0.00179439 0.00464912 0.00739659 0.00145161 -0.00285714 -0.00526882 -0.010038 0.000743902
internal_weight=4434 124 4310 4265 988 456 532 453 408 245 207 369 260 3277
internal_count=4434 124 4310 4265 988 456 532 453 408 245 207 369 260 3277
is_linear=0
shrinkage=0.04


Tree=115
num_leaves=15
num_cat=0
split_feature=1 2 23 8 8 25 26 1 8 6 3 3 25 1
split_gain=8.57829 16.5218 13.5106 13.1711 11.3144 9.15787 11.2965 10.8635 11.4579 10.6891 9.4579 19.4011 14.811 9.94383
threshold=11.500000000000002 722.44134250000013 56.011518896500007 55.5422312135616 55.968566791193389 14.064304042220879 1.4307890249812822 24.500000000000004 55.64319801900735 55.644023925000006 11.500000000000002 18.500000000000004 23.097459215799333 183.50000000000003
decision_type=2 2 10 10 10 10 10 2 10 2 2 2 10 2
left_child=3 2 5 -1 -5 6 -2 -7 10 -10 -9 12 -12 -13
right_child=1 -3 -4 4 -6 7 -8 8 9 -11 11 13 -14 -15
leaf_value=5.6300457107141941 -0.89260947001035984 -0.49738697549028471 -0.19646996107379586 0.0047838037875786556 0.044027525073803489 -0.71278887569757809 0.087003969184417648 -0.37310472520033389 1.8890771939053432 0.37992173930497147 0.027209280594991156 0.10849614333510137 1.3399128875497837 -3.0064669987790511
leaf_weight=39 82 275 924 1802 122 84 128 167 56 526 65 60 68 36
leaf_count=39 82 275 924 1802 122 84 128 167 56 526 65 60 68 36
internal_value=-0.000324544 -0.00189167 -0.000727603 0.00164802 0.00116243 0.0019451 -0.0056338 0.0034554 0.00464832 0.00820513 -0.000601504 0.00465517 0.0144118 -0.00888889
internal_weight=4434 2471 2196 1963 1924 1272 210 1062 978 582 396 229 133 96
internal_count=4434 2471 2196 1963 1924 1272 210 1062 978 582 396 229 133 96
is_linear=0
shrinkage=0.04


Tree=116
num_leaves=15
num_cat=0
split_feature=1 7 7 21 5 23 1 17 15 25 1 24 25 3
split_gain=7.75951 7.97264 17.4278 13.4128 11.5329 11.2049 10.1529 12.6658 9.15029 8.97349 10.1843 9.91261 8.29804 10.1189
threshold=-219.49999999999997 37.707137462107291 37.721394122799587 4.5000000000000009 37.694436320000008 53.471291213500002 346.50000000000006 41.500000000000007 11.619706911825929 6.1257195380059164 7.5000000000000009 2777.5522161765525 18.883697510217043 17.500000000000004
decision_type=2 8 10 2 2 8 2 10 10 10 2 10 10 2
left_child=-1 4 5 12 6 8 -2 -8 -3 -6 11 -11 13 -4
right_child=1 2 3 -5 9 -7 7 -9 -10 10 -12 -13 -14 -15
leaf_value=1.3453286321676501 0.0036846309740673189 0.52211593073766738 -0.069384417583327793 0.7417006314960124 -0.12120733649024587 -1.734400343856118 -1.9476186855739501 0.19853593971825775 -0.66258315100902465 0.84429069663376799 2.0285915199799729 -0.095208521456747658 0.41424135130172746 -1.5630014730836377
leaf_weight=45 3002 35 587 89 70 100 67 40 51 42 76 64 94 72
leaf_count=45 3002 35 587 89 70 100 67 40 51 42 76 64 94 72
internal_value=-0.000162272 -0.000336976 -0.00341416 -0.000946746 0.000606421 -0.0143915 -6.42674e-05 -0.012 -0.00359551 0.00878431 0.0134054 0.00513761 -0.00269841 -0.00429003
internal_weight=4434 4389 1028 842 3361 186 3109 107 86 252 182 106 753 659
internal_count=4434 4389 1028 842 3361 186 3109 107 86 252 182 106 753 659
is_linear=0
shrinkage=0.04


Tree=117
num_leaves=15
num_cat=2
split_feature=2 0 0 7 3 12 15 20 12 26 14 7 14 7
split_gain=7.44375 12.6284 12.6196 9.14402 8.68943 9.61634 9.97503 12.6994 8.67236 9.6449 9.21438 8.11957 10.6379 8.08036
threshold=665.53866950000008 0 1 37.694302632200582 3.5000000000000004 13.809821428571432 11.990665160944333 7.5000000000000009 12.31813186813187 1.0703401891342101 16.302173913043482 37.52237002982914 18.108333333333338 37.70671850144182
decision_type=2 9 9 10 2 10 10 2 8 10 10 10 10 10
left_child=1 4 3 11 -1 8 -7 -8 9 -6 13 12 -2 -11
right_child=2 -3 -4 -5 5 6 7 -9 -10 10 -12 -13 -14 -15
leaf_value=-0.35827723862915078 -0.35644016915712379 0.09303275968856381 0.032387186595359767 -0.76765447634546546 -0.56124216439469465 0.40125298189356046 -0.92968177215186898 0.3165168965954811 -0.61142003617108398 0.32259866819116317 -1.2270122971543658 0.050550457027417228 0.022660999214004943 -0.18979716434446559
leaf_weight=82 321 1547 676 255 121 231 108 147 102 305 38 266 101 134
leaf_count=82 321 1547 676 255 121 231 108 147 102 305 38 266 101 134
internal_value=-3.60604e-05 0.00120653 -0.00219482 -0.00514644 -0.00174863 -0.000874685 0.00343558 -0.0020155 -0.00386913 -0.00199667 0.000583333 -0.00277858 -0.00621176 0.00226244
internal_weight=4434 2815 1619 943 1268 1186 486 255 700 598 477 688 422 439
internal_count=4434 2815 1619 943 1268 1186 486 255 700 598 477 688 422 439
cat_boundaries=0 2 4
cat_threshold=2964558474 33 3478676036 71
is_linear=0
shrinkage=0.04


Tree=118
num_leaves=15
num_cat=2
split_feature=6 8 23 19 17 0 26 0 14 26 6 7 10 1
split_gain=7.95854 18.6853 14.6509 12.6063 10.5208 12.1999 10.0029 16.9116 10.8507 10.0571 10.6691 12.3015 11.3058 9.92
threshold=55.651852825000006 55.667801000000004 120.91653547100002 1238.3856998548797 31.500000000000004 0 1.089660543902532 1 20.157424547283703 1.1098554237278802 55.739211305000005 37.414063313534406 159.50000000000003 63.500000000000007
decision_type=2 10 10 10 10 9 10 9 8 10 2 10 10 2
left_child=-1 3 6 -2 5 -4 7 8 -3 -8 11 12 -11 -10
right_child=1 2 4 -5 -6 -7 9 -9 13 10 -12 -13 -14 -15
leaf_value=0.062310756880564214 -0.79544452717469816 0.28185612310787755 -0.057607989757054126 -0.074542672242068314 0.41169292838525168 -0.84932264515934897 0.8614935652372997 -0.37207929879710094 -0.91931432151359593 0.22358803098757618 0.20095824288633934 0.068548685564368134 -1.1214492236344211 0.32461486901126035
leaf_weight=1739 202 170 235 141 50 191 37 246 36 39 415 828 69 36
leaf_count=1739 202 170 235 141 50 191 37 246 36 39 415 828 69 36
internal_value=-1.80302e-05 -0.0013788 -0.000101911 -0.0100578 -0.00634656 -0.00839161 0.00149015 -0.00342159 0.00407843 0.0032207 0.00262925 0.000255591 -0.0122523 -0.00853333
internal_weight=4434 2695 2352 343 476 426 1876 488 242 1388 1351 936 108 72
internal_count=4434 2695 2352 343 476 426 1876 488 242 1388 1351 936 108 72
cat_boundaries=0 1 3
cat_threshold=125960544 14704657 14
is_linear=0
shrinkage=0.04


Tree=119
num_leaves=15
num_cat=2
split_feature=2 0 0 11 11 5 15 1 24 3 7 24 13 26
split_gain=7.1075 12.9485 12.1498 9.33262 9.12978 8.58668 10.5304 7.93678 7.49285 7.17747 8.02855 6.97289 9.8432 9.37639
threshold=665.53866950000008 0 1 12.943318000000001 10.034242000000001 37.737280210000009 8.5679519643121136 297.50000000000006 3047.3932695077897 10.500000000000002 37.693354000000006 1343.9538852931221 10.391238095238096 1.1182922370087887
decision_type=2 9 9 10 10 2 10 2 10 2 10 10 10 10
left_child=2 -2 3 4 5 11 -7 -3 -6 -5 -11 13 -13 -1
right_child=1 7 -4 9 8 6 -8 -9 -10 10 -12 12 -14 -15
leaf_value=-0.18186979402479636 -0.2073411259235067 0.080463383179660605 0.13250145930792395 -0.015041355121260907 0.68346424311997012 -0.1471668117078094 1.5441429247445921 -1.8735018558900287 -0.013288694985624865 -0.12882095270699082 -0.70710241887915803 -0.36385371624591228 -0.043746387402270839 1.3801825466219839
leaf_weight=38 924 660 1501 117 92 35 43 35 72 86 56 210 524 41
leaf_count=38 924 660 1501 117 92 35 43 35 72 86 56 210 524 41
internal_value=-3.60604e-05 -0.0021455 0.00117814 -0.00162773 3.78072e-05 -0.001566 0.0108642 0.0019774 0.00862275 -0.00839695 -0.0143448 -0.00279412 -0.00401628 0.00829268
internal_weight=4434 1619 2815 1314 1055 891 78 695 164 259 142 813 734 79
internal_count=4434 1619 2815 1314 1055 891 78 695 164 259 142 813 734 79
cat_boundaries=0 2 4
cat_threshold=3478676036 102 2964559515 40
is_linear=0
shrinkage=0.04


Tree=120
num_leaves=15
num_cat=2
split_feature=23 1 9 0 24 13 22 25 1 15 0 19 12 18
split_gain=6.94954 10.881 12.3287 14.2543 11.8372 9.36462 13.2368 8.49104 8.33374 7.2761 7.23765 8.38819 10.2787 9.19934
threshold=64.067189866000021 133.50000000000003 6.4500000000000011 0 1794.4895459078327 15.455000000000002 43.198982686000008 27.593847543767829 -58.499999999999993 28.419953484705076 1 1427.0312834919482 25.013636363636369 1654.9059835390303
decision_type=10 2 8 9 10 8 2 10 2 10 9 10 8 10
left_child=9 2 3 4 -2 6 -4 -7 -5 10 11 12 13 -1
right_child=1 -3 5 8 -6 7 -8 -9 -10 -11 -12 -13 -14 -15
leaf_value=0.10864551240386774 0.072593662480844187 -0.53145936286271589 -0.4268056220271822 0.48455213689988569 1.697344177071993 -0.72258421504412351 0.96491167656162602 0.056603216626605272 -0.078566410689841173 0.044007142477842577 0.060506679769476504 0.20763923561502118 -0.87941265201582952 -0.26699162560264827
leaf_weight=364 122 325 113 97 107 206 62 64 395 41 1764 226 57 491
leaf_count=364 122 325 113 97 107 206 62 64 395 41 1764 226 57 491
internal_value=0 -0.00222222 -0.000410607 0.00281768 0.0107438 -0.005625 0.00157303 -0.0102564 -0.00110891 0.00112695 0.000881239 -0.00159861 -0.0033224 -0.00219114
internal_weight=4434 1491 1166 721 229 445 175 270 492 2943 2902 1138 912 855
internal_count=4434 1491 1166 721 229 445 175 270 492 2943 2902 1138 912 855
cat_boundaries=0 2 4
cat_threshold=3422880256 35 2169705186 97
is_linear=0
shrinkage=0.04


Tree=121
num_leaves=15
num_cat=0
split_feature=5 24 3 20 7 10 7 7 6 8 8 5 17 9
split_gain=7.22963 18.9855 18.429 10.1856 11.2673 12.888 10.4493 20.8872 11.7465 10.3334 12.9441 12.8164 12.2047 11.698
threshold=37.416216135000006 348.07122113494921 21.500000000000004 8.5000000000000018 37.424332177060002 63.500000000000007 37.707137462107291 37.728244786988775 55.670614225000008 55.642087747604116 55.652523176224413 37.477560335000007 25.500000000000004 22.650000000000002
decision_type=2 10 2 2 10 8 8 10 2 10 10 2 10 10
left_child=1 -1 -3 4 5 -2 9 8 -8 -6 12 13 -11 -12
right_child=3 2 -4 -5 6 -7 7 -9 -10 10 11 -13 -14 -15
leaf_value=-0.66517544152466002 0.14282899689191739 0.20162556844510163 -0.23815893254519516 0.092763087603839195 -0.19510113840159904 -1.0928951155198223 -0.41836080410694593 -0.021119612459729709 -2.0015140843362103 0.68952881516967868 0.68029781785188259 -0.03465345721087023 0.0021451607307167819 -0.40028467196587203
leaf_weight=56 36 515 54 979 653 168 173 542 86 161 112 755 108 36
leaf_count=56 36 515 54 979 653 168 173 542 86 161 112 755 108 36
internal_value=3.60604e-05 0.00401274 0.00622378 -0.000619098 -0.00183551 -0.0108213 -0.0011259 -0.00492537 -0.0141985 0.000547046 0.00279149 0.000485651 0.0104412 0.0111258
internal_weight=4434 625 569 3809 2830 204 2626 801 259 1825 1172 903 269 148
internal_count=4434 625 569 3809 2830 204 2626 801 259 1825 1172 903 269 148
is_linear=0
shrinkage=0.04


Tree=122
num_leaves=15
num_cat=3
split_feature=2 0 0 1 25 5 18 0 10 18 3 19 5 26
split_gain=6.92957 12.6933 10.2897 14.0304 7.31589 11.5922 11.3877 10.7341 11.0793 6.91367 9.70517 6.87816 12.2048 9.38972
threshold=665.53866950000008 0 1 320.50000000000006 18.66985691983373 37.628237190000007 1445.4536454116919 2 181.50000000000003 547.90243311266408 7.5000000000000009 883.5395748217901 37.416216135000006 2.243146767201488
decision_type=2 9 9 2 10 2 10 9 10 10 2 10 2 10
left_child=1 -1 4 -4 6 -6 7 -2 -9 10 -3 12 -11 -13
right_child=2 9 3 -5 5 -7 -8 8 -10 11 -12 13 -14 -15
leaf_value=-0.027704610696675618 0.19963807551543597 0.64192847299046607 0.021854190094016984 -2.0905842019343983 -0.26668049998924148 0.69585018808260501 -1.0700824676957805 -1.1280070009679737 0.092284102395014431 1.0170458993145577 -0.59070059985733259 0.0064928104600983265 0.16629391180538775 2.3885380472493756
leaf_weight=1392 101 40 1015 45 61 69 206 85 37 112 92 580 560 39
leaf_count=1392 101 40 1015 45 61 69 206 85 37 112 92 580 560 39
internal_value=3.60604e-05 0.00123492 -0.00204686 0.000298229 -0.00636364 0.00180451 -0.00898148 -0.00265487 -0.0100741 0.00387187 -0.00474074 0.00479134 0.00758519 0.00173633
internal_weight=4434 2815 1619 1060 559 130 429 223 122 1423 132 1291 672 619
internal_count=4434 2815 1619 1060 559 130 429 223 122 1423 132 1291 672 619
cat_boundaries=0 2 4 6
cat_threshold=2964558491 41 1179148864 66 100663808 66
is_linear=0
shrinkage=0.04


Tree=123
num_leaves=15
num_cat=0
split_feature=1 18 3 7 26 24 7 3 7 5 6 16 3 3
split_gain=6.89731 9.33263 11.0268 6.97286 15.2454 12.7843 11.9712 12.4636 11.785 10.9206 9.60538 23.4327 11.6446 15.0139
threshold=-156.49999999999997 963.96767829885744 11.500000000000002 37.707137462107291 1.1259949584522437 3863.4989201435096 37.722376719594301 11.500000000000002 37.684165209526832 37.718161500000008 55.663635485000007 0.37638888888888894 5.5000000000000009 8.5000000000000018
decision_type=2 10 2 8 10 10 10 2 10 2 2 10 2 2
left_child=1 -1 -3 8 6 9 -5 -8 -2 -6 11 -11 -12 -14
right_child=3 2 -4 4 5 -7 7 -9 -10 10 12 -13 13 -15
leaf_value=1.8995599020690133 -0.002513864873951424 -1.0447778943983645 1.0022203808633914 -2.0683841052201797 -0.60054206407067079 2.4255457057259102 0.17539963008596737 -1.0345351040675406 0.3347896924296242 1.1109377809734309 1.0973748198279338 -0.12861884125776171 -1.4416724765938522 -0.14450341314049048
leaf_weight=43 2948 47 51 58 136 58 78 88 359 148 61 126 37 196
leaf_count=43 2948 47 51 58 136 58 78 88 359 148 61 126 37 196
internal_value=0 0.00861111 0.00158416 -0.000288641 -0.00323559 -0.000522876 -0.0123348 -0.00662722 0.000592145 -0.00203678 0.000420315 0.00577617 -0.00457912 -0.00864407
internal_weight=4434 141 98 4293 986 762 224 166 3307 704 568 274 294 233
internal_count=4434 141 98 4293 986 762 224 166 3307 704 568 274 294 233
is_linear=0
shrinkage=0.04


Tree=124
num_leaves=15
num_cat=0
split_feature=6 8 23 18 20 10 25 3 24 26 25 24 18 10
split_gain=6.4517 14.2742 14.6887 9.37308 9.58733 9.01932 16.3339 18.8633 12.2921 10.8041 10.581 8.65516 8.53273 9.71579
threshold=55.646745290000005 55.667801000000004 120.91653547100002 532.08024118662036 6.5000000000000009 166.50000000000003 14.308271884526379 12.500000000000002 5313.4800306041807 1.0803459114127889 19.10967971906403 3018.6436380232303 641.6188357260877 98.500000000000014
decision_type=2 8 10 10 2 8 10 2 10 10 10 10 10 10
left_child=5 3 -3 -2 -5 12 -7 9 10 -8 -9 -11 -1 -14
right_child=1 2 -4 4 -6 6 7 8 -10 11 -12 -13 13 -15
leaf_value=-0.3323620709365388 0.39809805602731674 0.025311498966818249 -0.16557235893376857 -2.0375420478045592 -0.28034547735412424 0.68003380669902358 0.21615221867647394 0.074210717816019386 -0.29480203721277048 0.72007676171420121 1.1414958458391093 -1.6917430152057835 0.25308998740415545 -0.14725623906304497
leaf_weight=102 37 1891 477 56 368 202 107 59 46 45 119 115 446 364
leaf_count=102 37 1891 477 56 368 202 107 59 46 45 119 115 446 364
internal_value=-0.000108181 -0.00125706 0 -0.00767241 -0.00936768 0.00191542 0.00534483 0.00137652 0.00986784 -0.00577778 0.0145856 -0.0122699 -0.000699454 0.000688807
internal_weight=4434 2829 2368 461 424 1605 693 491 224 267 178 160 912 810
internal_count=4434 2829 2368 461 424 1605 693 491 224 267 178 160 912 810
is_linear=0
shrinkage=0.04


Tree=125
num_leaves=15
num_cat=2
split_feature=20 0 12 13 7 7 0 7 6 1 6 2 14 7
split_gain=6.4735 16.6247 15.3327 11.4762 11.0713 17.7313 12.8158 14.6272 11.2254 16.333 10.109 8.88629 8.64438 8.58177
threshold=8.5000000000000018 0 26.222500000000007 0.67500000000000004 37.707137462107291 37.727230000000013 1 37.663625650143857 55.637256620000009 157.50000000000003 55.670614225000008 719.0834645000001 17.578221343873519 37.695471771890361
decision_type=2 9 10 10 10 10 9 8 2 2 2 2 10 8
left_child=4 -2 3 -3 6 10 13 8 -8 -10 -6 12 -5 -1
right_child=1 2 -4 11 5 -7 7 -9 9 -11 -12 -13 -14 -15
leaf_value=-0.049480318989066352 0.49905841760979053 -0.19513172834118564 -0.87226583654232459 0.064998479977757498 -0.45156820981678381 -0.028328535788793064 0.49985851975327145 0.74566573442301809 0.05410723622960617 -0.64092039595450756 -2.006401118666636 -0.31949629020871045 1.2889888789248232 -0.86548530741358942
leaf_weight=1315 516 100 36 270 153 566 82 86 859 184 82 53 56 76
leaf_count=1315 516 100 36 270 153 566 82 86 859 184 82 53 56 76
internal_value=-0.000180302 0.00259188 -0.0025 -0.000580913 -0.00102173 -0.00512438 0.000245681 0.00323529 0.00202128 0.000879541 -0.0142857 0.0026178 0.00510638 -0.00236467
internal_weight=4434 1031 515 479 3403 801 2602 1211 1125 1043 235 379 326 1391
internal_count=4434 1031 515 479 3403 801 2602 1211 1125 1043 235 379 326 1391
cat_boundaries=0 2 4
cat_threshold=1040216202 67 3093012634 1
is_linear=0
shrinkage=0.04


Tree=126
num_leaves=15
num_cat=1
split_feature=3 1 3 1 10 20 7 7 0 7 15 7 11 26
split_gain=6.43774 17.6844 13.3673 15.2087 15.4647 18.0984 13.5789 9.9359 9.56796 12.9081 14.1661 12.9363 9.83419 9.34986
threshold=20.500000000000004 -9.4999999999999982 17.500000000000004 55.500000000000007 263.50000000000006 8.5000000000000018 37.373646810293664 37.521200625237263 0 37.521261500000001 16.889225578910295 37.525673918366181 16.309283000000004 1.2369860846473923
decision_type=2 2 2 2 10 2 10 10 9 10 10 10 10 8
left_child=2 -2 6 -4 5 -5 13 -3 -8 10 -10 -11 -13 -1
right_child=1 7 3 4 -6 -7 8 -9 9 11 -12 12 -14 -15
leaf_value=-0.063289652087849507 0.21614017029892074 -0.059556835341678147 1.3794220176102241 -0.25003730321371737 -1.2514825848464364 2.0133695612678517 0.040927767113762885 -0.79942883769512341 -0.48456880674474562 0.38708401483637334 0.01088047320658987 -0.026309556814764452 -1.0634910971598663 1.9897584258333256
leaf_weight=45 75 190 149 147 57 98 1427 101 418 122 111 1358 72 64
leaf_count=45 75 190 149 147 57 98 1427 101 418 122 111 1358 72 64
internal_value=-0.000144242 -0.00520325 0.000314419 0.00678414 0.00157377 0.00596774 -0.000497238 -0.00965986 -0.000934207 -0.00265521 -0.00804511 -0.000823151 -0.00189812 0.0132143
internal_weight=4434 366 4068 451 302 245 3617 291 3508 2081 529 1552 1430 109
internal_count=4434 366 4068 451 302 245 3617 291 3508 2081 529 1552 1430 109
cat_boundaries=0 2
cat_threshold=1501607328 6
is_linear=0
shrinkage=0.04


Tree=127
num_leaves=15
num_cat=3
split_feature=7 5 19 20 3 0 0 0 6 11 1 12 3 15
split_gain=7.58197 18.5608 8.66046 7.32839 17.5827 22.7886 18.7537 12.9659 11.0554 10.7597 10.6859 9.86406 10.2927 13.9925
threshold=37.379233439029967 37.363783455000011 1748.6358722251082 7.5000000000000009 8.5000000000000018 0 1 2 55.739211305000005 1.3285570000000002 292.50000000000006 25.507142857142863 7.5000000000000009 12.341990136538877
decision_type=8 2 10 2 2 9 9 9 2 10 2 10 2 10
left_child=1 2 -1 4 5 -2 -6 8 -5 -9 -8 12 13 -11
right_child=3 -3 -4 7 6 -7 10 9 -10 11 -12 -13 -14 -15
leaf_value=0.034356848258763367 -0.15090282290329016 1.8902107182329246 -0.39202666718283452 0.071887164642856022 -0.51562599999769787 0.34585281293929826 0.010531146552220179 0.98617937248879306 1.4234570167317395 -0.33469276090806654 -2.1221446041214871 -0.55237320062630868 0.06542486399052351 0.47424181972576807
leaf_weight=107 349 106 39 944 746 299 673 36 130 228 56 69 592 60
leaf_count=107 349 106 39 944 746 299 673 36 130 228 56 69 592 60
internal_value=-0.000108181 0.00658824 -0.00268456 -0.000516129 -0.00216369 0.00331797 -0.00457375 0.00118332 0.00419503 -0.00212425 5.39084e-05 -0.00298319 -0.001812 -0.00797251
internal_weight=4434 252 146 4182 2123 648 1475 2059 1074 985 729 949 880 288
internal_count=4434 252 146 4182 2123 648 1475 2059 1074 985 729 949 880 288
cat_boundaries=0 2 4 6
cat_threshold=2651194465 101 1880977545 98 2114462923 66
is_linear=0
shrinkage=0.04


Tree=128
num_leaves=15
num_cat=3
split_feature=10 17 0 3 26 0 5 6 3 16 24 16 0 10
split_gain=6.79562 16.4867 6.91998 10.1505 9.7908 14.4119 10.0916 9.68747 8.74532 8.34317 8.28945 9.71289 12.1707 8.7107
threshold=350.50000000000006 24.500000000000004 0 4.5000000000000009 1.0460717964229798 1 37.491016760000008 55.651852825000006 2.5000000000000004 0.034210526315789476 1305.0623100990854 0.22557928214447981 2 231.50000000000003
decision_type=8 8 9 2 10 9 2 2 2 8 10 10 9 10
left_child=2 -2 3 -1 5 7 -7 -4 -6 -10 -11 12 13 -12
right_child=1 -3 4 -5 8 6 -8 -9 9 10 11 -13 -14 -15
leaf_value=0.42201304794368261 0.14712352691614741 -1.2479598211158927 -0.0768803822447785 0.018626867577358652 -0.82292821735358046 0.36336531578471148 -0.15928233823378349 -1.0988820256891212 -0.47167286822459403 0.29815164778112602 0.061385409312284089 -0.03227158936242347 0.21914532848181156 -0.29117087860122409
leaf_weight=162 45 71 83 995 46 128 287 125 57 219 245 1371 506 94
leaf_count=162 45 71 83 995 46 128 287 125 57 219 245 1371 506 94
internal_value=1.80302e-05 -0.00941176 0.000277713 0.00290598 -0.000693132 -0.00517572 -0.000654206 -0.0133937 0.000409288 0.000737475 0.00109926 0.000360523 0.00372642 -0.00215909
internal_weight=4434 116 4318 1157 3161 623 415 208 2538 2492 2435 2216 845 339
internal_count=4434 116 4318 1157 3161 623 415 208 2538 2492 2435 2216 845 339
cat_boundaries=0 2 4 6
cat_threshold=1243611537 6 2753429568 97 348471840 33
is_linear=0
shrinkage=0.04


Tree=129
num_leaves=15
num_cat=1
split_feature=7 5 0 1 26 7 7 5 5 25 6 19 7 5
split_gain=6.73351 15.2926 7.25806 15.8515 10.1163 10.8788 10.5759 16.0286 22.7214 8.93313 8.70799 8.58503 8.02204 11.7277
threshold=37.379233439029967 37.363783455000011 0 178.50000000000003 1.089660543902532 37.70744360366453 37.677568122833087 37.533866470000014 37.511715455000008 14.064304042220879 55.647441485000009 808.0045936720918 37.699024000000001 37.70659134000001
decision_type=8 2 9 2 8 10 10 2 2 10 2 10 10 2
left_child=1 -1 3 4 5 -2 7 8 9 -6 -5 -9 -8 -14
right_child=2 -3 -4 10 6 -7 12 11 -10 -11 -12 -13 13 -15
leaf_value=-0.086646628524803829 -0.051728480305748552 1.8138572148005137 0.017396959959034439 -0.027604215303989009 -0.65979453048068182 -1.0515533422247805 0.54492690087112716 0.23431983370525458 1.10643693013351 -0.030521288847454926 -1.9666609980553846 -0.97706910495619936 -0.77927770587879064 0.1184115028225039
leaf_weight=146 242 106 2413 55 43 65 224 45 126 201 115 153 90 410
leaf_count=146 242 106 2413 55 43 65 224 45 126 201 115 153 90 410
internal_value=-3.60604e-05 0.00627451 -0.00042055 -0.0023569 -0.0011236 -0.0076129 0.000432432 -0.00364273 0.00128686 -0.00582996 -0.0138728 -0.0127363 0.00363136 0.000795229
internal_weight=4434 252 4182 1769 1599 307 1292 568 370 244 170 198 724 500
internal_count=4434 252 4182 1769 1599 307 1292 568 370 244 170 198 724 500
cat_boundaries=0 2
cat_threshold=2216657420 113
is_linear=0
shrinkage=0.04


Tree=130
num_leaves=15
num_cat=1
split_feature=5 24 3 17 1 10 6 0 18 10 5 18 5 18
split_gain=6.3944 15.3124 13.2173 10.4966 11.2077 14.8861 8.26909 20.3811 12.3063 11.1261 15.645 14.4676 12.069 12.3264
threshold=37.416216135000006 348.07122113494921 21.500000000000004 16.500000000000004 8.5000000000000018 137.50000000000003 55.651852825000006 0 1796.8462396038215 30.500000000000004 37.705961470000005 1036.6410909220526 37.533866470000014 2870.7704398800593
decision_type=2 8 2 8 2 10 2 9 10 10 2 10 2 10
left_child=1 -1 3 -3 5 -5 9 8 -8 11 12 -2 -11 -14
right_child=6 2 -4 4 -6 -7 7 -9 -10 10 -12 -13 13 -15
leaf_value=-0.63015903825600394 -0.63340274926145457 -0.071247647362529143 -0.21018119739937169 1.5963148627118835 0.21421508456111368 0.22676584292086929 -0.10470431187453272 -0.0043786296749655663 -0.83758750074370936 0.10736824608116553 0.4979618004409202 0.014619969549209844 -0.71954370610453089 0.20828135686006008
leaf_weight=55 79 85 54 59 286 86 147 1729 248 857 389 183 129 48
leaf_count=55 79 85 54 59 286 86 147 1729 248 857 389 183 129 48
internal_value=1.80302e-05 0.00375796 0.00572426 0.00770713 0.0102304 0.0191892 -0.000598111 -0.0022567 -0.0102941 0.00149289 0.0028892 -0.00603774 0.000308582 -0.00911111
internal_weight=4434 625 570 516 431 145 3809 2124 395 1685 1423 262 1034 177
internal_count=4434 625 570 516 431 145 3809 2124 395 1685 1423 262 1034 177
cat_boundaries=0 2
cat_threshold=2147881472 113
is_linear=0
shrinkage=0.04


Tree=131
num_leaves=15
num_cat=2
split_feature=2 0 0 25 25 18 7 11 3 18 11 14 12 5
split_gain=6.7479 11.1805 10.1779 7.91262 10.3338 8.35679 8.58245 7.88473 11.8834 7.93639 8.50316 12.8773 9.16016 12.3382
threshold=665.53866950000008 0 1 18.66985691983373 24.483293540099201 2521.5998794186871 37.694302632200582 13.943318000000001 10.500000000000002 2236.637232913175 8.3092830000000024 12.9800395256917 15.430952380952382 37.690101775000009
decision_type=2 9 9 10 10 10 10 10 2 10 10 10 10 2
left_child=1 7 3 5 -5 6 -2 9 -9 10 11 -1 -13 -14
right_child=2 -3 -4 4 -6 -7 -8 8 -10 -11 -12 12 13 -15
leaf_value=-0.2312513014663618 -0.013753039816848799 0.090768081668704217 0.023666115987693238 0.89209463639520181 -0.023656284174966395 -1.3426511707683186 -0.67027102672623362 0.14681031989699889 -0.56249446585633434 -0.19356820328528115 0.41609336696349064 0.89881160542847061 -0.21995327940973908 0.29120842609714848
leaf_weight=241 355 1596 758 74 97 99 236 84 102 384 200 91 67 50
leaf_count=241 355 1596 758 74 97 99 236 84 102 384 200 91 67 50
internal_value=-9.0151e-05 0.00109297 -0.0021455 -0.00508009 0.00252874 -0.00704185 -0.00518519 -0.00178571 -0.00931217 -0.00042471 0.00226994 -0.00079646 0.0064455 -0.001
internal_weight=4434 2815 1619 861 171 690 591 1219 186 1033 649 449 208 117
internal_count=4434 2815 1619 861 171 690 591 1219 186 1033 649 449 208 117
cat_boundaries=0 2 4
cat_threshold=2964559514 40 3327713884 67
is_linear=0
shrinkage=0.04


Tree=132
num_leaves=15
num_cat=0
split_feature=1 3 7 5 6 1 19 16 1 8 6 7 10 5
split_gain=6.17179 7.93806 6.11925 15.0016 9.80751 10.9805 8.66046 9.6585 6.33804 6.44008 17.5528 20.1882 12.07 18.3072
threshold=-156.49999999999997 11.500000000000002 37.379233439029967 37.363783455000011 55.803101210000008 167.50000000000003 1748.6358722251082 0.28483245149911823 437.50000000000006 55.685454096347691 55.657609310000005 37.702326335653296 30.500000000000004 37.705961470000005
decision_type=2 2 8 2 2 2 10 10 2 10 2 8 8 2
left_child=1 -1 3 6 8 -6 7 -2 9 10 12 -12 -4 -14
right_child=2 -3 4 -5 5 -7 -8 -9 -10 -11 11 -13 13 -15
leaf_value=-0.04526605105182057 0.42444897180442698 1.1746957229072041 -0.16006413468064182 1.7380524484777686 -0.026395643736885743 -2.2088072856824321 -0.37445068530865672 -0.23331232657938039 -1.6510797733709046 0.032393177564660793 -0.028735095262299622 -1.0624342805982854 -0.013034805531138076 0.52600038241456004
leaf_weight=69 37 72 231 106 104 40 39 70 41 1526 460 222 1044 373
leaf_count=69 37 72 231 106 104 40 39 70 41 1526 460 222 1044 373
internal_value=-9.0151e-05 0.00805556 -0.000363128 0.00564706 -0.00074184 -0.0108844 -0.00268456 0.00327273 -0.000358974 -0.000186577 -0.00150879 -0.00689051 0.000726832 0.00211268
internal_weight=4434 141 4293 252 4041 144 146 107 3897 3856 2330 682 1648 1417
internal_count=4434 141 4293 252 4041 144 146 107 3897 3856 2330 682 1648 1417
is_linear=0
shrinkage=0.04


Tree=133
num_leaves=15
num_cat=2
split_feature=2 0 0 17 19 24 25 18 11 13 26 24 8 23
split_gain=6.31298 10.7172 10.5394 8.25883 6.82332 6.88954 7.38157 6.32178 11.1858 7.62388 6.07135 9.08215 15.1006 10.2464
threshold=665.53866950000008 0 1 15.500000000000002 20.912080411320769 4125.5194950565938 25.668683115732389 390.68526242851584 6.3092830000000006 0.67500000000000004 1.2705086378093957 3121.8768174188667 55.635977307560928 2695.8859279825006
decision_type=2 9 9 10 10 10 10 10 10 8 8 10 10 8
left_child=1 10 4 -3 -2 -6 -7 8 -4 -10 11 12 -1 -14
right_child=2 3 7 -5 5 6 -8 -9 9 -11 -12 -13 13 -15
leaf_value=0.47125535444635019 -0.068372798403915455 -0.55231555551992284 0.33579122238968639 -0.011889109305122533 0.42067449888068836 -1.1490639413477275 0.10626550231086132 -0.1393139286436729 -0.29875023608650425 0.41883470621418267 0.2448006374467401 0.13027281136296509 -0.51255321770886808 0.60640934929265744
leaf_weight=73 55 43 65 1272 197 40 90 1071 64 37 716 428 248 35
leaf_count=73 55 43 65 1272 197 40 90 1071 64 37 716 428 248 35
internal_value=-0.000108181 0.0010362 -0.00209618 -0.00159639 0.00364557 0.00593939 -0.00120301 -0.003872 0.00331361 -0.005 0.00333113 0.000914867 -0.0037883 -0.00797203
internal_weight=4434 2815 1619 1315 382 327 130 1237 166 101 1500 784 356 283
internal_count=4434 2815 1619 1315 382 327 130 1237 166 101 1500 784 356 283
cat_boundaries=0 2 3
cat_threshold=1330176356 87 815990146
is_linear=0
shrinkage=0.04


Tree=134
num_leaves=15
num_cat=2
split_feature=1 2 0 0 26 11 26 18 3 11 10 20 1 1
split_gain=6.04027 5.82621 10.7369 9.73953 8.60437 7.59649 7.31857 8.63328 11.1874 11.2325 7.05576 7.24032 6.75682 6.53181
threshold=-219.49999999999997 665.53866950000008 0 1 4.062314848420189 15.130324000000002 1.0000365448124928 945.56245686978548 9.5000000000000018 7.1650740000000006 229.50000000000003 6.5000000000000009 303.50000000000006 11.500000000000002
decision_type=2 2 9 9 10 8 10 10 2 10 10 2 2 2
left_child=-1 3 -3 5 6 -2 -5 8 -8 -10 -9 -12 -4 -13
right_child=1 2 12 4 -6 -7 7 10 9 -11 11 13 -14 -15
leaf_value=1.2494486028611345 0.079970667566538506 -0.19952751370442315 0.041131628126210844 -0.8157286160056989 -0.52985570829164386 0.35225155084786991 0.82163971217627285 0.0094525705230142885 0.61312497739263683 -0.43661985119652696 -1.0303315049150559 0.13130924892552001 -1.428836045237619 -0.38525233370814749
leaf_weight=45 1229 920 641 35 71 132 71 823 49 54 83 99 36 146
leaf_count=45 1229 920 641 35 71 132 71 823 49 54 83 99 36 146
internal_value=5.40906e-05 -0.000100182 -0.002025 0.00100179 -0.00130194 0.00340611 -0.000586941 -9.03614e-05 0.00813559 -0.000377358 -0.00135182 -0.00628399 0.0017971 -0.00274194
internal_weight=4434 4389 1597 2792 1431 1361 1360 1325 174 103 1151 328 677 245
internal_count=4434 4389 1597 2792 1431 1361 1360 1325 174 103 1151 328 677 245
cat_boundaries=0 2 4
cat_threshold=3428606548 99 1330389348 87
is_linear=0
shrinkage=0.04


Tree=135
num_leaves=15
num_cat=1
split_feature=1 7 5 20 3 6 17 6 15 3 1 7 0 26
split_gain=6.07116 5.65938 13.1086 7.33772 13.9857 12.481 13.619 10.8908 10.7726 14.3826 16.3127 14.4582 14.7524 13.6812
threshold=-219.49999999999997 37.379233439029967 37.363783455000011 7.5000000000000009 5.5000000000000009 55.739211305000005 28.500000000000004 55.730446065000002 11.545725545607636 15.500000000000002 282.50000000000006 37.421857410558651 0 1.5473724657763943
decision_type=2 8 2 2 2 2 10 2 10 2 2 10 9 10
left_child=-1 2 -2 4 -3 7 -7 -5 9 11 13 -6 -13 -11
right_child=1 3 -4 5 8 6 -8 -9 -10 10 -12 12 -14 -15
leaf_value=1.1994706587466897 -0.085201095489177162 0.24036274982919675 1.6734369374169586 0.022236126863695187 -0.22105315490687935 0.076282065199260216 2.2104766475812947 -0.80846300603530585 -0.41206442298722545 0.01150003526896168 -3.1714831805178609 0.3441425768420176 -0.066823829525744116 -1.9502887124427861
leaf_weight=45 146 302 106 1756 138 124 62 100 614 210 50 330 382 69
leaf_count=45 146 302 106 1756 138 124 62 100 614 210 50 330 382 69
internal_value=1.80302e-05 -0.000136612 0.00564706 -0.000492754 -0.00215443 0.00121271 0.0110053 0.000215169 -0.00349666 -0.00125212 -0.00831325 0.00150059 0.0038042 -0.00439716
internal_weight=4434 4389 252 4137 2095 2042 186 1856 1793 1179 329 850 712 279
internal_count=4434 4389 252 4137 2095 2042 186 1856 1793 1179 329 850 712 279
cat_boundaries=0 2
cat_threshold=2231415810 103
is_linear=0
shrinkage=0.04


Tree=136
num_leaves=15
num_cat=1
split_feature=18 3 10 26 5 8 7 18 0 11 3 23 5 25
split_gain=5.55513 14.2013 17.704 11.298 12.9276 16.0542 15.9066 13.821 9.80653 9.51199 9.14005 8.69081 8.71428 27.2882
threshold=4481.8407919420333 5.5000000000000009 225.50000000000003 1.0482082248273845 37.416216135000006 55.802496500000011 37.445623420190046 1110.9562966925103 0 13.802462500000003 2.5000000000000004 4778.5599331005005 37.473681185000011 21.560783165257472
decision_type=10 2 10 8 2 10 10 8 9 10 2 8 2 10
left_child=3 -2 -3 8 5 7 9 -5 -1 -6 -8 12 13 -12
right_child=1 2 -4 4 6 -7 10 -9 -10 -11 11 -13 -14 -15
leaf_value=-0.51872957392379138 0.47061338813701753 0.063006137790196134 -0.32776579087522606 0.015001021068975362 -0.94475754458797956 -0.53041753795906077 -0.71916993807595875 1.3745861949653164 -0.017172776219871295 0.3151558104903262 1.5461973338276249 0.85392613237483173 -0.0040356315834355885 -0.82485691861074206
leaf_weight=268 82 425 154 146 221 39 56 210 402 48 158 35 2086 104
leaf_count=268 82 425 154 146 221 39 56 210 402 48 158 35 2086 104
internal_value=0.000180302 0.00355422 0.00130584 -0.000413136 0.00060528 0.00733668 -0.000383622 0.0100279 -0.00511144 -0.00955882 0.000638821 0.00102263 0.00071459 0.00754717
internal_weight=4434 661 579 3773 3103 395 2708 356 670 269 2439 2383 2348 262
internal_count=4434 661 579 3773 3103 395 2708 356 670 269 2439 2383 2348 262
cat_boundaries=0 2
cat_threshold=2686074978 97
is_linear=0
shrinkage=0.04


Tree=137
num_leaves=15
num_cat=1
split_feature=0 6 26 5 8 12 8 18 18 11 17 3 3 7
split_gain=5.29306 9.99083 17.0239 13.1506 11.83 13.7263 10.702 11.2029 17.2612 8.10074 7.57127 10.2046 9.02155 9.81647
threshold=0 55.651852825000006 1.1804948787576348 37.689367125000011 55.685454096347691 2.2775000000000003 55.642883327811326 2900.7534832744345 2264.3157045752537 20.865553000000002 26.500000000000004 11.500000000000002 8.5000000000000018 37.414509576686221
decision_type=9 2 10 2 10 10 10 10 10 10 10 2 2 10
left_child=1 6 3 -3 5 -4 -1 8 -8 -2 12 -12 -6 -14
right_child=9 2 4 -5 10 -7 7 -9 -10 -11 11 -13 13 -15
leaf_value=-0.038871950612194797 0.016312013141335856 -0.18633562350397156 -1.251720604599136 -1.0112626512920111 -0.32509184969516752 -0.044573192362669829 0.42976469048635396 0.96987176054396174 -0.79460962990715789 0.32146825235063703 1.1435520086929096 0.0068300744410713325 1.4157144751043342 -0.10372502723567877
leaf_weight=641 2014 360 40 111 77 370 322 55 84 56 89 68 48 99
leaf_count=641 2014 360 40 111 77 370 322 55 84 56 89 68 48 99
internal_value=0.000180302 -0.00111064 -0.0035415 -0.00953586 5.03778e-05 -0.00464891 0.00166516 0.0062931 0.00391198 0.00165146 0.00510417 0.01175 0.000352423 0.00613333
internal_weight=4434 2364 1262 471 791 410 1102 461 406 2070 381 157 224 147
internal_count=4434 2364 1262 471 791 410 1102 461 406 2070 381 157 224 147
cat_boundaries=0 2
cat_threshold=2426393160 121
is_linear=0
shrinkage=0.04


Tree=138
num_leaves=15
num_cat=3
split_feature=2 0 3 0 21 15 19 26 14 0 13 6 9 11
split_gain=6.15104 12.5838 10.8559 10.6402 7.0799 8.05042 9.7651 8.86368 8.23249 11.0579 10.5465 12.3016 7.61046 6.96247
threshold=665.53866950000008 0 3.5000000000000004 1 4.5000000000000009 13.885690857688589 1724.610035972371 3.8768636749268039 12.9800395256917 2 6.2175000000000002 55.676956365000002 1.1500000000000001 5.6022320000000008
decision_type=2 9 2 9 2 8 10 10 10 9 8 2 10 10
left_child=1 -1 -3 -2 5 7 -7 8 10 -10 11 -4 -6 -8
right_child=3 2 4 -5 12 6 13 -9 9 -11 -12 -13 -14 -15
leaf_value=0.0763831404471223 -0.15814247012519986 -0.19991939818193999 0.36838323623057234 0.034764239830823787 -0.094497238582414739 -0.77637235671115068 -0.28374461654926941 -0.36581362757627034 -0.1547130203351739 0.38127947923000532 -0.26067435323592775 -0.35363626468305454 0.94437719249632834 0.68195260882480857
leaf_weight=1344 983 97 200 636 36 154 50 58 103 279 256 111 83 44
leaf_count=1344 983 97 200 636 36 154 50 58 103 279 256 111 83 44
internal_value=0.000162272 0.0012917 -0.00126685 -0.00180025 -0.000348584 -0.00124006 -0.0076494 0.000356436 0.00130252 0.00581818 -0.00175439 0.00318471 0.00885246 0.00247423
internal_weight=4434 2815 1471 1619 1374 1255 248 1007 949 382 567 311 119 94
internal_count=4434 2815 1471 1619 1374 1255 248 1007 949 382 567 311 119 94
cat_boundaries=0 2 4 6
cat_threshold=1313613157 94 3428606532 103 8470656 32
is_linear=0
shrinkage=0.04


Tree=139
num_leaves=15
num_cat=2
split_feature=18 16 3 18 8 0 3 1 0 1 15 26 6 1
split_gain=5.9396 13.8539 17.38 11.7154 16.8536 13.124 12.9418 11.8901 12.0489 11.5787 11.3867 11.2022 11.0686 10.7592
threshold=4481.8407919420333 0.11566332218506133 20.500000000000004 2291.090358845338 55.533200111526718 0 10.500000000000002 240.50000000000003 1 48.500000000000007 13.885690857688589 1.2416171671904774 55.648926615000008 -194.99999999999997
decision_type=10 10 2 10 8 9 2 2 9 2 8 10 2 2
left_child=3 9 -3 4 -1 6 -5 8 10 -2 13 -7 -4 -6
right_child=1 2 12 5 7 11 -8 -9 -10 -11 -12 -13 -14 -15
leaf_value=3.4506152607006628 0.0074294034216220795 0.40373902055161209 -0.48315798191190779 -0.27837113595605445 1.4545042016308429 -0.23355111155833144 0.22940468814123732 -0.97939316220440908 0.1945778404247244 -0.65936511308510315 -0.413405474538172 -1.2619086916097555 0.0044802577723466941 -0.0093179453621863931
leaf_weight=37 82 362 39 209 42 608 279 168 999 62 144 130 116 1157
leaf_count=37 82 362 39 209 42 608 279 168 999 62 144 130 116 1157
internal_value=0.000306513 0.00379518 0.00684615 -0.000307203 0.00123922 -0.00351505 0.00159681 0.000827696 0.0015693 -0.00707483 -0.000914454 -0.00681758 -0.0043038 0.000366057
internal_weight=4434 661 517 3773 2547 1226 488 2510 2342 144 1343 738 155 1199
internal_count=4434 661 517 3773 2547 1226 488 2510 2342 144 1343 738 155 1199
cat_boundaries=0 2 3
cat_threshold=101147719 2 2788943449
is_linear=0
shrinkage=0.04


Tree=140
num_leaves=15
num_cat=2
split_feature=23 1 0 9 0 3 6 3 3 8 18 5 8 12
split_gain=6.29167 10.3362 10.6912 12.2277 9.44957 10.2514 11.9235 10.184 8.87714 8.05332 8.01498 9.06271 8.23462 8.03092
threshold=56.011518896500007 412.50000000000006 0 6.1500000000000012 1 20.500000000000004 55.716776710000012 17.500000000000004 16.500000000000004 55.658561289201657 593.9400005545441 37.416216135000006 55.713763422634983 7.886111111111112
decision_type=10 2 9 8 9 2 2 2 2 10 10 2 10 10
left_child=4 2 8 -4 -1 7 -7 10 -2 -9 -6 -12 -13 -14
right_child=1 -3 3 -5 5 6 -8 9 -10 -11 11 12 13 -15
leaf_value=-0.015865702795327365 0.0090189254641830988 -4.0471259934883754 0.010218777355366058 -0.37659326311557645 -0.2676307461480778 -0.39933206231698193 0.027082310894229279 0.55674361442157005 0.19959860840662497 2.5061644480626408 0.65372774291658386 0.20344729855599794 0.074927955224658838 -0.76666922431690243
leaf_weight=1327 461 35 685 586 105 67 56 61 132 59 132 560 69 99
leaf_count=1327 461 35 685 586 105 67 56 61 132 59 132 560 69 99
internal_value=0.000288483 -0.0014511 -0.00102839 -0.00308411 0.0015918 0.00412776 -0.00666667 0.00540441 0.00336634 0.0162602 0.00400826 0.00528389 0.00350205 -0.00421053
internal_weight=4434 1899 1864 1271 2535 1208 123 1085 593 120 965 860 728 168
internal_count=4434 1899 1864 1271 2535 1208 123 1085 593 120 965 860 728 168
cat_boundaries=0 2 4
cat_threshold=1830814162 6 2914206418 97
is_linear=0
shrinkage=0.04


Tree=141
num_leaves=15
num_cat=3
split_feature=20 0 12 14 0 13 3 20 9 5 7 22 0 3
split_gain=5.99262 14.9786 10.3029 11.2929 9.53826 10.8422 9.29617 8.54592 9.42193 8.85445 8.0069 7.9174 18.3814 15.0778
threshold=8.5000000000000018 0 26.508333333333336 1.9616883116883119 1 21.190945945945952 3.5000000000000004 3.5000000000000004 18.850000000000005 37.480191280000007 37.414063313534406 115.93281013400001 2 12.500000000000002
decision_type=2 9 10 8 9 8 2 2 10 2 10 2 9 2
left_child=4 -2 3 -3 5 7 -5 -1 9 10 -9 -6 13 -13
right_child=1 2 -4 6 11 -7 -8 8 -10 -11 -12 12 -14 -15
leaf_value=-0.26363657588985251 0.3735052541885584 -0.21418298743626679 -0.54412761478846383 -0.60849302201427136 -0.091798868129138067 0.49102866967728459 0.26356364113600972 0.045257888578676991 -0.36718764805728121 -0.068874599772215314 0.70890368968597728 0.031051886307988639 0.13228279669485937 -0.60224980131461847
leaf_weight=53 480 112 40 35 1811 39 364 116 112 69 162 196 702 143
leaf_count=53 480 112 40 35 1811 39 364 116 112 69 162 196 702 143
internal_value=0.000234393 0.00290135 -0.00163121 -7.7821e-05 -0.000575455 0.0041844 0.00308458 0.00264078 0.00441558 0.00765714 0.0108185 -0.00150785 0.00126437 -0.00625
internal_weight=4434 1031 551 511 3403 551 399 512 459 347 278 2852 1041 339
internal_count=4434 1031 551 511 3403 551 399 512 459 347 278 2852 1041 339
cat_boundaries=0 2 4 5
cat_threshold=1040200840 98 1073743136 30 69087246
is_linear=0
shrinkage=0.04


Tree=142
num_leaves=15
num_cat=1
split_feature=5 18 8 18 3 7 0 3 7 3 2 6 5 12
split_gain=6.05642 6.44544 14.2679 11.7258 14.4721 13.1777 9.61675 11.5231 13.8282 11.8293 13.3966 9.70709 9.85055 9.69504
threshold=37.861603420000009 2291.090358845338 55.533200111526718 4481.8407919420333 5.5000000000000009 37.373646810293664 0 12.500000000000002 37.448544814698643 15.500000000000002 659.0834645000001 55.640211270000002 37.620985870000005 11.877500000000003
decision_type=2 8 10 10 2 8 9 2 10 2 2 2 2 10
left_child=1 2 -1 5 -5 -3 13 8 -8 10 -9 -11 -13 -7
right_child=-2 3 -4 4 -6 6 7 9 -10 11 -12 12 -14 -15
leaf_value=3.3168972331096165 0.71753134822488507 0.90399661068481518 0.022761113311555052 0.42511760102217649 0.0019526615494054567 -0.32830581392184971 -1.4364393137390696 0.46418313777704867 -0.24538385363241649 0.421660841935104 -0.00075885607082868398 -1.0164839778438126 0.61553068526851318 -1.7857700713708322
leaf_weight=37 50 55 2485 82 579 44 108 76 494 107 109 98 54 56
leaf_count=37 50 55 2485 82 579 44 108 76 494 107 109 98 54 56
internal_value=0.000144242 -1.82357e-05 0.00129901 -0.00180161 0.00246988 -0.00415282 -0.00508268 -0.00377715 -0.00740496 0.00107383 0.0087234 -0.00442748 -0.0108387 -0.0162832
internal_weight=4434 4384 2522 1862 661 1201 1146 1046 602 444 185 259 152 100
internal_count=4434 4384 2522 1862 661 1201 1146 1046 602 444 185 259 152 100
cat_boundaries=0 2
cat_threshold=397312 96
is_linear=0
shrinkage=0.04


Tree=143
num_leaves=15
num_cat=1
split_feature=15 10 19 0 14 24 25 26 9 24 7 12 3 20
split_gain=5.92891 17.17 9.84711 9.52028 14.265 14.0379 13.5197 10.0152 11.342 9.96103 9.05076 8.73367 8.56681 7.68573
threshold=12.028961235436244 350.50000000000006 1529.9608374659183 0 13.298913043478263 2942.9812445646526 16.45379889950296 1.1050735434842471 33.100000000000009 3668.8504394850647 37.710159722415355 24.654166666666665 6.5000000000000009 3.5000000000000004
decision_type=10 10 10 9 10 10 8 10 8 10 10 10 2 2
left_child=2 3 13 5 -5 10 11 -7 9 -9 -2 -6 -8 -1
right_child=1 -3 -4 4 6 7 12 8 -10 -11 -12 -13 -14 -15
leaf_value=-0.1065483971655297 0.76427158465506861 -1.3823273940097243 0.50576488962583643 -0.70468345625266582 -0.18336187505782228 0.093179809512648717 0.90150004391562133 0.1399264922491929 0.052204370130442011 -1.0236620671183756 -1.5115683463063891 -1.7945308355299563 -0.001790170212398543 0.026120623495073582
leaf_weight=339 217 50 108 76 213 243 69 55 84 111 36 73 326 2434
leaf_count=339 217 50 108 76 213 243 69 55 84 111 36 73 326 2434
internal_value=0.000216362 -0.00177378 0.00128988 -0.000982736 -0.0041039 0.00221344 -0.0022807 -0.00169355 -0.00727273 -0.0132544 0.00984375 -0.00885813 0.00251256 0.000821326
internal_weight=4434 1553 2881 1503 757 746 681 493 250 166 253 286 395 2773
internal_count=4434 1553 2881 1503 757 746 681 493 250 166 253 286 395 2773
cat_boundaries=0 2
cat_threshold=2024278004 66
is_linear=0
shrinkage=0.04


Tree=144
num_leaves=15
num_cat=3
split_feature=5 15 0 14 19 19 20 25 0 22 11 2 19 0
split_gain=5.89497 5.67565 12.0685 11.4564 10.7588 9.96964 6.86747 13.1054 14.889 11.399 9.49758 8.0258 9.88916 9.26976
threshold=37.861603420000009 12.028961235436244 0 13.235608552631581 1838.8539671544024 1529.9608374659183 3.5000000000000004 6.9073045775558617 1 298.02790747700004 7.9433180000000005 659.0834645000001 922.87222534496914 2
decision_type=2 10 9 10 10 10 2 10 9 2 10 2 10 9
left_child=1 5 4 -4 -3 6 10 -8 -9 11 -1 12 -10 -13
right_child=-2 2 3 -5 -6 -7 7 8 9 -11 -12 13 -14 -15
leaf_value=0.032769212214962241 0.68778526935608642 0.066987607417186915 -0.67471847265281304 -0.065049048742378407 0.35761834382319424 0.48553429404080289 0.50054161324755397 -0.18886312249231352 0.37251942103014968 -0.76596451816954492 -0.3295486546037118 0.068165252000260287 -0.019409334872324279 -0.16499976374348838
leaf_weight=162 50 307 111 1078 39 108 187 536 544 39 177 421 269 406
leaf_count=162 50 307 111 1078 39 108 187 536 544 39 177 421 269 406
internal_value=0.000324544 0.000164121 -0.00179454 -0.00369384 0.00467967 0.0012202 0.00074344 0.00149688 0.000631199 0.00248227 -0.0045614 0.00301887 0.00583333 0.000240964
internal_weight=4434 4384 1535 1189 346 2849 2741 2402 2215 1679 339 1640 813 827
internal_count=4434 4384 1535 1189 346 2849 2741 2402 2215 1679 339 1640 813 827
cat_boundaries=0 2 4 5
cat_threshold=1619527460 66 564200032 104 269624719
is_linear=0
shrinkage=0.04


Tree=145
num_leaves=15
num_cat=1
split_feature=5 0 3 10 20 7 26 14 12 26 16 3 19 11
split_gain=5.89497 6.28363 9.49384 12.5835 11.9464 11.5115 12.1041 14.4651 11.243 10.4901 10.8115 13.0575 10.2566 9.75109
threshold=37.861603420000009 0 9.5000000000000018 62.500000000000007 3.5000000000000004 37.512947860850588 1.4340210317229765 10.543657505285413 21.40909090909091 1.0874355643124334 0.56904761904761914 18.500000000000004 1192.9287421894919 13.034242000000001
decision_type=2 9 2 10 2 10 10 10 10 10 8 2 10 8
left_child=1 -1 3 -3 -4 6 9 -8 12 10 11 -6 -5 -7
right_child=-2 2 4 8 5 13 7 -9 -10 -11 -12 -13 -14 -15
leaf_value=-0.027078374001268345 0.66027385858184306 0.41954094117793117 -0.60128597392536809 0.019061624399769245 0.84763955424518944 -0.04017336781448716 -0.33312679942657913 1.8671515076338439 -0.27486160520536002 -0.14207547360448633 -0.59649593439050375 -0.26827105312148997 0.7561178349336557 -1.050665389013353
leaf_weight=2244 50 217 122 363 153 330 66 140 123 326 55 60 122 63
leaf_count=2244 50 217 122 363 153 330 66 140 123 326 55 60 122 63
internal_value=0.000324544 0.000164121 0.00170924 0.00507246 -0.000394537 0.00083612 0.00358655 0.011866 0.00209493 0.000670017 0.00649446 0.0105556 0.00483607 -0.00474747
internal_weight=4434 4384 2140 825 1315 1193 800 206 608 594 268 213 485 393
internal_count=4434 4384 2140 825 1315 1193 800 206 608 594 268 213 485 393
cat_boundaries=0 2
cat_threshold=2256486979 113
is_linear=0
shrinkage=0.04


Tree=146
num_leaves=15
num_cat=3
split_feature=23 19 13 14 10 26 1 20 0 0 15 18 10 0
split_gain=5.74406 8.61928 11.3373 11.8124 13.1611 16.2976 13.8917 11.2982 15.3983 11.1772 10.2741 10.1159 12.7509 9.87289
threshold=4226.4272594590011 8.2923404050750751 6.2175000000000002 10.29156779661017 245.50000000000003 1.6061401332668139 7.5000000000000009 8.5000000000000018 0 1 9.698880020380809 2040.714525529535 245.50000000000003 2
decision_type=8 10 10 10 10 10 2 2 9 9 10 10 10 9
left_child=1 11 9 -4 7 6 -6 8 -5 -3 -9 12 -1 -12
right_child=-2 2 3 4 5 -7 -8 10 -10 -11 13 -13 -14 -15
leaf_value=-0.3472510472070906 0.1457403527394166 -0.31717611297735404 -0.40588312889110412 0.12004205897791111 0.03231370660806835 0.22929460876241992 -0.64969715448775334 1.8933673788413723 -0.094988536037261928 0.2863320333522677 -0.10324079400726172 0.010834692207318782 0.43708328724670809 0.4337005385498327
leaf_weight=210 183 117 370 686 172 209 379 68 832 479 110 228 46 345
leaf_count=210 183 117 370 686 172 209 379 68 832 479 110 228 46 345
internal_value=0.000216362 -8.46262e-05 0.000562334 -0.000390674 0.000499287 -0.00398427 -0.00758123 0.00217221 0.000420776 0.00560935 0.00722433 -0.0050924 -0.0105019 0.00497817
internal_weight=4434 4251 3767 3171 2801 760 551 2041 1518 596 523 484 256 455
internal_count=4434 4251 3767 3171 2801 760 551 2041 1518 596 523 484 256 455
cat_boundaries=0 2 3 5
cat_threshold=1614300926 6 43516544 1572896 5
is_linear=0
shrinkage=0.04


Tree=147
num_leaves=15
num_cat=2
split_feature=18 8 25 8 23 19 10 0 0 25 10 13 25 5
split_gain=6.06868 14.2349 9.72567 13.9685 10.329 8.43628 11.6576 18.7607 11.1844 11.1641 10.8361 10.4646 10.2373 9.36384
threshold=2359.4960758246184 55.533200111526718 17.636642383116531 55.5422312135616 193.69447951050003 3.4916108827642049 62.500000000000007 0 1 16.768356822973171 245.50000000000003 17.230000000000008 2.1313630127351249 37.732755915000006
decision_type=10 10 10 10 10 8 10 9 9 10 10 8 10 2
left_child=1 -1 -2 -4 -5 10 7 11 9 -8 -3 -7 -9 -10
right_child=2 5 3 4 -6 6 8 12 13 -11 -12 -13 -14 -15
leaf_value=2.7230954694231979 -0.35759745018760319 -0.22489026997987116 -1.7420347201703912 0.028029065310793726 -0.373927668163967 0.024932283618604317 0.040232791768994219 -0.23299604133089788 -0.21308102916691846 1.3345395359642547 0.4997656061746909 -0.41006443504548301 0.63078021939491535 0.097542327459889583
leaf_weight=40 413 200 96 1263 47 175 721 39 682 88 37 60 326 247
leaf_count=40 413 200 96 1263 47 175 721 39 682 88 37 60 326 247
internal_value=0.000126211 0.00135982 -0.00164654 -5.67779e-05 0.0010358 0.000977502 0.00170867 0.00650083 4.59506e-05 0.00345499 -0.00616667 -0.00241935 0.0119577 -0.00292994
internal_weight=4434 2615 1819 1406 1310 2575 2338 600 1738 809 237 235 365 929
internal_count=4434 2615 1819 1406 1310 2575 2338 600 1738 809 237 235 365 929
cat_boundaries=0 2 4
cat_threshold=2685931657 32 1640505708 37
is_linear=0
shrinkage=0.04


Tree=148
num_leaves=15
num_cat=0
split_feature=3 1 20 13 7 5 3 17 23 7 7 9 17 19
split_gain=6.95039 11.4707 9.41891 9.95114 9.06681 11.368 7.83374 7.0999 6.33389 9.33316 14.3392 11.7156 8.95814 8.91949
threshold=20.500000000000004 -9.4999999999999982 9.5000000000000018 18.016190476190477 37.521200625237263 37.451340305000009 6.5000000000000009 52.500000000000007 58.452861869500005 37.707137462107291 37.729719700949531 6.2500000000000009 49.500000000000007 7.3285844778311047
decision_type=2 2 2 10 10 2 2 10 10 8 10 10 10 10
left_child=2 -2 8 6 5 7 -4 -3 -1 11 -11 12 -10 -12
right_child=1 4 3 -5 -6 -7 -8 -9 9 10 13 -13 -14 -15
leaf_value=0.033047608447362251 0.19956652708611627 -0.69575977846520631 0.064475158981311134 -0.061528881716550576 -0.76289202626755781 0.086014107262616019 1.8482037653825369 -0.032170696886027292 0.13425235192014781 -1.3798358306119709 -0.54480745682218046 -0.21321017263889203 -1.0676056842573443 0.10788057197229335
leaf_weight=2186 75 38 43 68 101 90 94 62 628 133 90 563 50 213
leaf_count=2186 75 38 43 68 101 90 94 62 628 133 90 563 50 213
internal_value=0.000270453 -0.00498645 0.000746745 0.00903846 -0.00857143 -0.00331606 0.0151429 -0.0124272 0.000300052 -0.00154762 -0.00656036 0.00022508 0.00375918 -0.00169935
internal_weight=4434 366 4068 205 291 190 137 100 3863 1677 436 1241 678 303
internal_count=4434 366 4068 205 291 190 137 100 3863 1677 436 1241 678 303
is_linear=0
shrinkage=0.04


Tree=149
num_leaves=15
num_cat=0
split_feature=3 11 1 3 8 6 8 1 1 7 3 6 7 6
split_gain=5.59016 13.9286 9.77798 8.88179 16.2555 13.1842 15.0123 13.003 10.0183 9.08289 8.14792 17.8607 9.30931 15.1347
threshold=20.500000000000004 2.7267010000000007 -13.499999999999998 17.500000000000004 55.64319801900735 55.657609310000005 55.730694139580756 22.500000000000004 188.50000000000003 37.448305367017042 15.500000000000002 55.634634135000006 37.728244786988775 55.733677020000009
decision_type=2 10 2 2 10 2 10 2 2 10 2 2 10 2
left_child=3 -2 -3 10 8 -6 7 -7 -5 -10 -1 -12 13 -13
right_child=1 2 -4 4 5 6 -8 -9 9 -11 11 12 -14 -15
leaf_value=0.016104236423740339 0.18773872127068805 0.18565248698886522 -0.24147910630727201 0.5369426854162247 2.4509896894063781 0.72168874787205994 1.505548481910947 -1.0942238711221568 0.12393881477780497 -2.5794791723529999 0.41804946465661091 -0.93965886473473492 0.34553513582231155 0.018678376039177515
leaf_weight=3130 45 61 260 104 72 44 81 68 39 43 90 252 48 97
leaf_count=3130 45 61 260 104 72 44 81 68 39 43 90 252 48 97
internal_value=0.000378634 -0.00433604 -0.00728395 0.000805699 0.0060793 0.0123881 0.00673469 -0.00278261 -0.00296296 -0.0131765 0.000143646 -0.00465306 -0.0083 -0.0105682
internal_weight=4434 366 321 4068 451 265 193 112 186 82 3617 487 397 349
internal_count=4434 366 321 4068 451 265 193 112 186 82 3617 487 397 349
is_linear=0
shrinkage=0.04


Tree=150
num_leaves=15
num_cat=2
split_feature=1 5 18 15 14 0 0 14 26 25 3 20 12 6
split_gain=5.2894 5.34848 5.77871 12.6375 11.1545 19.3856 15.1128 11.2746 9.9336 10.2349 10.8369 9.47155 8.77129 8.71238
threshold=437.50000000000006 37.861603420000009 2291.090358845338 8.7787469879879989 10.543657505285413 0 1 9.7925517241379314 1.170071265728007 17.51351856965195 21.500000000000004 7.5000000000000009 26.508333333333336 55.689390595000006
decision_type=2 2 8 8 8 9 9 10 8 10 2 2 8 2
left_child=1 2 4 -4 6 11 -1 -8 9 -5 13 -6 -7 -11
right_child=-2 -3 3 8 5 12 7 -9 -10 10 -12 -13 -14 -15
leaf_value=-0.42975368243182333 -1.3247560404253944 0.64046436024293718 0.074546647592594009 -0.51869340784778839 0.23033906283883995 0.037356813756659335 0.088426232459243581 -0.59203495469289358 -0.40575473980550342 0.2683272895189151 -0.62680759549919174 1.455048954189412 -0.56437634398157444 -0.070684628372773159
leaf_weight=375 43 47 423 273 201 919 631 46 371 459 42 221 109 274
leaf_count=375 43 47 423 273 201 919 631 46 371 459 42 221 109 274
internal_value=0.000450755 0.000591716 0.000441684 -0.00125745 0.00169261 0.00396421 -0.00144076 0.00214493 -0.0030661 -0.00106565 0.00128535 0.0110345 0.00092219 0.00244565
internal_weight=4434 4391 4344 1842 2502 1450 1052 677 1419 1048 775 422 1028 733
internal_count=4434 4391 4344 1842 2502 1450 1052 677 1419 1048 775 422 1028 733
cat_boundaries=0 2 4
cat_threshold=2021655974 68 1612398872 4
is_linear=0
shrinkage=0.04


Tree=151
num_leaves=15
num_cat=0
split_feature=16 2 26 26 19 10 17 10 6 1 10 25 6 8
split_gain=4.94255 5.72151 9.80008 7.5041 7.59985 12.1344 7.80223 6.92536 8.98071 8.02219 7.61959 7.34022 6.56365 8.80322
threshold=1.0000000180025095e-35 661.54713800000013 1.0000000000000118 5.2912070198540215 864.73207637467385 349.50000000000006 35.500000000000007 253.50000000000003 55.731569795000006 169.50000000000003 320.50000000000006 16.987158984642296 55.646745290000005 55.685454096347691
decision_type=10 2 10 10 10 10 10 10 2 2 10 10 2 10
left_child=-1 2 -2 4 6 -6 7 9 10 -4 -9 -11 -3 -14
right_child=1 12 3 -5 5 -7 -8 8 -10 11 -12 -13 13 -15
leaf_value=-0.072975367306208336 -0.70271068756360822 0.043224561034488858 0.073921358561568631 -0.23301131662404997 0.022221820593228473 -1.0096762680962055 0.29148718087977876 0.65368872622809893 0.80118580570668319 -1.1397723301806701 -0.64166490867136905 0.10176338023185168 -0.39574013276527964 -0.019596066705318833
leaf_weight=99 43 570 723 89 1261 53 264 61 56 69 54 47 292 753
leaf_count=99 43 570 723 89 1261 53 264 61 56 69 54 47 292 753
internal_value=0.000468785 0.000673121 0.00179214 0.00210448 0.00250096 0.000364465 0.00469851 0.00307996 0.0103448 0.0015677 0.00372881 -0.00806723 -0.00121137 -0.0030916
internal_weight=4434 4335 2720 2677 2588 1314 1274 1010 171 839 115 116 1615 1045
internal_count=4434 4335 2720 2677 2588 1314 1274 1010 171 839 115 116 1615 1045
is_linear=0
shrinkage=0.04


Tree=152
num_leaves=15
num_cat=2
split_feature=15 10 0 0 14 10 8 24 8 5 20 17 25 14
split_gain=5.04473 11.5216 9.21458 8.819 13.6617 8.4607 9.75617 10.0682 10.6323 8.29367 8.25593 7.84141 12.0069 8.97687
threshold=12.028961235436244 350.50000000000006 0 1 13.235608552631581 206.50000000000003 55.533200111526718 5609.4025252559522 55.802496500000011 37.444907120000011 3.5000000000000004 58.500000000000007 18.05515344602934 17.447341628959283
decision_type=8 10 9 9 10 10 10 10 10 2 2 10 10 10
left_child=2 3 -1 -2 -5 6 -6 8 9 -8 -4 12 -11 -14
right_child=1 -3 10 4 5 -7 7 -9 -10 11 -12 -13 13 -15
leaf_value=-0.016843346177072362 0.10642825607946776 -1.2561007792412988 -0.078838997474515379 -0.44353588608649913 3.1292147684394962 -0.39246339786182932 1.4352799526402424 0.20767343597022014 -1.4279246640065995 -0.2018220429977553 0.11914045517135492 -1.3236280801355076 0.93956898023008451 0.32188284529552347
leaf_weight=1427 358 50 175 120 37 384 40 124 46 246 1249 59 36 83
leaf_count=1427 358 50 175 120 37 384 40 124 46 246 1249 59 36 83
internal_value=0.000522876 -0.00128625 0.00152768 -0.000651042 -0.00232323 -0.000869565 0.00183976 0.000627943 -0.00187135 0 0.00378566 -0.00168618 0.000543478 0.0108197
internal_weight=4434 1583 2851 1533 1175 1055 671 634 510 464 1424 424 365 119
internal_count=4434 1583 2851 1533 1175 1055 671 634 510 464 1424 424 365 119
cat_boundaries=0 2 4
cat_threshold=3770237555 112 1619527460 66
is_linear=0
shrinkage=0.04


Tree=153
num_leaves=15
num_cat=1
split_feature=18 3 0 3 5 8 2 12 18 8 15 3 17 5
split_gain=5.48274 12.6519 22.7185 18.0421 13.2735 11.5417 10.4386 8.73746 8.22488 12.5682 12.3709 12.2639 11.3039 8.40413
threshold=2291.090358845338 12.500000000000002 0 15.500000000000002 37.73575717500001 55.533200111526718 663.98848050000015 9.3414285714285743 4560.3303847475572 55.636376424845047 9.0906518344393614 6.5000000000000009 69.500000000000014 37.514562870000006
decision_type=8 2 9 2 2 10 2 10 10 10 8 2 10 2
left_child=5 8 7 6 -5 -1 -4 -3 9 10 -2 -10 -12 -11
right_child=1 2 3 4 -6 -7 -8 -9 11 13 12 -13 -14 -15
leaf_value=2.7677484161144004 0.26474859547397617 -0.022084475921901561 0.56175729144199704 -0.01786219966948405 1.9242003692294452 0.024508632372845413 0.063874572581934005 -1.1432109251392348 0.37245507618170282 0.030010321906888182 -1.5213070681881042 -0.11378097676069507 -0.032349785414872691 -0.41775983399872646
leaf_weight=37 43 57 137 523 45 2508 110 70 100 249 135 155 38 227
leaf_count=37 43 57 137 523 45 2508 110 70 100 249 135 155 38 227
internal_value=0.000468785 -0.00116279 0.0021164 0.00458937 0.000700525 0.00167975 0.0136 -0.0128571 -0.00442105 -0.00667626 -0.0146119 0.00170543 -0.0193182 -0.00300626
internal_weight=4434 1889 942 815 568 2545 247 127 947 692 216 255 173 476
internal_count=4434 1889 942 815 568 2545 247 127 947 692 216 255 173 476
cat_boundaries=0 2
cat_threshold=25165857 96
is_linear=0
shrinkage=0.04


Tree=154
num_leaves=15
num_cat=2
split_feature=1 0 10 15 14 19 15 10 8 8 24 13 5 0
split_gain=5.42275 13.2997 10.4548 10.1153 8.6003 9.21486 10.4782 11.491 10.9956 11.0236 10.7523 8.80438 8.7416 8.60997
threshold=1.0000000180025095e-35 0 8.5000000000000018 14.743341681282603 27.440692640692646 1269.2503330881605 12.298023976752434 212.50000000000003 55.684294296496624 55.593519000000008 3137.1589718211594 18.884722222222226 37.386131840000012 1
decision_type=2 9 10 8 8 10 10 10 10 10 10 10 2 9
left_child=1 3 -3 -1 5 13 -7 8 9 11 -11 -8 -6 -2
right_child=4 2 -4 -5 12 6 7 -9 -10 10 -12 -13 -14 -15
leaf_value=0.0043219961272259865 0.026684278760792494 0.18989143462219715 0.10069724474052158 -0.52055191708183246 0.077232620736832444 0.54836338983406974 0.72884578839363368 -0.38801146935025715 -0.89934342591878991 0.084735058798179205 2.5799890314065075 -0.58834367158751766 -0.37488771816482597 -0.14697307463411619
leaf_weight=904 857 101 677 72 37 187 38 172 71 72 70 60 119 997
leaf_count=904 857 101 677 72 37 187 38 172 71 72 70 60 119 997
internal_value=0.000594997 0.00232214 0.00616941 -0.000808898 -0.000536713 3.16581e-05 0.0040416 0.00090535 0.00547771 0.00954733 0.0165517 -0.000792079 -0.00955975 -0.00142165
internal_weight=4434 1754 778 976 2680 2524 670 483 311 240 142 98 156 1854
internal_count=4434 1754 778 976 2680 2524 670 483 311 240 142 98 156 1854
cat_boundaries=0 2 4
cat_threshold=43545171 125 780969348 33
is_linear=0
shrinkage=0.04


Tree=155
num_leaves=15
num_cat=3
split_feature=1 22 0 25 19 1 0 23 0 6 8 5 23 3
split_gain=5.45982 6.37638 16.7037 14.5504 10.7564 8.98729 14.3639 12.5633 9.43314 11.0806 14.0111 9.36655 9.27045 8.69916
threshold=437.50000000000006 115.93281013400001 0 11.391817938998914 803.83123830884665 14.500000000000002 1 540.91653547100009 2 55.65948546500001 55.643259118017944 37.511715455000008 56.011518896500007 7.5000000000000009
decision_type=2 2 9 10 8 2 9 10 9 2 10 2 10 2
left_child=1 5 3 -3 -5 6 -1 8 13 10 -10 -11 -13 -7
right_child=-2 2 -4 4 -6 7 -8 -9 9 11 -12 12 -14 -15
leaf_value=-0.1024803642159884 -1.2202748521816558 -1.1218479241598067 0.11305607686537598 0.31200618975938688 -0.12235846668980983 -0.16775751918199688 0.10340543255603903 -2.0372702303842267 -0.2293354922994042 -0.1029039164365713 0.7809565390841462 -0.3119694129553453 -1.1801374076268198 0.14953466016852018
leaf_weight=517 43 105 1105 61 88 227 870 39 396 175 116 124 69 499
leaf_count=517 43 105 1105 61 88 227 870 39 396 175 116 124 69 499
internal_value=0.000667117 0.000810196 0.0030837 -0.00599251 0.00184211 -0.000210873 0.00215827 -0.00220874 -0.00164077 -0.0043897 -0.000621359 -0.0097035 -0.0157143 0.00173207
internal_weight=4434 4391 1359 254 149 3032 1387 1645 1606 880 512 368 193 726
internal_count=4434 4391 1359 254 149 3032 1387 1645 1606 880 512 368 193 726
cat_boundaries=0 1 3 5
cat_threshold=1974286 2256601601 101 3879240712 7
is_linear=0
shrinkage=0.04


Tree=156
num_leaves=15
num_cat=0
split_feature=1 5 15 8 6 1 26 15 20 7 7 5 19 16
split_gain=5.3885 5.24394 5.05841 6.62241 10.5051 8.96185 9.55452 6.05289 5.68278 8.47001 14.2014 13.0849 10.5004 10.378
threshold=437.50000000000006 37.861603420000009 33.350239505694354 55.802496500000011 55.791259530000005 190.50000000000003 1.1307657693551134 20.038032369804551 8.5000000000000018 37.707137462107291 37.727230000000013 37.690967510000007 713.85425251313552 0.28966437833714725
decision_type=2 2 10 10 2 2 10 10 2 10 10 2 10 10
left_child=1 2 3 4 7 6 -5 8 9 11 12 -1 -11 -14
right_child=-2 -3 -4 5 -6 -7 -8 -9 -10 10 -12 -13 13 -15
leaf_value=-0.0018464987363233831 -1.1714638580943892 0.57779661923741632 0.039704904800367584 0.069734174431899332 0.9472162343299948 -1.8251759888013808 -0.10301464969488108 -1.3842689644223112 0.092829034589953924 -1.6578614483717546 -6.1318084570132213e-05 0.29309429154952554 -0.66511597951757173 0.49442047338336975
leaf_weight=1889 43 47 56 132 91 40 109 79 964 65 505 249 112 53
leaf_count=1889 43 47 56 132 91 40 109 79 964 65 505 249 112 53
internal_value=0.000576966 0.000719162 0.000570508 0.000410161 0.00082793 -0.00549296 -0.00245902 0.000510334 0.000739583 -0.00015299 -0.00384824 0.00112097 -0.0120172 -0.00642857
internal_weight=4434 4391 4344 4288 4007 281 241 3916 3837 2873 735 2138 230 165
internal_count=4434 4391 4344 4288 4007 281 241 3916 3837 2873 735 2138 230 165
is_linear=0
shrinkage=0.04


Tree=157
num_leaves=15
num_cat=3
split_feature=2 0 0 18 3 3 19 0 5 15 18 1 6 7
split_gain=5.53848 10.8057 9.99965 8.27064 8.61996 11.2502 8.99728 13.8537 11.7223 8.32526 7.88367 7.60391 8.42029 7.33404
threshold=661.54713800000013 0 1 547.90243311266408 20.500000000000004 17.500000000000004 842.42235217278073 2 37.416216135000006 13.60485698004576 1435.0133374144073 1.0000000180025095e-35 55.737122935000009 37.743880356696529
decision_type=2 9 9 10 2 2 8 9 2 10 10 2 2 10
left_child=2 -2 -1 -4 5 6 8 -8 -5 -10 -7 -6 -13 -12
right_child=1 -3 3 4 11 10 7 -9 9 -11 13 12 -14 -15
leaf_value=-0.039933897362589621 -0.1541193089991586 0.041843174118058803 -0.16033526111937135 1.0426498694283266 0.021558695514110868 2.67674467435284 -0.38778839879450178 0.10528407330087902 0.18805095007618833 -0.65814513732161262 0.27994247105353948 -0.71884450229777996 0.054381305756442053 2.0322608891505665
leaf_weight=563 830 821 190 93 81 44 264 582 597 35 178 76 44 36
leaf_count=563 830 821 190 93 81 44 264 582 597 35 178 76 44 36
internal_value=0.000649087 -0.00118501 0.00173726 0.00293775 0.00369897 0.00456332 0.00327827 0.000471143 0.00653846 0.00453543 0.0122605 -0.00411765 -0.0104065 0.00884793
internal_weight=4434 1651 2783 2220 2030 1829 1571 846 725 632 258 201 120 214
internal_count=4434 1651 2783 2220 2030 1829 1571 846 725 632 258 201 120 214
cat_boundaries=0 2 4 6
cat_threshold=3344712276 69 546505346 16 2248410113 33
is_linear=0
shrinkage=0.04


Tree=158
num_leaves=15
num_cat=2
split_feature=22 0 23 3 24 0 5 2 7 6 19 7 12 19
split_gain=4.9607 14.6896 13.9089 10.6418 17.1421 8.76412 8.87901 7.78065 7.94613 9.9671 8.69275 8.44764 7.6453 7.31756
threshold=115.93281013400001 0 4076.4272594590007 14.500000000000002 2468.8261464300663 1 37.743498300000006 663.98848050000015 37.687037000000011 55.688875425000006 1738.5205111777113 37.699024000000001 17.912500000000005 1244.9045790294842
decision_type=2 9 10 2 10 9 2 2 10 2 10 10 10 8
left_child=5 2 3 -2 -5 6 -1 8 9 10 -7 -10 -11 -3
right_child=1 13 -4 4 -6 7 -8 -9 11 12 -12 -13 -14 -15
leaf_value=-0.092621965382516575 -0.023605263941430001 0.066813642274317589 0.9971788315356207 -1.2978874961398776 0.030737946578302058 -0.17345324532257686 0.40701011566940187 -0.054363751648957397 1.266152109592581 0.22968812812120401 1.0364921825449716 0.25880677763329174 -0.26152731748830321 0.44266760176083692
leaf_weight=1584 362 658 36 75 63 220 102 512 88 232 57 167 93 185
leaf_count=1584 362 658 36 75 63 220 102 512 88 232 57 167 93 185
internal_value=0.000703178 0.00269175 -0.00247723 -0.00429423 -0.013617 -0.000196207 -0.00211889 0.00217077 0.00451163 0.00198347 -0.00357143 0.0103876 0.00670732 0.00593458
internal_weight=4434 1379 536 500 138 3055 1686 1369 857 602 277 255 325 843
internal_count=4434 1379 536 500 138 3055 1686 1369 857 602 277 255 325 843
cat_boundaries=0 2 4
cat_threshold=2250121294 2 2827211441 117
is_linear=0
shrinkage=0.04


Tree=159
num_leaves=15
num_cat=1
split_feature=1 24 5 20 3 3 0 11 18 14 1 11 13 26
split_gain=4.55778 14.749 14.5494 11.242 13.6427 9.43437 7.61798 10.4113 15.3332 9.01632 11.9036 8.92061 9.55254 8.61067
threshold=-51.499999999999993 3018.6436380232303 37.524461600000009 8.5000000000000018 7.5000000000000009 9.5000000000000018 0 8.7657680000000031 390.68526242851584 12.758257713248641 -24.499999999999996 10.765768000000003 16.294896640826874 2.3203607312408132
decision_type=2 10 2 2 2 2 9 10 10 10 2 10 10 10
left_child=1 2 -1 4 -4 -3 7 8 -2 -10 -11 -9 -13 -12
right_child=6 5 3 -5 -6 -7 -8 11 9 10 13 12 -14 -15
leaf_value=1.3781893064520063 0.068015595302046844 0.68397693436104789 0.76279685208760917 1.437384221215267 -0.16117177110139494 -0.55296346681462583 0.017785502819554894 0.35760607524475946 -0.41646977510715633 -1.3653619440744 -0.15208673264255537 0.042359118617931256 -0.49762369589396871 0.75188821772576742
leaf_weight=121 47 43 50 90 257 133 2649 129 255 38 228 236 114 44
leaf_count=121 47 43 50 90 257 133 2649 129 255 38 228 236 114 44
internal_value=0.000703178 0.00367288 0.00706334 0.0033 -0.000387097 -0.00625698 0.000149613 -0.00264493 -0.00611382 -0.00795775 -0.00332268 0.00174274 -0.0015864 -0.000290909
internal_weight=4434 694 518 397 307 176 3740 1091 612 565 310 479 350 272
internal_count=4434 694 518 397 307 176 3740 1091 612 565 310 479 350 272
cat_boundaries=0 2
cat_threshold=2216395298 80
is_linear=0
shrinkage=0.04


Tree=160
num_leaves=15
num_cat=2
split_feature=22 0 25 19 0 23 2 1 20 11 24 15 14 13
split_gain=5.01278 14.0201 14.5777 10.156 8.42619 9.63399 9.3121 7.44888 7.95231 8.74928 8.31038 7.38661 9.97875 6.9631
threshold=115.93281013400001 0 11.466404983344558 803.83123830884665 1 540.91653547100009 663.98848050000015 -183.99999999999997 7.5000000000000009 1.3285570000000002 2202.7594981078041 11.545725545607636 22.520032051282055 12.935923753665691
decision_type=2 9 10 8 9 10 2 2 2 10 10 10 10 8
left_child=4 2 -2 -4 5 7 -6 -1 11 -10 -11 -9 -13 -8
right_child=1 -3 3 -5 6 -7 13 8 9 10 -12 12 -14 -15
leaf_value=1.3519108840532283 -1.0893436786067556 0.074151730960371087 0.36444468786608758 -0.13198305624924675 0.11273998089175949 -1.5004025857623533 -0.45447703824805702 -0.036678453124151959 1.0211690634068469 1.4415805911718098 -0.051196095387929075 -1.3028907257626594 0.013298643135599768 0.019513168133123104
leaf_weight=35 102 1143 56 78 827 35 196 287 36 68 990 199 70 312
leaf_count=35 102 1143 56 78 827 35 196 287 36 68 990 199 70 312
internal_value=0.000576966 0.00257598 -0.00610442 0.00233577 -0.000327011 -0.00216965 0.00204748 -0.00172986 -0.00212946 -0.000145852 -0.000829406 -0.00601073 -0.0107353 -0.00219178
internal_weight=4434 1379 236 134 3055 1720 1335 1685 1650 1094 1058 556 269 508
internal_count=4434 1379 236 134 3055 1720 1335 1685 1650 1094 1058 556 269 508
cat_boundaries=0 1 3
cat_threshold=1974284 3095614385 113
is_linear=0
shrinkage=0.04


Tree=161
num_leaves=15
num_cat=1
split_feature=23 3 7 0 7 7 5 18 2 13 16 26 19 1
split_gain=5.0723 11.3375 7.35697 6.14913 12.1319 10.1663 10.8222 9.01941 14.9754 8.6665 8.31494 7.51092 6.60145 9.2112
threshold=4226.4272594590011 2.5000000000000004 37.514943232413565 0 37.744691906188322 37.695471771890361 37.694436320000008 3889.332074426758 659.0834645000001 15.974038461538465 0.26953601953601958 2.0783257893285394 1580.0180314093006 227.50000000000003
decision_type=8 2 8 9 10 10 2 10 2 10 8 10 8 2
left_child=3 -2 -3 -1 5 6 9 8 -7 10 11 -5 -11 -14
right_child=1 2 -4 4 -6 7 -8 -9 -10 12 -12 -13 13 -15
leaf_value=-0.023973261864713883 -0.30669831279031734 0.085787823356534676 0.64992853209166268 0.15837529273797685 1.9340399971024218 -0.09715135470826658 0.77926411354475189 0.14594294279328268 -3.5503459376889475 -0.30194088626251259 0.031461095158155955 1.2563522736145338 0.12936445376664518 -1.5393020734581637
leaf_weight=1920 36 88 59 240 60 75 82 35 61 359 955 60 365 39
leaf_count=1920 36 88 59 240 60 75 82 35 61 359 955 60 365 39
internal_value=0.000631057 0.00709677 0.012 0.000347908 0.00172355 0.0012489 0.00201617 -0.00804598 -0.0126619 0.00142504 0.00346582 0.00924092 -0.00193211 0.00157248
internal_weight=4434 183 147 4251 2331 2271 2100 171 136 2018 1255 300 763 404
internal_count=4434 183 147 4251 2331 2271 2100 171 136 2018 1255 300 763 404
cat_boundaries=0 2
cat_threshold=2253623902 116
is_linear=0
shrinkage=0.04


Tree=162
num_leaves=15
num_cat=2
split_feature=16 2 0 0 20 12 16 6 14 18 19 18 12 15
split_gain=5.0659 5.49415 9.94574 8.51108 6.54325 8.22 6.53552 6.48447 7.37681 9.2087 9.04661 8.84382 8.56606 7.34911
threshold=1.0000000180025095e-35 661.54713800000013 0 1 8.5000000000000018 18.556349206349207 0.19204425711275028 55.677199080000008 18.188181818181821 202.78571341338176 20.912080411320769 4230.25510061162 25.013636363636369 13.3484201700208
decision_type=10 2 9 9 2 10 10 2 10 10 10 10 10 10
left_child=-1 3 4 -2 6 -6 -3 8 9 10 -4 -11 -10 -9
right_child=1 2 7 -5 5 -7 -8 13 12 11 -12 -13 -14 -15
leaf_value=-0.051443926570511271 -0.014352565558349255 0.46734145155100804 -0.0028093964998036824 0.073171775260680652 1.1878155316923997 -0.066125422462044975 -0.064012390460994772 -0.10884416186043744 0.65184988601951843 -0.27491763229189675 0.69765176137728846 0.42839085534564419 -0.23128263250643571 -0.33196688407307534
leaf_weight=99 1111 79 35 1609 53 35 201 473 60 390 36 62 35 156
leaf_count=99 1111 79 35 1609 53 35 201 473 60 390 36 62 35 156
internal_value=0.000576966 0.000783771 -0.00106304 0.00188028 0.00461942 0.0140659 0.00169611 -0.0027619 0.000128824 -0.00174905 0.0113514 -0.00386813 0.0102041 -0.00563291
internal_weight=4434 4335 1615 2720 368 88 280 1247 618 523 71 452 95 629
internal_count=4434 4335 1615 2720 368 88 280 1247 618 523 71 452 95 629
cat_boundaries=0 1 3
cat_threshold=815928706 2962461322 48
is_linear=0
shrinkage=0.04


Tree=163
num_leaves=15
num_cat=3
split_feature=1 22 0 25 1 0 23 2 0 16 10 15 1 12
split_gain=5.40273 4.90449 12.5731 10.8995 8.17047 14.3986 11.8065 9.58785 9.16827 10.0926 15.0445 9.69185 13.607 9.01961
threshold=437.50000000000006 115.93281013400001 0 11.466404983344558 14.500000000000002 1 272.58670354650002 794.27329800000018 2 0.3723210214318286 288.50000000000006 9.7436651617393704 76.500000000000014 12.31813186813187
decision_type=2 2 9 10 2 9 10 2 9 8 10 8 2 10
left_child=1 4 3 -3 5 -1 7 8 -6 10 -10 12 -11 -7
right_child=-2 2 -4 -5 6 13 -8 -9 9 11 -12 -13 -14 -15
leaf_value=-0.085268523649535868 -1.124208391583162 -1.1661533626390865 0.072542089703961768 0.33410672636425603 0.12520651854275458 0.20274968779319039 -1.0895233267322015 -1.4776035959551199 0.071902253496125473 -0.5589734543527104 -0.59710339736369011 -1.11778617745725 0.51912218888408912 0.0069220378633313307
leaf_weight=510 43 82 1224 53 496 429 60 50 585 74 162 121 97 448
leaf_count=510 43 82 1224 53 496 429 60 50 585 74 162 121 97 448
internal_value=0.000594997 0.000737369 0.00273128 -0.00837838 -0.000158155 0.00210072 -0.00206311 -0.00138539 -0.000806242 -0.00292776 -0.00048 -0.00922034 -0.00298851 0.00516854
internal_weight=4434 4391 1359 135 3032 1387 1645 1585 1535 1039 747 292 171 877
internal_count=4434 4391 1359 135 3032 1387 1645 1585 1535 1039 747 292 171 877
cat_boundaries=0 1 3 5
cat_threshold=1581064 2258698754 101 1176241152 7
is_linear=0
shrinkage=0.04


Tree=164
num_leaves=15
num_cat=2
split_feature=16 9 12 23 15 9 16 16 0 0 16 6 1 18
split_gain=5.12812 8.32136 5.41256 8.83519 9.02744 8.87289 6.76736 6.66808 14.7881 8.38426 8.22973 6.5947 6.38697 6.17871
threshold=1.0000000180025095e-35 98.850000000000009 24.654166666666665 2.9783739790000006 12.028961235436244 33.45000000000001 0.18933143669985777 0.23013871374527115 0 1 0.20611577964519143 55.795676900000011 -194.99999999999997 4329.450273292935
decision_type=10 8 10 10 10 10 10 10 9 9 10 2 2 10
left_child=-1 2 7 -4 -5 -6 -7 8 -2 -9 -10 12 -11 -14
right_child=1 -3 3 4 5 6 -8 9 10 11 -12 -13 13 -15
leaf_value=-0.052287853095849289 -0.14337830965992396 0.04182170632244038 0.18068579773626206 0.59768508232355344 -0.82326979788277699 0.17278667980680271 -1.0873762115861487 -0.083756828620396323 0.065242241679119489 1.3546047365125793 0.50903236178072808 0.19315122932122727 -0.011561580267178033 0.10844563800303952
leaf_weight=99 226 37 103 57 154 104 97 883 770 52 185 78 1395 194
leaf_count=99 226 37 103 57 154 104 97 883 770 52 185 78 1395 194
internal_value=0.000631057 0.000839096 0.000669612 -0.00316602 -0.00578313 -0.00815642 -0.00254902 0.00119387 0.00368243 6.14203e-05 0.00582645 0.00168591 0.00114355 0.000678392
internal_weight=4434 4335 4298 515 412 355 201 3783 1181 2602 955 1719 1641 1589
internal_count=4434 4335 4298 515 412 355 201 3783 1181 2602 955 1719 1641 1589
cat_boundaries=0 2 4
cat_threshold=6619680 33 18519290 84
is_linear=0
shrinkage=0.04


Tree=165
num_leaves=15
num_cat=4
split_feature=23 3 26 19 13 14 0 26 25 0 0 10 0 2
split_gain=4.57986 10.8523 7.96435 7.44657 8.52816 14.0619 14.0029 12.3034 12.9965 11.1074 9.09677 8.8574 8.01371 7.47404
threshold=4226.4272594590011 2.5000000000000004 1.0803459114127889 7.3285844778311047 6.7148351648351658 10.29156779661017 0 1.6061401332668139 12.730666424888547 1 2 231.50000000000003 3 666.52870850000011
decision_type=8 2 8 10 10 10 9 10 10 9 9 10 9 2
left_child=3 -2 -3 -1 9 10 7 -7 -9 -5 -6 -8 -13 -11
right_child=1 2 -4 4 5 6 11 8 -10 13 -12 12 -14 -15
leaf_value=-0.05457583465366618 -0.29108419669917107 0.067897362921791327 0.77508630745843998 -0.28784324591334126 -0.72962876708450264 0.013520864746332757 0.033224030821770896 -0.12069794700065899 0.95496188450898889 0.47602336756994623 -0.13578157508469141 0.033568700955664284 -0.34870164923687724 0.030465253016440333
leaf_weight=471 36 63 84 103 100 523 1371 65 198 326 244 219 421 210
leaf_count=471 36 63 84 103 100 523 1371 65 198 326 244 219 421 210
internal_value=0.000522876 0.00666667 0.0114667 0.000253879 0.00084589 -1.27226e-05 0.000928571 0.00540676 0.0124812 0.00504673 -0.00760807 -0.000849802 -0.00472784 0.00728597
internal_weight=4434 183 147 4251 3780 3141 2797 786 263 639 344 2011 640 536
internal_count=4434 183 147 4251 3780 3141 2797 786 263 639 344 2011 640 536
cat_boundaries=0 2 3 5 6
cat_threshold=1640498518 6 43516032 536875264 70 135442440
is_linear=0
shrinkage=0.04


Tree=166
num_leaves=15
num_cat=2
split_feature=16 19 22 0 7 7 25 23 0 6 6 3 25 1
split_gain=5.78475 4.98696 8.19143 14.9449 8.39232 16.2547 12.2594 9.75637 10.5373 9.41325 12.3395 15.6683 10.8165 15.9817
threshold=1.0000000180025095e-35 6.3930878266237423 115.93281013400001 0 37.737733221722046 37.816827865471865 16.987158984642296 153.04529662800002 1 55.647441485000009 55.642452590000012 9.5000000000000018 18.248105615338002 60.500000000000007
decision_type=10 10 2 9 10 10 10 8 9 2 2 2 10 2
left_child=-1 -2 4 -4 7 -6 -7 8 9 10 11 -3 13 -11
right_child=1 2 3 -5 5 6 -8 -9 -10 12 -12 -13 -14 -15
leaf_value=-0.048013305585868665 -0.037691895793754648 -0.73003273734669238 -0.01530994437846509 0.22093513684488941 0.74423980033048676 -1.2417573339254495 0.87616892446353789 -0.51838483026970694 0.051383512088279987 -0.24352676406458018 0.26088418600757907 0.043170788946607495 0.0050584949873051319 -1.3615516836033612
leaf_weight=99 487 119 574 533 141 73 57 125 1390 201 187 247 127 74
leaf_count=99 487 119 574 533 141 73 57 125 1390 201 187 247 127 74
internal_value=0.000396664 0.000617796 0.00110101 0.004 -7.28863e-05 0.00656934 -0.00360902 -0.000808734 -0.000221465 -0.00342975 -7.19424e-05 -0.00433604 -0.00809877 -0.012518
internal_weight=4434 4335 3848 1107 2741 271 130 2470 2345 955 553 366 402 275
internal_count=4434 4335 3848 1107 2741 271 130 2470 2345 955 553 366 402 275
cat_boundaries=0 2 4
cat_threshold=2266968746 2 2288095793 97
is_linear=0
shrinkage=0.04


Tree=167
num_leaves=15
num_cat=2
split_feature=2 0 0 1 8 8 7 10 7 6 6 24 23 10
split_gain=4.73936 12.3227 9.60426 8.29437 11.6549 6.3911 5.86094 9.45996 6.17505 5.82569 8.42967 5.61895 8.13252 5.54552
threshold=661.54713800000013 0 1 -78.499999999999986 55.633265100299475 55.662889000000007 37.694302632200582 304.50000000000006 37.668067090481635 55.68982058000001 55.65948546500001 387.4207075887935 4574.7405515250011 211.50000000000003
decision_type=2 9 9 2 10 10 10 10 8 2 2 8 8 10
left_child=2 6 11 4 -4 -6 7 8 -2 10 -8 -1 13 -13
right_child=1 -3 3 -5 5 -7 9 -9 -10 -11 -12 12 -14 -15
leaf_value=-0.34327033419361619 -0.015784195193362934 0.030776366723102626 2.5366783150753367 -0.02326935770556748 -0.21820884020764011 0.71438959737667718 -0.40248273128848 -0.59861728807372216 0.3884943183398491 -0.12229369053612409 -1.3022163268552636 0.032363003648749736 0.81865503382890215 0.20946475794574781
leaf_weight=48 406 920 36 1182 44 63 59 62 61 100 43 896 47 467
leaf_count=48 406 920 36 1182 44 63 59 62 61 100 43 896 47 467
internal_value=0.000414695 -0.00128174 0.00142139 -0.00104634 0.00794521 0.00109091 -0.00510753 -0.00293233 -0.00093617 -0.0109268 -0.0175238 0.00364378 0.00413305 0.00354319
internal_weight=4434 1651 2783 1325 143 107 731 529 467 202 102 1458 1410 1363
internal_count=4434 1651 2783 1325 143 107 731 529 467 202 102 1458 1410 1363
cat_boundaries=0 2 4
cat_threshold=1163674228 69 1330398576 103
is_linear=0
shrinkage=0.04


Tree=168
num_leaves=15
num_cat=1
split_feature=3 17 23 6 2 0 20 15 23 1 26 14 3 6
split_gain=5.19722 10.1785 9.18672 5.72871 9.70102 11.2962 10.7117 8.92362 8.46277 8.74908 9.31329 8.28098 9.96153 8.10811
threshold=2.5000000000000004 28.500000000000004 inf 55.646745290000005 743.82469900000012 0 2.5000000000000004 7.0001607983439369 157.54711687600005 -44.499999999999993 1.0660277492232941 12.036074270557034 7.5000000000000009 55.739211305000005
decision_type=2 8 8 2 2 9 2 10 10 2 10 10 2 2
left_child=1 -1 3 -2 5 -5 -7 -6 13 -10 -11 -9 -13 -8
right_child=2 -3 -4 4 7 6 8 11 9 10 -12 12 -14 -15
leaf_value=0.024117808392701504 0.057972548265735217 -0.60720595356568441 0.53215795665815602 -0.080261744278992422 0.18873882321092494 -0.53024149202356741 0.050527202496156519 -1.4512954405678227 0.68921831756208951 0.12135306713070634 -0.43233998728696121 0.20159548239834507 -0.59713392985438751 0.20770145226685144
leaf_weight=64 1547 47 61 897 72 67 890 50 46 42 160 46 113 332
leaf_count=64 1547 47 61 897 72 67 890 50 46 42 160 46 113 332
internal_value=0.000360604 -0.00807018 0.000582524 0.000356389 -0.000750552 6.56545e-05 0.00214194 -0.00774648 0.00287848 -0.0038247 -0.00741463 -0.0118868 -0.00716049 0.0042449
internal_weight=4434 111 4323 4262 2715 2434 1537 281 1470 248 202 209 159 1222
internal_count=4434 111 4323 4262 2715 2434 1537 281 1470 248 202 209 159 1222
cat_boundaries=0 2
cat_threshold=2181198353 121
is_linear=0
shrinkage=0.04


Tree=169
num_leaves=15
num_cat=2
split_feature=16 3 1 7 5 20 0 21 10 3 1 6 22 0
split_gain=6.81261 5.26295 9.82121 9.6215 9.52553 8.63861 11.0566 8.41357 8.08692 8.267 7.0396 13.1548 7.35091 10.689
threshold=1.0000000180025095e-35 21.500000000000004 -9.4999999999999982 37.373646810293664 37.373414985000004 8.5000000000000018 0 3.5000000000000004 273.50000000000006 17.500000000000004 377.50000000000006 55.65519311500001 115.93281013400001 1
decision_type=10 2 2 10 2 2 9 2 10 2 2 2 2 9
left_child=-1 3 -3 4 -2 10 8 -4 9 -7 12 -12 -5 -14
right_child=1 2 7 5 -6 6 -8 -9 -10 -11 11 -13 13 -15
leaf_value=-0.051861989336196505 0.043321781110417991 0.22400893556399781 -0.041393331985242837 -0.049025177614412989 1.655728777511527 -0.025041967213094977 0.3062810296191894 -0.41295755364655201 -0.35896259966639549 0.98468207573321465 0.33443607717221768 -3.9338568020568214 -0.22903858475996913 0.097326425618498011
leaf_weight=99 109 36 83 1853 68 289 481 71 81 74 39 42 229 880
leaf_count=99 109 36 83 1853 68 289 481 71 81 74 39 42 229 880
internal_value=0.000414695 0.00065468 -0.00580311 0.000954677 0.01 0.000543944 0.00392241 -0.0101911 -0.000700219 0.00185792 -0.000485883 -0.0119048 -0.000161889 0.00241007
internal_weight=4434 4335 190 4145 177 3968 925 154 444 363 3043 81 2962 1109
internal_count=4434 4335 190 4145 177 3968 925 154 444 363 3043 81 2962 1109
cat_boundaries=0 2 4
cat_threshold=3230778027 4 1585166 2
is_linear=0
shrinkage=0.04


Tree=170
num_leaves=15
num_cat=0
split_feature=16 9 1 1 12 15 20 3 3 11 1 6 12 25
split_gain=6.78863 5.18013 6.85073 6.58706 6.12614 7.78111 6.12808 8.18681 10.7152 8.52183 7.76581 11.8649 9.26777 10.4651
threshold=1.0000000180025095e-35 47.150000000000013 3.5000000000000004 69.500000000000014 24.654166666666665 12.028961235436244 9.5000000000000018 20.500000000000004 14.500000000000002 5.8354865000000009 193.50000000000003 55.643061850000009 20.09833333333334 22.366967895220764
decision_type=10 8 2 2 10 10 2 2 2 10 2 2 8 10
left_child=-1 4 -3 -4 6 -6 10 8 9 -8 12 -12 -2 -14
right_child=1 2 3 -5 5 -7 7 -9 -10 -11 11 -13 13 -15
leaf_value=-0.04978750976274867 0.009514126905996392 0.098899362020821655 -0.36538244445889484 0.45232837042225188 0.27687088463683135 -0.3964637928295715 0.78294713676591743 -0.1016551341516355 1.9472448122828425 -0.1720310280545212 0.13691253073312901 -0.72738061500333229 0.30764775132167271 -0.26838706019816772
leaf_weight=99 2766 63 44 52 74 336 46 62 68 47 181 290 247 59
leaf_count=99 2766 63 44 52 74 336 46 62 68 47 181 290 247 59
internal_value=0.000396664 0.000636238 0.00765432 0.000808081 0.000363723 -0.0042615 0.000870257 0.00725664 0.0119512 0.00291667 0.000462493 -0.0043038 0.00119675 0.00776699
internal_weight=4434 4335 159 96 4176 410 3766 223 161 93 3543 471 3072 306
internal_count=4434 4335 159 96 4176 410 3766 223 161 93 3543 471 3072 306
is_linear=0
shrinkage=0.04


Tree=171
num_leaves=15
num_cat=0
split_feature=19 3 5 19 6 7 15 6 8 8 6 18 3 8
split_gain=4.4701 12.5958 9.0299 10.6676 9.875 9.46373 6.16135 7.6504 13.3466 10.1022 9.54223 6.69777 7.81936 10.2233
threshold=1962.5833392402187 6.5000000000000009 37.621718180000009 2266.92242161688 55.680448115000011 37.428584283769347 15.160078849450715 55.553544570000007 55.533200111526718 55.529671500000006 55.575642425000005 1508.6205735204096 12.500000000000002 55.636376424845047
decision_type=10 2 2 10 2 10 8 2 10 10 2 8 2 10
left_child=6 -2 3 -3 -4 -5 7 9 -9 -1 -10 -8 13 -13
right_child=1 2 4 5 -6 -7 11 8 10 -11 -12 12 -14 -15
leaf_value=2.7356412674960771 0.96950610071727272 1.008259354386621 0.070923316475856021 0.085065034238245046 -1.1379790196818318 -0.44368074984682154 0.15086348219415868 -1.8330318400372789 2.2113041033328455 -0.20521087642225738 0.0069881234066280695 -2.1100077266726287 0.0015524385142405444 -0.041112667257524577
leaf_weight=37 64 90 40 51 39 61 78 63 41 43 3474 72 131 150
leaf_count=37 64 90 40 51 39 61 78 63 41 43 3474 72 131 150
internal_value=0.000360604 0.00471264 0.000985915 0.00546341 -0.0102439 -0.00278261 -9.77517e-06 0.000524447 0.000245741 0.0125301 0.000579875 -0.00451613 -0.00685393 -0.0113778
internal_weight=4434 345 281 202 79 112 4089 3658 3578 80 3515 431 353 222
internal_count=4434 345 281 202 79 112 4089 3658 3578 80 3515 431 353 222
is_linear=0
shrinkage=0.04


Tree=172
num_leaves=15
num_cat=0
split_feature=3 8 23 19 6 5 18 8 15 19 10 3 24 10
split_gain=5.95509 10.1201 8.5386 6.4204 7.61262 9.68462 6.30016 18.1816 11.0886 13.8425 15.0556 11.0743 15.517 10.6108
threshold=2.5000000000000004 55.685836233507452 4226.4272594590011 7.3285844778311047 55.67592130500001 37.732755915000006 2278.7870921911676 55.614236166017264 8.7787469879879989 1427.0312834919482 213.50000000000003 13.500000000000002 2848.8769555083713 10.500000000000002
decision_type=2 8 8 10 2 2 10 10 10 10 10 2 10 10
left_child=1 -1 3 4 5 -2 7 -5 -8 13 -11 -9 -13 -10
right_child=2 -3 -4 6 -6 -7 8 11 9 10 -12 12 -14 -15
leaf_value=-0.60093072010924942 0.16264480884900195 0.080246810863007959 0.31613522832186308 2.8162044370077455 -0.14037172618225524 -0.29801486906991814 0.24409135540658192 0.10205942094096429 -0.6792681740378359 0.21242599356643599 -0.22129108494664859 -0.14037349095826379 0.32538379724455624 -0.15646691540276655
leaf_weight=75 179 36 147 105 215 74 224 1254 45 370 224 554 172 760
leaf_count=75 179 36 147 105 215 74 224 1254 45 370 224 554 172 760
internal_value=0.000252423 -0.00877193 0.00049006 0.000153147 -0.00424628 0.00046875 0.000711399 0.00216475 -0.00115621 -0.00248217 0.00214405 0.00129097 -0.00263374 -0.00589109
internal_weight=4434 111 4323 4176 468 253 3708 2085 1623 1399 594 1980 726 805
internal_count=4434 111 4323 4176 468 253 3708 2085 1623 1399 594 1980 726 805
is_linear=0
shrinkage=0.04


Tree=173
num_leaves=15
num_cat=2
split_feature=3 23 17 6 16 20 0 16 2 26 14 12 17 0
split_gain=5.0649 7.8482 6.38048 5.8785 5.44048 4.62314 15.4183 10.5549 18.1032 10.4089 8.78808 8.75838 9.24023 7.93186
threshold=2.5000000000000004 inf 29.500000000000004 55.943833430000005 1.0000000180025095e-35 8.5000000000000018 0 0.60990338164251223 719.0834645000001 1.0347176478319344 17.292261904761911 6.7965909090909102 39.500000000000007 1
decision_type=2 8 10 2 8 2 9 10 2 10 10 10 10 9
left_child=2 3 -1 4 -2 13 -7 8 9 -8 11 -11 -13 -6
right_child=1 -3 -4 -5 5 6 7 -9 -10 10 -12 12 -14 -15
leaf_value=0.0070685219925781207 -0.17378618514872032 0.49922187252585992 -0.57689349130487944 -0.3341736694864923 -0.042349888968554537 0.29005279949285467 -1.046358858422074 -0.20756158850651626 -0.34905375110411085 1.0539496540264517 1.4782821152467818 0.29265540801738321 -0.37064106235178257 0.020585069453094743
leaf_weight=66 62 61 45 37 1800 489 38 122 56 37 56 134 39 1392
leaf_count=66 62 61 45 37 1800 489 38 122 56 37 56 134 39 1392
internal_value=0.000252423 0.000471567 -0.00807018 0.000262603 0.000406812 0.000585694 0.00299795 -0.00210101 0.00132231 0.00521173 0.00802974 0.00413146 0.000227273 -0.000150235
internal_weight=4434 4323 111 4262 4225 4163 971 482 360 304 266 210 173 3192
internal_count=4434 4323 111 4262 4225 4163 971 482 360 304 266 210 173 3192
cat_boundaries=0 2 4
cat_threshold=1056994440 33 1058746508 97
is_linear=0
shrinkage=0.04


Tree=174
num_leaves=15
num_cat=2
split_feature=23 0 1 3 0 18 16 3 8 3 8 3 15 10
split_gain=4.74876 8.52969 6.49895 7.10355 6.49269 6.81716 8.23985 7.55545 8.39053 7.79321 6.42946 6.41767 13.1875 7.71277
threshold=56.011518896500007 0 377.50000000000006 17.500000000000004 1 823.35851851628092 0.25866188769414583 18.500000000000004 55.655975119782077 17.500000000000004 55.613873045332909 13.500000000000002 12.028961235436244 180.50000000000003
decision_type=10 9 2 2 9 10 10 2 10 2 10 2 10 10
left_child=4 10 3 -3 5 6 -1 9 -9 -7 -2 12 -12 -13
right_child=1 2 -4 -5 -6 7 -8 8 -10 -11 11 13 -14 -15
leaf_value=0.33803222378086234 1.0511416700932712 0.0019274534666897125 -2.458258041188401 0.16170234056246158 -0.002820158926168066 0.20225969309468211 -0.40936769634612119 -0.38828046899716739 0.019934083138456429 2.6361403615045744 0.080301019027591 -0.050452647188651785 -0.44234599572097638 -1.1689122385600144
leaf_weight=48 69 835 39 149 1563 639 103 51 92 39 314 214 173 106
leaf_count=48 69 835 39 149 1563 639 103 51 92 39 314 214 173 106
internal_value=0.000144242 -0.00136698 0.00111969 0.00178318 0.0012766 0.00381726 -0.0038961 0.00529126 -0.0030137 0.00704846 -0.00422947 -0.00528395 -0.00236735 -0.00965944
internal_weight=4434 1899 1023 984 2535 972 151 821 143 678 876 807 487 320
internal_count=4434 1899 1023 984 2535 972 151 821 143 678 876 807 487 320
cat_boundaries=0 2 4
cat_threshold=307918381 80 1919431981 8
is_linear=0
shrinkage=0.04


Tree=175
num_leaves=15
num_cat=2
split_feature=5 18 3 8 8 8 0 25 18 0 25 5 7 8
split_gain=4.70063 4.34281 12.6551 19.2207 13.3566 12.9697 11.0581 15.705 14.0963 10.8561 10.0166 16.1358 14.0901 9.93969
threshold=37.861603420000009 2291.090358845338 12.500000000000002 55.654265167876062 55.614236166017264 55.648168870515214 0 3.6207407515646248 1365.4949309528724 1 18.179871361859899 37.709555890000011 37.710834892949528 55.5422312135616
decision_type=2 10 2 10 8 10 9 10 10 9 10 2 10 10
left_child=1 2 4 5 -1 -4 8 -8 -6 -5 12 13 -3 -12
right_child=-2 10 3 9 6 -7 7 -9 -10 -11 11 -13 -14 -15
leaf_value=3.434219462426968 0.55589627469063829 -0.11257475464832478 0.023505153477104399 0.0056132386688739194 0.13813321875354617 1.2417605993540231 -0.1724170989898596 0.30608712412781675 -0.45766727100025661 -0.5142745355562568 -1.3453888674606398 1.2032547543739329 -0.93481584769023363 0.0033008938564373664
leaf_weight=77 50 407 402 241 337 53 91 727 219 377 96 93 108 1156
leaf_count=77 50 407 402 241 337 53 91 727 219 377 96 93 108 1156
internal_value=0.000234393 9.11785e-05 0.00117135 -0.00211896 0.00360385 0.0041048 0.00267248 0.00558363 -0.00168717 -0.00669887 -0.00137413 0.000445104 -0.00610039 -0.00076494
internal_weight=4434 4384 2524 1073 1451 455 1374 818 556 618 1860 1345 515 1252
internal_count=4434 4384 2524 1073 1451 455 1374 818 556 618 1860 1345 515 1252
cat_boundaries=0 2 3
cat_threshold=2651023040 65 1736459376
is_linear=0
shrinkage=0.04


Tree=176
num_leaves=15
num_cat=0
split_feature=3 8 6 8 1 24 26 8 3 24 3 14 19 3
split_gain=5.17505 10.6834 5.93636 11.3468 15.8825 8.5978 22.3936 19.4916 11.8497 17.0972 10.6055 10.0513 10.5515 9.03512
threshold=2.5000000000000004 55.685454096347691 55.646745290000005 55.685454096347691 377.50000000000006 2942.9812445646526 1.0874355643124334 55.613873045332909 12.500000000000002 5313.4800306041807 7.5000000000000009 25.495846588900676 1145.8945180282442 10.500000000000002
decision_type=2 8 2 10 2 10 10 10 2 10 2 8 10 2
left_child=1 -1 5 -4 -5 7 11 -2 10 -10 -8 12 -7 -9
right_child=2 -3 3 4 -6 6 8 13 9 -11 -12 -13 -14 -15
leaf_value=-0.57786642669964761 3.9157937768750668 0.071773731791056297 -0.098517002067337739 0.028135542991852846 -3.5005404367895028 0.10175413765050849 -0.05289986664403102 0.41236327647412552 0.19782381643774496 -1.0601079197290166 -1.8939149102781481 -0.32286084963097922 0.96093899536174976 -0.0011288153733252947
leaf_weight=74 79 37 887 1839 38 124 91 272 208 44 111 35 143 452
leaf_count=74 79 37 887 1839 38 124 91 272 208 44 111 35 143 452
internal_value=0.000342574 -0.00807018 0.000564031 -0.000549331 0.00121277 0.00253521 -0.000527009 0.00540943 -0.00612691 -0.000313725 -0.0132683 0.00786885 0.0105185 0.00330124
internal_weight=4434 111 4323 2764 1877 1559 756 803 454 252 202 302 267 724
internal_count=4434 111 4323 2764 1877 1559 756 803 454 252 202 302 267 724
is_linear=0
shrinkage=0.04


Tree=177
num_leaves=15
num_cat=1
split_feature=0 5 8 6 7 7 19 8 26 10 18 18 25 24
split_gain=4.49708 5.344 6.41043 11.6512 12.4749 25.3172 18.5734 10.1016 8.81653 7.98944 7.89503 9.30687 7.75523 7.5657
threshold=0 37.750818300000013 55.639215500000006 55.654052025000006 37.702326335653296 37.677568122833087 1175.5580848614825 55.707433381230381 1.280878738759851 194.50000000000003 2900.7534832744345 2485.8721788990906 16.87188695925045 3517.5609490120228
decision_type=9 2 10 2 10 10 10 10 10 10 10 10 10 10
left_child=1 2 8 9 5 7 -6 12 -1 10 11 -4 -5 -14
right_child=-2 -3 3 4 6 -7 -8 -9 -10 -11 -12 -13 13 -15
leaf_value=-0.04268253687581719 0.027010121272178368 0.46233950173040972 0.07421766785232492 -0.60870442631365995 -1.0125488066146289 0.54609281694340128 0.45832621691639475 -0.00081214838238235696 -0.51073311954827605 0.42391276545654505 0.42700626260607566 -2.0632228012159222 0.16784336019793727 -0.094576321984644246
leaf_weight=176 2609 51 200 159 172 228 51 330 116 105 75 35 46 81
leaf_count=176 2609 51 200 159 172 228 51 330 116 105 75 35 46 81
internal_value=0.000234393 -0.001284 -0.00166573 -0.000592593 -0.00280374 -0.000566706 -0.0111504 -0.00478191 -0.00705085 0.00507177 0.00178914 -0.00184874 -0.0102422 -0.00276923
internal_weight=4434 1825 1774 1482 1067 844 223 616 292 415 310 235 286 127
internal_count=4434 1825 1774 1482 1067 844 223 616 292 415 310 235 286 127
cat_boundaries=0 2
cat_threshold=2166051359 80
is_linear=0
shrinkage=0.04


Tree=178
num_leaves=15
num_cat=1
split_feature=1 5 25 8 19 20 7 7 14 12 18 5 0 8
split_gain=5.16325 6.03112 9.85817 16.2234 11.3129 10.0073 9.78936 16.0293 11.8293 8.86277 10.5108 8.61858 7.50287 9.79318
threshold=437.50000000000006 37.737280210000009 20.188923827955112 55.730501478203834 18.158773247393636 3.5000000000000004 37.70744360366453 37.727834429505698 12.318050986842108 8.0660714285714299 1482.3932889756936 37.81759447000001 0 55.639215500000006
decision_type=2 2 10 10 10 2 10 10 8 10 10 2 9 8
left_child=1 6 3 4 5 -3 12 9 -9 -8 -11 -5 13 -1
right_child=-2 2 -4 11 -6 -7 7 8 -10 10 -12 -13 -14 -15
leaf_value=-0.61971498681241488 -1.0314974030326403 -0.93713585374614927 2.775704589690914 -1.2867073597120287 0.68389278992572333 0.16829122096213212 -1.5557939343079203 -0.22508074857484117 0.4681395026876834 0.26730874569742924 -0.77972303755356565 -0.0081009067256658795 0.030035183273548895 -0.010470567374553453
leaf_weight=91 43 35 52 55 173 76 47 152 79 65 120 180 2545 721
leaf_count=91 43 35 52 55 173 76 47 152 79 65 120 180 2545 721
internal_value=0.000288483 0.000427856 0.00425087 0.00252874 0.00891986 -0.00105263 -0.000146482 -0.0055794 0.00188034 -0.0129362 -0.0087234 -0.00521008 0.000607143 -0.00271515
internal_weight=4434 4391 571 519 284 111 3820 463 231 232 185 235 3357 812
internal_count=4434 4391 571 519 284 111 3820 463 231 232 185 235 3357 812
cat_boundaries=0 2
cat_threshold=1286679 16
is_linear=0
shrinkage=0.04


Tree=179
num_leaves=15
num_cat=1
split_feature=0 3 3 11 3 7 5 17 20 9 13 6 22 7
split_gain=5.33482 6.10087 10.4863 13.5297 8.32777 7.91793 6.82743 7.63959 7.10885 6.3689 13.155 7.72381 8.39501 6.6763
threshold=0 15.500000000000002 17.500000000000004 3.3285570000000004 18.500000000000004 37.376489388900275 37.682292560000008 20.500000000000004 7.5000000000000009 20.750000000000004 10.221130952380955 55.651852825000006 134.27329884100001 37.685932592379309
decision_type=9 2 2 10 2 10 2 10 2 10 10 2 2 10
left_child=1 5 6 -4 -5 -1 7 -3 -8 10 11 12 -7 -12
right_child=-2 2 3 4 -6 9 8 -9 -10 -11 13 -13 -14 -15
leaf_value=1.0963739182825811 0.02482383010243067 -0.011573988596325017 -0.35879497969155127 2.6168353471503889 0.0067840808087998999 -0.12305118105598808 -1.3140471144964907 -2.0959879924462537 0.3200103282912074 -0.12841002386551581 0.013637864868810254 -0.23295067234219602 0.42026540819751407 0.50687537497806023
leaf_weight=45 2751 39 47 40 152 119 52 64 50 344 263 170 93 205
leaf_count=45 2751 39 47 40 152 119 52 64 50 344 263 170 93 205
internal_value=0.000234393 -0.00153302 -0.0055481 0.000165289 0.00492308 -9.66184e-05 -0.0121154 -0.0192453 -0.00457143 -0.000735171 0.00112544 -0.00436364 0.000744186 0.0056051
internal_weight=4434 1683 444 239 192 1239 205 103 102 1194 850 382 212 468
internal_count=4434 1683 444 239 192 1239 205 103 102 1194 850 382 212 468
cat_boundaries=0 2
cat_threshold=2149274141 80
is_linear=0
shrinkage=0.04


Tree=180
num_leaves=15
num_cat=0
split_feature=3 8 23 23 8 5 8 1 3 18 18 3 1 10
split_gain=5.19722 10.6834 5.73423 8.73467 5.52656 5.34926 10.8957 9.68497 12.1115 10.4245 10.378 11.8634 16.1578 12.7427
threshold=2.5000000000000004 55.685454096347691 4226.4272594590011 6932.3332030500014 55.744037955919467 37.533866470000014 55.614236166017264 -6.4999999999999991 21.500000000000004 575.07730537027703 1930.4491036373568 8.5000000000000018 138.50000000000003 63.500000000000007
decision_type=2 8 8 10 10 2 10 2 2 10 10 2 2 10
left_child=1 -1 5 4 -4 7 -7 -2 9 -9 -11 12 13 -12
right_child=2 -3 3 -5 -6 6 -8 8 -10 10 11 -13 -14 -15
leaf_value=-0.56110614247469015 0.24495054193343385 0.06562801713348769 0.71403005329767288 -0.077552860162323323 0.041087119455981133 1.6279530450157864 -0.034665628637631764 -0.37749266395573872 -0.31331051885086381 0.26550525717828199 0.06869936164070907 0.086339583196197195 0.13495673930305543 -0.55740036809524296
leaf_weight=74 448 37 69 38 40 60 1999 158 104 402 52 660 133 160
leaf_count=74 448 37 69 38 40 60 1999 158 104 402 52 660 133 160
internal_value=0.000360604 -0.00807018 0.000582524 0.00826667 0.0139286 0.000306293 -0.00114452 0.00171698 0.000311005 0.00119898 0.00229787 0.000119048 -0.00586207 -0.0126512
internal_weight=4434 111 4323 147 109 4176 2059 2117 1669 1565 1407 1005 345 212
internal_count=4434 111 4323 147 109 4176 2059 2117 1669 1565 1407 1005 345 212
is_linear=0
shrinkage=0.04


Tree=181
num_leaves=15
num_cat=1
split_feature=0 1 6 16 14 7 6 8 1 18 8 11 1 2
split_gain=4.79694 12.5511 10.1837 8.74197 7.26995 11.5605 9.54337 7.24453 7.00085 7.55235 6.87474 6.44239 6.85165 6.19923
threshold=0 178.50000000000003 55.647441485000009 0.044466403162055343 13.047406116918314 37.678620878945985 55.803551360000007 55.713763422634983 25.500000000000004 2870.7704398800593 55.802496500000011 2.9433180000000005 -1.0000000180025095e-35 661.54713800000013
decision_type=9 2 2 10 10 10 2 10 2 10 10 10 2 2
left_child=1 3 -3 -1 6 7 11 8 9 -6 -9 -5 -13 -14
right_child=-2 2 -4 4 5 -7 -8 10 -10 -11 -12 12 13 -15
leaf_value=-0.13009913452087191 0.018703074810744073 0.068325763799325048 -1.6027364750402853 -0.76160369279876416 -1.0738850694634676 0.44427263918766441 0.9506619042840655 1.164167553655818 0.069091937362284736 0.097929299223303817 0.0054903612101010425 0.10188518353141049 -0.027794121269901665 -0.4792053978989651
leaf_weight=90 3124 43 87 35 68 235 36 36 101 36 91 194 171 87
leaf_count=90 3124 43 87 35 68 235 36 36 101 36 91 194 171 87
internal_value=0.000450755 -0.00157218 -0.0132331 -0.000270499 0.00073193 0.00385965 -0.0026616 -0.000955224 -0.00557692 -0.0127103 0.00646154 -0.00416327 -0.00281319 -0.00704981
internal_weight=4434 1310 130 1180 1090 567 523 332 205 104 127 487 452 258
internal_count=4434 1310 130 1180 1090 567 523 332 205 104 127 487 452 258
cat_boundaries=0 2
cat_threshold=6242817 80
is_linear=0
shrinkage=0.04


Tree=182
num_leaves=15
num_cat=1
split_feature=10 17 0 16 16 3 11 26 2 6 19 7 16 10
split_gain=5.53314 9.44498 5.51179 8.30019 6.15297 8.30286 9.86431 10.0299 7.52471 9.52886 7.73424 6.80939 7.59158 13.1452
threshold=350.50000000000006 24.500000000000004 0 0.034210526315789476 0.23861283643892342 12.500000000000002 3.4260780000000008 1.4637289254380279 666.52870850000011 55.644023925000006 18.158773247393636 37.670784926340239 0.15034246575342466 84.500000000000014
decision_type=10 10 9 8 8 2 10 10 2 2 8 10 10 10
left_child=2 -2 3 -1 11 8 -7 -8 9 -6 -10 -5 13 -13
right_child=1 -3 -4 4 5 6 7 -9 10 -11 -12 12 -14 -15
leaf_value=-0.4603648957312923 0.25588137994591476 -1.0658761175308349 0.032556948581452548 -0.025659701253514682 0.94569974856717898 -0.73113954508681356 0.0010636816919384466 -0.67597900243330178 -0.43353320824398622 0.033367563048848761 0.00042729523870463029 -0.55275800513550033 0.29439043736880399 0.3231629077834885
leaf_weight=60 45 69 2349 358 90 67 314 151 68 281 166 60 227 129
leaf_count=60 45 69 2349 358 90 67 314 151 68 281 166 60 227 129
internal_value=0.000378634 -0.00820513 0.000610687 -0.000947581 -0.000480669 -0.00235088 -0.00598131 -0.00384615 0.000855263 0.00438503 -0.00472574 0.00226512 0.00572792 -0.000208333
internal_weight=4434 114 4320 1971 1911 1137 532 465 605 371 234 774 416 189
internal_count=4434 114 4320 1971 1911 1137 532 465 605 371 234 774 416 189
cat_boundaries=0 2
cat_threshold=73363977 84
is_linear=0
shrinkage=0.04


Tree=183
num_leaves=15
num_cat=1
split_feature=0 11 3 20 7 19 11 15 10 7 14 6 17 11
split_gain=4.12218 8.13213 5.88955 11.7468 10.1337 18.4989 8.79164 11.6828 9.47261 8.14387 8.17757 7.40108 7.12507 6.4358
threshold=0 27.059933000000004 12.500000000000002 6.5000000000000009 37.707137462107291 681.29310858404654 8.0757620000000028 10.403403409865275 20.500000000000004 37.670784926340239 12.367424242424244 55.65948546500001 23.500000000000004 3.9433180000000005
decision_type=9 10 2 2 10 10 10 10 10 10 10 2 10 10
left_child=1 2 9 4 5 -4 7 -5 -8 12 -11 -10 -1 -14
right_child=-2 -3 3 6 -6 -7 8 -9 11 10 -12 -13 13 -15
leaf_value=0.10011486736745123 0.018292586649689184 -0.5489384294812919 0.44270680643991805 -0.31809271761847724 -2.5256587059869626 -0.85319229651326256 0.56290141922588999 0.011108976317935344 0.28238240927883929 -0.069492141411853656 0.44644046492800393 -0.63627405543354487 0.12353530367572163 -0.30482626377585859
leaf_weight=114 3044 45 42 96 54 55 64 125 58 197 274 87 36 143
leaf_count=114 3044 45 42 96 54 55 64 125 58 197 274 87 36 143
internal_value=0.000486815 -0.00131148 -0.00074184 -0.00376712 -0.0132468 -0.0052 -0.000369515 -0.00589286 0.0054717 0.00156454 0.00481013 -0.00027027 -0.00364865 -0.00857143
internal_weight=4434 1390 1345 581 151 97 430 221 209 764 471 145 293 179
internal_count=4434 1390 1345 581 151 97 430 221 209 764 471 145 293 179
cat_boundaries=0 2
cat_threshold=1790473 80
is_linear=0
shrinkage=0.04


Tree=184
num_leaves=15
num_cat=1
split_feature=0 1 6 2 8 8 1 7 7 7 13 26 14 13
split_gain=4.89249 9.07382 9.90464 4.56376 4.25987 11.8532 11.1451 9.57545 13.3567 7.0464 9.57259 6.29863 5.83492 10.2487
threshold=0 178.50000000000003 55.651852825000006 891.46575700000005 55.655300962443029 55.642678613274683 74.500000000000014 37.702326335653296 37.684165209526832 37.729719700949531 0.67500000000000004 1.1259949584522437 15.321288515406165 11.762828947368421
decision_type=9 2 2 2 10 10 2 10 10 10 8 10 8 10
left_child=1 4 -3 -2 5 6 9 8 -6 -1 -11 -9 13 -13
right_child=3 2 -4 -5 7 -7 -8 11 -10 10 -12 12 -14 -15
leaf_value=-0.142529310443132 0.02067495327821213 0.010839133577442227 -1.5358615556955653 -1.0940452231978879 -0.026361269791430574 0.49266416989226247 -0.92141329551431972 -1.1591597022306697 0.61509819476812222 -0.038455062218856639 1.0965152014030972 -0.52093119769748741 -0.91795057807280789 1.2108772619909138
leaf_weight=118 3050 62 66 36 425 206 42 45 130 62 35 69 50 38
leaf_count=118 3050 62 66 36 425 206 42 45 130 62 35 69 50 38
internal_value=0.000414695 -0.00158707 -0.0116031 0.00129074 -0.000523303 0.00248927 -0.00323077 -0.00236842 0.000358423 0.000550459 0.0084 -0.0097561 -0.00575 -0.000363636
internal_weight=4434 1348 128 3086 1220 463 257 757 555 215 97 202 157 107
internal_count=4434 1348 128 3086 1220 463 257 757 555 215 97 202 157 107
cat_boundaries=0 2
cat_threshold=1786385 112
is_linear=0
shrinkage=0.04


Tree=185
num_leaves=15
num_cat=2
split_feature=26 0 7 20 19 3 16 14 7 18 0 12 7 8
split_gain=4.35282 9.05759 8.53852 7.4984 7.57211 14.344 12.3787 8.31429 8.14911 7.91534 10.0199 10.1215 20.4488 12.4351
threshold=1.03040095246991 0 37.712034879414141 9.5000000000000018 1962.5833392402187 6.5000000000000009 0.27100988700564976 26.220404271548436 37.428584283769347 1539.3153451604151 1 0.33666666666666673 37.687037000000011 55.685310854836708
decision_type=8 9 10 2 8 2 10 8 10 10 9 10 10 10
left_child=1 -1 -3 4 9 -6 7 -7 -9 10 11 -2 13 -13
right_child=3 2 -4 -5 5 6 -8 8 -10 -11 -12 12 -14 -15
leaf_value=-0.28082897589003841 -0.47222982890480097 0.063576843445025163 -0.72557280065056207 0.21094878081784424 1.1620958739154852 0.77586348194343058 0.32375913055392747 0.10380163441352423 -0.48722333292885667 -0.025130914647773468 0.11287155982545223 -1.3681180652724914 0.89906756904691232 0.059316712972113383
leaf_weight=235 114 458 56 253 50 57 39 37 82 1790 978 87 119 79
leaf_count=235 114 458 56 253 50 57 39 37 82 1790 978 87 119 79
internal_value=0.000486815 -0.00228723 0.000759013 0.00105206 0.000558952 0.00701493 0.00238532 -0.00223464 -0.00819672 1.26183e-05 0.00228986 -0.00300971 0.000972222 -0.00804734
internal_weight=4434 749 514 3685 3432 265 215 176 119 3167 1377 399 285 166
internal_count=4434 749 514 3685 3432 265 215 176 119 3167 1377 399 285 166
cat_boundaries=0 2 3
cat_threshold=647627360 5 1950728
is_linear=0
shrinkage=0.04


Tree=186
num_leaves=15
num_cat=0
split_feature=3 8 23 2 26 14 10 16 5 10 23 15 12 3
split_gain=4.40874 9.84489 6.3679 4.68377 9.30467 7.26006 10.5867 10.5196 9.40797 8.78495 8.38292 7.30281 7.17067 7.39514
threshold=2.5000000000000004 55.685454096347691 inf 659.0834645000001 5.2912070198540215 11.648076923076923 277.50000000000006 0.34549071618037142 37.628237190000007 286.50000000000006 52.454546244000007 7.7038244722286402 27.891666666666676 20.500000000000004
decision_type=2 8 8 2 10 8 10 10 2 10 10 10 8 2
left_child=1 -1 3 4 12 7 -7 11 10 -9 -8 -5 13 -2
right_child=2 -3 -4 5 -6 6 8 9 -10 -11 -12 -13 -14 -15
leaf_value=-0.52532482621704657 0.14521137306199991 0.056702390853313744 0.40464616822525928 0.032321023490436966 -0.46241680643678384 0.0447980002223764 -0.057934169765541305 -0.036092050735180625 0.048173663176327396 0.31769779098148321 -0.72153190435942038 -0.82986307181639951 -0.26583449245376539 -0.16636472312527331
leaf_weight=74 1575 37 61 36 68 1121 92 650 76 121 76 107 192 148
leaf_count=74 1575 37 61 36 68 1121 92 650 76 121 76 107 192 148
internal_value=0.000396664 -0.00736842 0.000601017 0.000412661 0.00183283 -0.000823839 0.00102339 -0.00357688 -0.00647773 -0.00170543 -0.0116959 -0.0134247 0.00235662 0.00317497
internal_weight=4434 111 4323 4262 1983 2279 1365 914 244 771 168 143 1915 1723
internal_count=4434 111 4323 4262 1983 2279 1365 914 244 771 168 143 1915 1723
is_linear=0
shrinkage=0.04


Tree=187
num_leaves=15
num_cat=2
split_feature=20 0 3 20 23 15 7 5 19 13 0 18 23 1
split_gain=5.23216 11.0858 9.77681 9.2498 7.94611 7.80821 7.61426 17.2936 6.95259 6.58636 6.17029 6.79962 12.3959 8.63397
threshold=8.5000000000000018 0 21.500000000000004 9.5000000000000018 50.751481041500007 15.332829885902905 37.373646810293664 37.356637395000007 674.68599812996092 16.353170289855075 1 1050.1912880269649 58.452861869500005 131.50000000000003
decision_type=2 9 2 2 10 8 10 2 8 10 9 10 10 2
left_child=6 5 3 4 8 -2 7 -1 -3 -10 11 -8 -13 -14
right_child=1 2 -4 -5 -6 -7 10 -9 9 -11 -12 12 13 -15
leaf_value=-0.059391347472498954 0.50789424879713485 -0.14156539118634379 -0.33431253394650484 0.2037051749800419 -0.2567041936667192 -0.090445359857787788 0.028917078839843669 1.28794953593635 0.44238144061870599 -0.075680359558606192 0.019256136167760757 -0.012759900529693198 -0.086819624165795556 -1.6177016018517147
leaf_weight=115 378 62 51 140 187 87 457 88 80 46 1455 813 364 111
leaf_count=115 378 62 51 140 187 87 457 88 80 46 1455 813 364 111
internal_value=0.000486815 0.00297872 -0.000829016 0.000849421 -0.00243386 0.0074477 -0.000270112 0.00718447 0.00335079 0.00868217 -0.000749298 -0.00234357 -0.00384198 -0.00895397
internal_weight=4434 1031 566 515 375 465 3403 203 188 126 3200 1745 1288 475
internal_count=4434 1031 566 515 375 465 3403 203 188 126 3200 1745 1288 475
cat_boundaries=0 2 4
cat_threshold=1058041986 1 891252743 97
is_linear=0
shrinkage=0.04


Tree=188
num_leaves=15
num_cat=1
split_feature=0 1 6 20 25 1 2 8 6 15 6 8 16 5
split_gain=4.66173 5.94122 12.8094 5.80006 8.30126 9.77675 7.97936 7.36339 12.177 8.85148 8.82184 7.32754 7.20155 9.99389
threshold=0 183.50000000000003 55.65948546500001 8.5000000000000018 17.465899042484388 157.50000000000003 696.71854900000005 55.576096230814606 55.572060790000002 14.448542544172897 55.553544570000007 55.650745996106906 0.10889328063241108 37.48296091000001
decision_type=9 2 2 2 10 2 2 10 2 8 2 10 8 2
left_child=1 -1 -3 7 6 12 -5 9 -9 10 -2 -7 -6 -14
right_child=3 2 -4 4 5 11 -8 8 -10 -11 -12 -13 13 -15
leaf_value=-0.0079293845078315401 1.9093590171708343 0.023659890610389311 -1.8121282394190146 0.39774580976893498 0.88846623054589824 0.18363475775243118 0.84642287940102223 2.0566074135954335 0.008724619963372789 -1.7758242449034789 -0.75984393458040156 1.0425716289515714 -0.40997914574446503 0.0089394395309206724
leaf_weight=1478 38 63 62 138 37 66 64 56 1989 89 72 46 100 136
leaf_count=1478 38 63 62 138 37 66 64 56 1989 89 72 46 100 136
internal_value=0.000306513 -0.00141089 -0.0096875 0.00127989 0.00481356 0.00134021 0.0113171 0.00035603 0.00107422 -0.00693069 0.000707965 0.0111304 -0.00275362 -0.00535565
internal_weight=4434 1603 125 2831 587 385 202 2244 2045 199 110 112 273 236
internal_count=4434 1603 125 2831 587 385 202 2244 2045 199 110 112 273 236
cat_boundaries=0 2
cat_threshold=1786427 112
is_linear=0
shrinkage=0.04


Tree=189
num_leaves=15
num_cat=1
split_feature=0 23 20 3 25 6 7 23 11 3 24 10 3 24
split_gain=4.80999 10.4876 7.71497 12.2163 8.54385 7.09358 6.98932 12.1871 8.47265 6.83323 12.3688 14.3916 10.8737 10.2394
threshold=0 12660.916535471002 4.5000000000000009 6.5000000000000009 6.9073045775558617 55.73962954000001 37.744691906188322 533.47129121350008 7.8354865000000009 12.500000000000002 3168.7185275588677 133.50000000000003 19.500000000000004 3224.3949815719648
decision_type=9 8 2 2 10 2 10 8 10 2 10 10 2 10
left_child=1 2 3 -1 -4 -5 -2 8 -8 13 11 -11 -12 -6
right_child=6 -3 4 5 9 -7 7 -9 -10 10 12 -13 -14 -15
leaf_value=0.54279410315551702 -0.014169591271541174 1.2506099749933461 1.063515549187581 -0.034273946018955712 0.16552603953122152 -0.47326234866557343 0.086771545163462069 -0.5106854740170621 1.7004392822250043 0.30966071976064241 0.93894850124632789 -0.57344226224400774 0.012986730833794695 -0.26591175280288498
leaf_weight=35 2819 36 37 110 352 87 42 40 43 103 191 119 168 252
leaf_count=35 2819 36 37 110 352 87 42 40 43 103 191 119 168 252
internal_value=0.000234393 0.00207585 0.00153741 -0.00510638 0.00280816 -0.009 -0.000703416 0.0084375 0.0168182 0.00218855 0.00527397 -0.00213333 0.00983425 -0.000790774
internal_weight=4434 1490 1454 232 1222 197 2944 125 85 1185 581 222 359 604
internal_count=4434 1490 1454 232 1222 197 2944 125 85 1185 581 222 359 604
cat_boundaries=0 2
cat_threshold=1851819460 10
is_linear=0
shrinkage=0.04


Tree=190
num_leaves=15
num_cat=2
split_feature=0 14 13 26 3 19 3 24 5 16 13 18 0 22
split_gain=4.21518 9.32716 13.6629 12.0371 9.62292 9.48564 8.6861 7.2203 6.92626 7.21972 8.50051 6.05322 11.336 11.6961
threshold=0 10.543657505285413 6.7148351648351658 1.6353412666289218 5.5000000000000009 45.477586919772683 12.500000000000002 3018.6436380232303 37.467961820000006 0.21089696071163827 21.444505494505503 1050.1912880269649 1 502.45288312400004
decision_type=9 8 10 8 2 10 2 10 2 10 10 8 9 2
left_child=1 2 5 4 -3 -1 -6 -4 9 10 -8 12 13 -2
right_child=11 3 7 -5 6 -7 8 -9 -10 -11 -12 -13 -14 -15
leaf_value=-0.04867239952322322 0.008534537685333134 0.61125853117182427 -0.86843376624580393 1.1202891862977027 -0.51979092030592511 0.42345293867371653 -0.91395937937036242 0.085504654666755608 0.83350030652501572 0.094091203750345756 0.027488917076044644 -0.019756119318207054 0.1897105154821952 -0.66442290806956072
leaf_weight=170 247 72 82 151 110 93 36 39 57 73 36 2762 439 67
leaf_count=170 247 72 82 151 110 93 36 39 57 73 36 2762 439 67
internal_value=5.40906e-05 0.00244635 -0.0022739 0.00587361 0.00206718 0.00285714 -0.00101587 -0.0132258 0.00390244 -0.000810811 -0.0096 -0.000578231 0.00259259 -0.00318043
internal_weight=4434 919 384 535 384 263 312 121 202 145 72 3515 753 314
internal_count=4434 919 384 535 384 263 312 121 202 145 72 3515 753 314
cat_boundaries=0 2 4
cat_threshold=1650460032 10 270385226 4
is_linear=0
shrinkage=0.04


Tree=191
num_leaves=15
num_cat=2
split_feature=3 17 23 20 0 12 14 10 0 2 10 11 10 24
split_gain=4.82664 7.12946 5.46967 5.16705 13.4266 9.08823 11.7138 9.81428 6.7277 8.18419 7.86932 7.1435 7.14749 8.31844
threshold=2.5000000000000004 29.500000000000004 inf 8.5000000000000018 0 25.013636363636369 9.0650735294117677 273.50000000000006 1 785.53866950000008 181.50000000000003 32.004846000000008 4.5000000000000009 1373.5713477392021
decision_type=2 8 8 2 9 10 8 10 9 2 8 10 10 10
left_child=1 -1 3 8 -5 6 -6 -8 11 -10 -11 12 -2 -14
right_child=2 -3 -4 4 5 -7 7 -9 9 10 -12 -13 13 -15
leaf_value=0.011835258487681983 -0.11292097945258461 -0.48805037221796754 0.40074517039752461 0.24090225324331563 -0.18893249033913484 -1.0053186156787837 0.32664049480668894 -0.4952050680222479 0.035053836208437023 -1.3788988864290688 0.0052688755434643752 -0.44426718473488164 0.20398415687916724 -0.058124280635630896
leaf_weight=65 174 46 61 478 157 36 258 58 1326 51 45 45 283 1351
leaf_count=65 174 46 61 478 157 36 258 58 1326 51 45 45 283 1351
internal_value=5.40906e-05 -0.00807018 0.000268146 9.37866e-05 0.00262626 -0.00191571 -0.000420168 0.00401254 -0.000671141 0.00139373 -0.00969697 -0.0022508 -0.00185533 -0.00102627
internal_weight=4434 111 4323 4262 987 509 473 316 3275 1422 96 1853 1808 1634
internal_count=4434 111 4323 4262 987 509 473 316 3275 1422 96 1853 1808 1634
cat_boundaries=0 2 4
cat_threshold=1058043008 3 924545171 97
is_linear=0
shrinkage=0.04


Tree=192
num_leaves=15
num_cat=0
split_feature=1 5 7 20 10 25 8 3 3 25 17 16 23 3
split_gain=4.98355 4.66641 9.48725 11.4691 9.13015 13.5604 19.4689 9.33403 10.7342 8.21742 6.83128 6.53618 7.60537 6.27936
threshold=437.50000000000006 37.737280210000009 37.707137462107291 7.5000000000000009 4.5000000000000009 19.746894550553385 55.730352604497945 10.500000000000002 6.5000000000000009 12.818731226241921 24.500000000000004 0.26120401337792648 58.452861869500005 8.5000000000000018
decision_type=2 2 10 2 10 10 10 2 2 10 10 10 10 2
left_child=1 2 -1 13 -3 6 9 8 -8 -6 -11 12 -5 -4
right_child=-2 4 3 11 5 -7 7 -9 -10 10 -12 -13 -14 -15
leaf_value=0.0068115556409709659 -0.96336058205205066 -0.18111570488352066 0.00073900753649567717 0.39349127649268284 1.5911876890834287 3.5368426932827504 0.10373597437673197 0.043924935329059736 -1.3646355898912419 -0.030811697937036624 0.49721729263086889 -0.08229230184747649 -0.082749626969446946 -1.1327629144683333
leaf_weight=3341 43 76 45 74 81 48 52 143 64 49 58 145 47 168
leaf_count=3341 43 76 45 74 81 48 52 143 64 49 58 145 47 168
internal_value=5.40906e-05 0.00019117 -0.00031389 -0.00556017 0.00355401 0.00554217 0.00328889 -0.00381679 -0.0121008 0.0129843 0.00545455 0 0.00677419 -0.0124074
internal_weight=4434 4391 3820 479 571 495 447 259 116 188 107 266 121 213
internal_count=4434 4391 3820 479 571 495 447 259 116 188 107 266 121 213
is_linear=0
shrinkage=0.04


Tree=193
num_leaves=15
num_cat=2
split_feature=1 26 20 8 6 13 8 7 18 11 0 0 11 22
split_gain=4.9917 12.3892 9.11934 11.2016 8.88848 8.86455 7.10894 6.80982 6.40798 6.29231 13.2998 10.1043 8.53719 10.2656
threshold=211.50000000000003 1.2328799008622857 4.5000000000000009 55.532415431690275 55.647441485000009 17.528375286041193 55.529671500000006 37.74826262397152 1697.9421748163979 9.3285570000000018 0 1 14.165074000000002 28.913118408000003
decision_type=2 10 2 10 2 10 10 10 10 10 9 9 10 2
left_child=6 2 -2 -4 5 -5 -1 8 -3 11 12 -8 13 -11
right_child=1 7 3 4 -6 -7 9 -9 -10 10 -12 -13 -14 -15
leaf_value=1.0914701753569975 -1.0227703403281363 -0.29536225806976291 -1.771466623295886 1.266972664852698 -0.028289405472731347 0.16354051840914408 -0.060560691225286227 0.038250739946386149 -2.5839603678593615 -0.26878281834216483 0.10683709664589686 0.02262050063072123 -0.20694563146677705 0.14133791516346897
leaf_weight=55 59 94 41 62 97 53 904 47 72 92 801 1503 224 330
leaf_count=55 59 94 41 62 97 53 904 47 72 92 801 1503 224 330
internal_value=9.0151e-05 -0.00356061 0.00152381 0.00484375 0.00855814 0.0159322 0.000582822 -0.0109259 -0.0146746 0.000373347 0.00245517 -0.000879668 -0.00182094 0.00150588
internal_weight=4434 525 312 253 212 115 3909 213 166 3854 1447 2407 646 422
internal_count=4434 525 312 253 212 115 3909 213 166 3854 1447 2407 646 422
cat_boundaries=0 2 4
cat_threshold=43545866 33 3036873319 20
is_linear=0
shrinkage=0.04


Tree=194
num_leaves=15
num_cat=3
split_feature=1 3 6 18 25 0 6 6 5 1 6 3 0 0
split_gain=5.01101 5.03605 5.94159 5.4541 9.6947 9.60152 9.55399 8.61753 7.99429 12.1745 7.53301 7.35818 19.6581 15.0258
threshold=437.50000000000006 2.5000000000000004 55.690941955000007 2264.3157045752537 17.707558439925833 0 55.647441485000009 55.597019090000011 37.709555890000011 38.500000000000007 55.683746430000006 12.500000000000002 1 2
decision_type=2 2 2 8 10 9 2 2 2 2 2 2 9 9
left_child=1 2 -1 7 5 6 -5 -3 -6 -10 -8 13 -13 -9
right_child=-2 3 -4 4 8 -7 10 11 9 -11 -12 12 -14 -15
leaf_value=-0.4650694082432007 -0.88113516454937557 2.1045897904178568 0.076344073709616961 -0.027994563809010276 -0.0059619186998831142 0.0012976799740394541 -1.3501407361241875 -0.052805556685043414 -0.069695780912807606 1.9641829118500023 -0.60893118103777744 -0.34269527979529302 0.042039978081893421 0.26684743209277029
leaf_weight=76 43 57 35 123 1242 240 60 554 43 72 69 441 579 800
leaf_count=76 43 57 35 123 1242 240 60 554 43 72 69 441 579 800
internal_value=9.0151e-05 0.000227583 -0.00807018 0.000448284 -0.0011879 -0.0059798 -0.0111698 0.00169269 0.000558824 0.0105085 -0.0190909 0.00131258 -0.00125122 0.00324245
internal_weight=4434 4391 111 4280 1849 492 252 2431 1357 115 129 2374 1020 1354
internal_count=4434 4391 111 4280 1849 492 252 2431 1357 115 129 2374 1020 1354
cat_boundaries=0 2 4 6
cat_threshold=2164273760 97 540897546 6 2651293250 65
is_linear=0
shrinkage=0.04


Tree=195
num_leaves=15
num_cat=1
split_feature=3 8 26 23 5 10 23 3 0 26 12 6 14 14
split_gain=4.82664 7.06478 5.17572 4.66655 6.48358 5.56009 5.08597 8.75224 8.14199 8.61639 8.1305 13.5859 6.36047 14.1106
threshold=2.5000000000000004 55.685454096347691 1.2063544567822273 4226.4272594590011 37.70659134000001 186.50000000000003 83.281450625500014 4.5000000000000009 0 2.4045270342530052 12.636666666666668 55.676956365000002 0.15357142857142861 1.6733333333333336
decision_type=2 10 10 8 2 10 10 2 9 10 8 2 8 10
left_child=1 2 -1 6 5 -5 -2 -8 9 10 11 -9 -10 -14
right_child=3 -3 -4 4 -6 -7 7 8 12 -11 -12 -13 13 -15
leaf_value=-0.024883780565200127 0.01653980480462227 0.086221801999895223 -1.0716413743105639 -0.038925055917154554 0.59348727317776484 0.46962945451529892 0.54021362624911806 0.5515674381042811 -0.13203891501262977 0.17600317565974818 -0.69545743851399944 -0.41893074727846225 0.52716142586162618 -0.0087455766522850815
leaf_weight=35 2940 36 40 65 37 45 84 65 222 55 99 143 71 497
leaf_count=35 2940 36 40 65 37 45 84 65 222 55 99 143 71 497
internal_value=5.40906e-05 -0.00807018 -0.0148718 0.000268146 0.0072 0.00212389 1.91433e-05 -0.00213075 -0.00304762 -0.00789333 -0.0107097 -0.00606635 -0.000697385 0.00154116
internal_weight=4434 111 75 4323 147 110 4176 1236 1152 362 307 208 790 568
internal_count=4434 111 75 4323 147 110 4176 1236 1152 362 307 208 790 568
cat_boundaries=0 2
cat_threshold=106431493 102
is_linear=0
shrinkage=0.04


Tree=196
num_leaves=15
num_cat=3
split_feature=22 0 3 3 1 0 0 3 6 16 10 2 18 6
split_gain=4.77219 11.9531 11.2342 8.14203 7.69311 12.2627 8.53971 11.0242 18.6861 9.71468 9.79555 9.64305 8.88124 10.9093
threshold=115.93281013400001 0 12.500000000000002 5.5000000000000009 11.500000000000002 1 2 7.5000000000000009 55.67592130500001 0.3723210214318286 291.50000000000006 703.19898200000011 2194.6958559547079 55.710295130000006
decision_type=2 9 2 2 2 9 9 2 2 8 10 2 10 2
left_child=4 2 3 -2 5 -1 7 8 -6 10 -8 -9 -11 -14
right_child=1 -3 -4 -5 6 -7 9 11 -10 12 -12 -13 13 -15
leaf_value=-0.0345662132765375 -0.36091247164538831 0.068042700324066341 -0.8039790928767917 0.20046352400729575 -1.3951213453129088 0.087605507599857552 0.0050907261385177097 0.26794326156641407 0.00031754119226562238 -0.85541353397211084 -0.52847548809115896 -0.34260469910212349 0.077316063054168466 -0.60264820176634615
leaf_weight=667 54 1047 136 142 37 675 619 323 140 153 141 95 149 56
leaf_count=667 54 1047 136 142 37 675 619 323 140 153 141 95 149 56
internal_value=0.000162272 0.00211288 -0.0044058 0.00160804 -0.000719424 0.00154647 -0.00249417 0.00138158 -0.00688889 -0.00452697 -0.00199214 0.00494062 -0.0099723 -0.00442308
internal_weight=4434 1379 332 196 3055 1342 1713 595 177 1118 760 418 358 205
internal_count=4434 1379 332 196 3055 1342 1713 595 177 1118 760 418 358 205
cat_boundaries=0 1 3 5
cat_threshold=69099530 2260288001 69 3325821952 5
is_linear=0
shrinkage=0.04


Tree=197
num_leaves=15
num_cat=2
split_feature=20 24 0 10 3 6 23 1 16 3 0 24 24 5
split_gain=4.08158 13.0796 8.00286 15.0767 8.29697 6.41962 6.18729 14.3506 11.3996 11.8049 9.15345 7.81615 10.0076 7.13563
threshold=3.5000000000000004 1021.4102033445744 0 4.5000000000000009 9.5000000000000018 55.743665670000006 148.62831258900005 136.50000000000003 0.33578431372549028 12.500000000000002 1 1759.5639096510206 2652.6843065501021 37.416216135000006
decision_type=2 8 9 10 2 2 10 2 8 2 9 10 10 2
left_child=2 -2 4 -4 -1 -5 10 8 -8 11 13 -10 -13 -3
right_child=1 6 3 5 -6 -7 7 -9 9 -11 -12 12 -14 -15
leaf_value=0.002772127296151439 0.58691953233174932 0.23994089593718518 -0.98214553454482856 0.24947129095371395 -0.99931166163501473 -0.11738868854224337 -0.38148792498404888 -1.1563615268204694 -0.11489763100285295 -0.18796502637530979 -0.0040390388253634772 1.5370677026606927 0.011920659245070481 0.046545347543837753
leaf_weight=44 119 206 42 213 63 37 82 106 51 122 2782 61 47 459
leaf_count=44 119 206 42 213 63 37 82 106 51 122 2782 61 47 459
internal_value=0.000162272 0.000544824 -0.00368159 0 -0.0123333 0.00379447 0.000142894 -0.00415254 -0.000327869 0.00352113 0.000730435 0.0106173 0.0165766 0.00489676
internal_weight=4434 4035 399 292 107 250 3916 469 363 281 3447 159 108 665
internal_count=4434 4035 399 292 107 250 3916 469 363 281 3447 159 108 665
cat_boundaries=0 2 4
cat_threshold=1612185928 1 1644987652 8
is_linear=0
shrinkage=0.04


Tree=198
num_leaves=15
num_cat=2
split_feature=2 0 26 0 19 26 25 18 1 7 10 14 24 18
split_gain=4.30727 11.4891 8.04129 8.05621 6.54052 9.60291 6.38492 8.15993 8.75873 6.64774 6.19916 6.33341 7.22854 8.02235
threshold=659.0834645000001 0 1.0000000000000118 1 883.5395748217901 4.6357235477766157 16.808058817343039 77.353514189835138 -47.499999999999993 37.693354000000006 350.50000000000006 18.108333333333338 3682.1274667301991 4624.9935482237161
decision_type=2 9 10 9 8 10 10 10 2 10 8 8 10 10
left_child=2 6 -1 -4 5 -5 7 -2 -9 -10 11 -3 -13 -14
right_child=1 10 3 4 -6 -7 -8 8 9 -11 -12 12 13 -15
leaf_value=-0.72531433150320024 0.51680418092899805 -0.0039781485010563248 -0.087828987765538505 0.20198983026258133 0.010716336830818279 -0.3715785719300051 0.031543865595344299 0.042935887927742583 -0.30168020484967317 -0.73340305143611828 -0.66652434202927813 0.38755903878598474 -0.27717549845613593 0.053062680534006638
leaf_weight=36 37 1258 390 803 791 42 175 95 151 138 44 203 103 168
leaf_count=36 37 1258 390 803 791 42 175 95 151 138 44 203 103 168
internal_value=0.000252423 -0.000909474 0.00158838 0.00193199 0.00315343 0.00561321 -0.0056486 -0.00839623 -0.0101292 -0.0135616 0.000715484 0.00110663 0.00503145 0.000729927
internal_weight=4434 2372 2062 2026 1636 845 596 421 384 289 1776 1732 474 271
internal_count=4434 2372 2062 2026 1636 845 596 421 384 289 1776 1732 474 271
cat_boundaries=0 2 4
cat_threshold=1163419648 97 278069248 16
is_linear=0
shrinkage=0.04


Tree=199
num_leaves=15
num_cat=1
split_feature=0 23 1 3 3 23 16 1 26 1 11 11 7 7
split_gain=4.53848 8.8982 6.13043 5.93673 11.4999 8.19105 7.41477 6.92263 9.86712 8.67673 7.41997 5.77462 5.41572 8.27504
threshold=0 12660.916535471002 377.50000000000006 17.500000000000004 18.500000000000004 54.461329979000006 0.19378911892152145 253.50000000000003 1.228048286061012 215.50000000000003 1.4260780000000002 11.328557000000002 37.366927724435961 37.412151268651094
decision_type=9 8 2 2 2 10 10 2 10 2 8 10 10 10
left_child=1 2 3 7 -5 6 -6 9 -9 10 -1 -7 -12 -14
right_child=-2 -3 -4 4 5 11 -8 8 -10 -11 12 -13 13 -15
leaf_value=-0.65186913642466149 -0.0090362762544807934 0.86322666245085 -1.0808934069840075 1.1725215885082794 0.09033911670866332 0.32769806758794517 -0.28477474600580749 0.96963748667396032 -0.20792975921767665 -1.2063738815630694 0.5973445090900944 -0.042808406117767678 -0.51088202786063142 0.027381672929737137
leaf_weight=36 2670 42 61 70 59 75 84 53 49 61 38 38 113 985
leaf_count=36 2670 42 61 70 59 75 84 53 49 61 38 38 113 985
internal_value=0.000414695 0.00198087 0.00153043 0.00199519 0.00680851 0.00277992 -0.00356164 0.000807175 0.0106667 -3.23625e-05 0.000748936 0.0106897 0.0013345 0.000799273
internal_weight=4434 1764 1722 1661 326 256 143 1335 102 1233 1172 113 1136 1098
internal_count=4434 1764 1722 1661 326 256 143 1335 102 1233 1172 113 1136 1098
cat_boundaries=0 2
cat_threshold=3995370896 34
is_linear=0
shrinkage=0.04


Tree=200
num_leaves=15
num_cat=3
split_feature=3 17 26 0 13 7 20 3 12 7 18 0 3 0
split_gain=6.05051 6.28735 5.22896 8.64016 8.42929 10.135 7.57656 6.62933 10.1004 7.14674 6.6117 9.88907 9.08515 17.7066
threshold=2.5000000000000004 29.500000000000004 1.03040095246991 0 26.931142241379312 37.710834892949528 9.5000000000000018 20.500000000000004 15.911538461538465 37.628838023611209 1539.3153451604151 1 12.500000000000002 2
decision_type=2 8 8 9 8 10 2 2 8 10 10 9 2 9
left_child=1 -1 3 -2 5 -5 10 8 -8 -10 12 -12 -4 -14
right_child=2 -3 6 4 -6 -7 7 -9 9 -11 11 -13 13 -15
leaf_value=-0.0029906112050520051 -0.42649604456739881 -0.43834774343052518 0.2571896409170269 0.10687147657073467 -0.4813404377340777 -0.60851626606141107 1.6617096307481898 -0.036870955642069138 0.91727334478843203 -0.17983364179073699 -0.11913255142559173 0.023861937713535796 -0.74613036097202778 0.041595940550626549
leaf_weight=65 204 46 817 392 59 69 97 61 35 41 693 1278 218 359
leaf_count=65 204 46 817 392 59 69 97 61 35 41 693 1278 218 359
internal_value=0.000324544 -0.00877193 0.000564031 -0.00253095 0.000300188 0.00215517 0.00118823 0.00810127 0.0120455 0.00101266 0.000700713 -0.000790274 0.00280601 -0.00103448
internal_weight=4434 111 4323 724 520 461 3599 234 173 76 3365 1971 1394 577
internal_count=4434 111 4323 724 520 461 3599 234 173 76 3365 1971 1394 577
cat_boundaries=0 2 4 6
cat_threshold=2786198048 5 2483032133 121 538505480 2
is_linear=0
shrinkage=0.04


Tree=201
num_leaves=15
num_cat=0
split_feature=3 8 26 22 23 8 8 26 1 20 8 3 17 5
split_gain=4.40874 8.55466 5.17572 5.16224 10.0903 7.65406 9.92078 11.7141 6.94859 7.05943 6.29949 8.32134 6.13627 8.70105
threshold=2.5000000000000004 55.685454096347691 1.2063544567822273 115.93281013400001 153.04529662800002 55.654265167876062 55.68517275067736 1.2145580155956661 48.500000000000007 7.5000000000000009 55.650745996106906 4.5000000000000009 30.500000000000004 37.464912110000007
decision_type=2 10 10 2 10 8 10 8 2 2 10 2 10 2
left_child=1 2 -1 4 -2 10 7 -7 9 -6 11 -5 -8 -14
right_child=3 -3 -4 5 8 6 12 -9 -10 -11 -12 -13 13 -15
leaf_value=-0.020951930284685148 0.0033990428057868822 0.10882836775063616 -1.0212665881685146 0.83467729142210634 -0.25510391531920784 0.0054105357750363937 -0.0041876489303293227 -1.3934807018610058 -1.301963731250362 0.049324306260898683 0.9115548508900525 0.044616054394855706 0.045162612673746029 0.64496531791693723
leaf_weight=35 2797 36 40 45 35 79 482 56 92 70 44 440 143 40
leaf_count=35 2797 36 40 45 35 79 482 56 92 70 44 440 143 40
internal_value=0.000396664 -0.00736842 -0.0148718 0.000601017 -0.00032032 0.00267267 0.000199253 -0.00956522 -0.009 -0.00185185 0.00639098 0.005 0.00221557 0.0083871
internal_weight=4434 111 75 4323 2994 1329 800 135 197 105 529 485 665 183
internal_count=4434 111 75 4323 2994 1329 800 135 197 105 529 485 665 183
is_linear=0
shrinkage=0.04


Tree=202
num_leaves=15
num_cat=4
split_feature=22 0 3 22 18 0 1 1 0 2 3 1 0 13
split_gain=4.62095 13.5118 9.896 11.4849 8.48835 7.80456 10.34 7.61877 10.2757 9.05925 8.89448 14.1833 13.3898 16.0155
threshold=115.93281013400001 0 12.500000000000002 143.82469949700001 2194.6958559547079 1 181.50000000000003 1.0000000180025095e-35 2 743.82469900000012 9.5000000000000018 81.500000000000014 3 7.4608585858585856
decision_type=2 9 2 2 10 9 2 2 9 2 2 2 9 10
left_child=5 2 -2 -4 -5 6 -1 8 -7 10 11 -9 -12 -14
right_child=1 -3 3 4 -6 7 -8 9 -10 -11 12 -13 13 -15
leaf_value=-0.025925070060284695 0.071378782857535447 0.082063925920400765 0.029327129267024458 -1.1790847397647188 0.0032262504500202294 0.00050988061078880754 -1.7734453369512175 -0.46222278193694605 0.13638102516268474 -0.76747959208243577 0.26372379915045518 0.03691804817324254 -0.72778334323582461 0.063528886994761391
leaf_weight=798 301 864 78 98 38 445 63 229 323 125 321 289 95 367
leaf_count=798 301 864 78 98 38 445 63 229 323 125 321 289 95 367
internal_value=0.000540906 0.0024602 -0.00265152 -0.00921659 -0.0161151 -0.000327011 -0.00352403 0.000942456 0.00415045 -0.000783765 0.000214724 -0.00383877 0.00290076 -0.00151579
internal_weight=4434 1379 515 214 136 3055 861 2194 768 1426 1301 518 783 462
internal_count=4434 1379 515 214 136 3055 861 2194 768 1426 1301 518 783 462
cat_boundaries=0 2 4 6 8
cat_threshold=85876750 6 8458801 121 2535212034 4 2249082176 2
is_linear=0
shrinkage=0.04


Tree=203
num_leaves=15
num_cat=1
split_feature=0 18 18 1 18 15 1 7 7 19 13 1 18 18
split_gain=4.76375 5.5751 7.83553 7.70732 6.78474 6.509 11.4663 6.73634 5.90493 5.76147 11.2383 7.84509 5.69236 5.88165
threshold=0 2165.6867341351231 3966.6463108468056 274.00000000000006 2009.8093981974187 14.37062657040204 23.500000000000004 37.469323520678152 37.494253777572219 1435.0489811321568 19.972672064777331 25.500000000000004 3594.5896161944461 2573.8514888345294
decision_type=9 10 10 2 10 8 2 10 10 8 10 2 10 10
left_child=1 3 9 4 -1 6 -4 -8 -7 12 -11 -12 13 -3
right_child=-2 2 5 -5 -6 8 7 -9 -10 10 11 -13 -14 -15
leaf_value=0.013383953523881473 0.027456066792993852 -0.3386095496619535 -0.019240555545713106 -2.6062275382079387 0.40416956302481205 0.014576174826368202 0.25384408902370637 1.0884268230716294 -0.41657177734341344 0.35966910312858047 -0.74469245756552538 0.39959646182516595 -0.92553259216943606 -0.12622732587652535
leaf_weight=1141 2221 142 97 36 90 103 40 68 38 73 66 44 52 223
leaf_count=1141 2221 142 97 36 90 103 40 68 38 73 66 44 52 223
internal_value=0.000685148 -0.000628931 -0.00295047 0.00110236 0.00165316 0.00183381 0.00634615 0.0151351 -0.00472222 -0.00570481 0.000215054 -0.00778761 -0.00828571 -0.00641304
internal_weight=4434 2213 946 1267 1231 346 205 108 141 600 183 110 417 365
internal_count=4434 2213 946 1267 1231 346 205 108 141 600 183 110 417 365
cat_boundaries=0 2
cat_threshold=299586155 81
is_linear=0
shrinkage=0.04


Tree=204
num_leaves=15
num_cat=2
split_feature=22 0 18 3 23 18 0 18 9 9 9 12 2 3
split_gain=5.36639 11.6093 9.59298 12.1938 9.15101 7.97498 7.55243 7.074 6.41178 9.13573 8.97651 6.14824 7.10244 7.75325
threshold=115.93281013400001 0 410.75511358096236 13.500000000000002 540.91653547100009 945.56245686978548 1 1200.7064069956539 10.450000000000001 2.8500000000000001 31.950000000000003 25.013636363636369 701.84361000000013 6.5000000000000009
decision_type=2 9 10 2 10 10 9 10 10 10 10 10 2 2
left_child=4 8 3 -3 6 -4 11 -7 9 -2 -10 12 13 -1
right_child=1 2 5 -5 -6 7 -8 -9 10 -11 -12 -13 -14 -15
leaf_value=-0.25678078268897653 0.068172493122878569 0.0030251300479434916 0.34418509174413514 -1.3818005199094376 -0.89056716176369921 -0.86424443317929622 0.017948793539989297 0.016370639154107979 -0.23868563061522813 0.29196297156579876 0.72922724094731595 -0.42264086395728157 0.13016677404208576 -0.014509282889659404
leaf_weight=115 390 76 114 52 65 49 2202 475 117 65 41 90 162 421
leaf_count=115 390 76 114 52 65 49 2202 475 117 65 41 90 162 421
internal_value=0.000739238 0.00280753 -0.000513479 -0.0103817 -0.000196207 0.00149766 0.000133645 -0.000607211 0.00683706 0.00934498 0 -0.003196 -0.00194009 -0.00415584
internal_weight=4434 1379 766 128 3055 638 2990 524 613 455 158 788 698 536
internal_count=4434 1379 766 128 3055 638 2990 524 613 455 158 788 698 536
cat_boundaries=0 2 4
cat_threshold=3936393010 97 8589873 89
is_linear=0
shrinkage=0.04


Tree=205
num_leaves=15
num_cat=1
split_feature=0 1 10 20 12 14 17 9 2 22 19 6 3 12
split_gain=4.50898 6.8857 9.50661 12.1852 12.1783 10.5021 9.3788 7.60939 7.27507 9.51243 7.31106 7.75262 7.17736 13.2416
threshold=0 1.0000000180025095e-35 254.50000000000003 3.5000000000000004 8.9071428571428584 11.701250000000002 30.500000000000004 25.450000000000003 746.67701850000014 142.45288312400001 16.122729436101984 55.637710215000006 11.500000000000002 3.7236111111111119
decision_type=9 2 10 2 8 10 10 10 2 2 10 2 2 10
left_child=-1 2 3 -2 -5 -6 7 -7 10 -10 11 -3 13 -12
right_child=1 8 -4 4 5 6 -8 -9 9 -11 12 -13 -14 -15
leaf_value=-0.0022483843125758085 -0.20401283364481324 0.11112206381423675 0.30126424448350841 0.18189020730404054 -0.81506272184829964 -0.59896324403064283 0.13206117235019263 0.034636410677218538 -0.90203101455457768 0.15890359746163313 0.40733406215385115 -0.43003539960341969 0.14839143431925986 -0.22801082170865017
leaf_weight=2350 62 41 168 223 50 64 139 52 106 37 91 83 592 376
leaf_count=2350 62 41 168 223 50 64 139 52 106 37 91 83 592 376
internal_value=0.00086545 0.00221268 0.00525624 0.00283305 0.00482109 -0.00038961 0.00294574 -0.00537815 0.000481565 -0.00794521 0.00151771 -0.00755906 0.00259887 -0.00110638
internal_weight=4434 2084 758 590 528 305 255 116 1326 143 1183 124 1059 467
internal_count=4434 2084 758 590 528 305 255 116 1326 143 1183 124 1059 467
cat_boundaries=0 2
cat_threshold=362500649 93
is_linear=0
shrinkage=0.04


Tree=206
num_leaves=15
num_cat=1
split_feature=7 5 1 5 8 0 3 11 10 26 7 19 1 22
split_gain=4.88071 14.5984 5.48793 6.12681 5.57875 13.7499 13.4344 9.65242 10.8879 9.35445 8.08231 9.66653 9.271 7.71524
threshold=37.373646810293664 37.356637395000007 437.50000000000006 37.858166705000009 55.733418836703386 0 17.500000000000004 6.0054830000000008 39.500000000000007 1.1879944514335408 37.744691906188322 18.158773247393636 -1.0000000180025095e-35 239.08346452900003
decision_type=10 2 2 2 10 9 2 10 10 10 10 8 2 2
left_child=1 -1 3 4 5 -2 7 8 -6 -8 -7 12 -12 -9
right_child=2 -3 -4 -5 6 10 9 13 -10 -11 11 -13 -14 -15
leaf_value=-0.046136804221755486 1.4482805944794148 1.1790323837472501 -0.79292518899080788 0.40726703662811786 0.076470333039583449 0.00035836837466149521 -0.0019049221467088984 -0.066831532674952052 -0.80412156765945275 0.94613917384869839 0.45287562764457195 1.395498301014807 -0.29101279033020994 0.14100351517899601
leaf_weight=124 102 94 41 98 44 3063 55 340 159 57 49 76 57 75
leaf_count=124 102 94 41 98 44 3063 55 340 159 57 49 76 57 75
internal_value=0.000721208 0.00651584 0.00041716 0.000564864 0.000323529 0.00101493 -0.00283765 -0.00515298 -0.012233 0.00973913 0.000527931 0.00864865 0.000733945 -0.00162679
internal_weight=4434 218 4216 4175 4077 3347 730 618 203 112 3245 182 106 415
internal_count=4434 218 4216 4175 4077 3347 730 618 203 112 3245 182 106 415
cat_boundaries=0 1
cat_threshold=1677721856
is_linear=0
shrinkage=0.04


Tree=207
num_leaves=15
num_cat=2
split_feature=3 23 26 18 6 1 0 20 23 24 3 6 0 23
split_gain=4.57371 6.29468 9.86277 6.91861 5.44742 4.7334 4.4292 8.48137 5.64274 8.51993 11.4808 11.6168 11.2489 11.2229
threshold=2.5000000000000004 4226.4272594590011 1.0611662785083698 1050.1912880269649 55.640821810000006 437.50000000000006 0 8.5000000000000018 58.452861869500005 2787.938969861731 10.500000000000002 55.67814678500001 1 153.04529662800002
decision_type=2 8 8 10 2 2 9 2 10 10 2 2 9 10
left_child=4 5 -3 -4 -1 6 7 -2 -8 10 11 -10 -12 -11
right_child=1 2 3 -5 -6 -7 8 -9 9 13 12 -13 -14 -15
leaf_value=-0.74244015923893447 0.013741977270006202 -0.046146897098731099 0.69708269950182189 0.22556920936191091 -0.0017204964079364515 -0.75988506409444823 0.024357662862611634 0.17236422194317505 0.4858742875360777 -0.04814680376935157 -1.2613994218017763 -0.095817264139913053 0.005432643423381762 -0.25910001330799742
leaf_weight=40 884 58 38 51 71 42 1742 225 159 534 100 121 278 91
leaf_count=40 884 58 38 51 71 42 1742 225 159 534 100 121 278 91
internal_value=0.000540906 0.00074896 0.0088 0.0169565 -0.00736842 0.00045944 0.000599468 0.0027451 -0.000197498 -0.0022084 0.00096823 0.00706714 -0.00356955 -0.0055414
internal_weight=4434 4323 147 89 111 4176 4134 1109 3025 1283 658 280 378 625
internal_count=4434 4323 147 89 111 4176 4134 1109 3025 1283 658 280 378 625
cat_boundaries=0 2 3
cat_threshold=1830815106 2 2148552712
is_linear=0
shrinkage=0.04


Tree=208
num_leaves=15
num_cat=0
split_feature=3 8 25 3 1 3 15 1 10 25 8 7 8 25
split_gain=4.40874 6.40081 5.63736 4.17443 14.2961 8.3342 16.0218 12.6706 16.7732 11.5117 9.50712 10.1061 8.80029 17.284
threshold=2.5000000000000004 55.685454096347691 17.185095251825427 20.500000000000004 -9.4999999999999982 17.500000000000004 8.7280860939613909 42.500000000000007 263.50000000000006 21.0013711308914 55.634555296389543 37.446085572375814 55.614236166017264 16.64267372991559
decision_type=2 10 10 2 2 2 8 2 10 10 10 10 8 10
left_child=1 2 -1 5 -5 12 9 -8 10 -7 11 -9 13 -2
right_child=3 -3 -4 4 -6 6 7 8 -10 -11 -12 -13 -14 -15
leaf_value=-0.74774699213527385 3.6281974237866281 0.10027834416438232 -0.015976475813050825 0.12898657744514913 -0.11786139804636626 0.48005942351772007 0.9030918832062298 0.23917031248415696 -0.87673100449169228 3.4702319621305868 0.52935172851140411 -0.92529014189345848 -0.0033363468133258563 0.024487528880813444
leaf_weight=39 86 36 36 75 291 106 72 37 52 46 83 55 3165 255
leaf_count=39 86 36 36 75 291 106 72 37 52 46 83 55 3165 255
internal_value=0.000396664 -0.00736842 -0.0138462 0.000601017 -0.00346883 0.000979798 0.0060793 0.000662252 -0.004 0.0165161 0.00202247 -0.00673684 0.000319179 0.00639535
internal_weight=4434 111 75 4323 366 3957 451 299 227 152 175 92 3506 341
internal_count=4434 111 75 4323 366 3957 451 299 227 152 175 92 3506 341
is_linear=0
shrinkage=0.04


Tree=209
num_leaves=15
num_cat=1
split_feature=1 0 3 8 1 7 6 18 24 3 10 10 1 7
split_gain=6.72488 4.47497 9.06233 11.5711 12.8662 15.054 9.55713 8.01097 7.77197 10.5071 10.2109 10.396 9.1828 7.42943
threshold=437.50000000000006 0 17.500000000000004 55.647700848708922 88.500000000000014 37.448305367017042 55.746524195000006 4624.9935482237161 4125.5194950565938 14.500000000000002 98.500000000000014 241.50000000000003 -19.499999999999996 37.690317775032504
decision_type=2 9 2 10 2 10 2 10 10 2 10 10 2 10
left_child=1 -1 7 4 -4 -6 -5 8 9 -3 12 -12 -11 -14
right_child=-2 2 3 6 5 -7 -8 -9 -10 10 11 -13 13 -15
leaf_value=-0.011483588797757323 -0.6957435386877302 0.041465252522431231 0.46391237039488931 0.56035945563290324 0.61649997265870271 -1.5294152503512191 0.0092553949979647145 0.2117623068855167 -0.28940353157396276 0.44907775906587383 -0.83168170581995693 0.03159439462323519 0.088154491322533626 -0.5610781822881894
leaf_weight=2113 43 1280 76 148 39 70 75 150 136 37 119 71 38 39
leaf_count=2113 43 1280 76 148 39 70 75 150 136 37 119 71 38 39
internal_value=0.000432725 0.000591716 0.0018158 0.00720195 -0.000212766 -0.00892857 0.0132743 0.000640683 -0.000139292 0.000655325 -0.00599349 -0.0116062 0.0034188 -0.0045
internal_weight=4434 4391 2278 408 185 109 223 1870 1720 1584 304 190 114 77
internal_count=4434 4391 2278 408 185 109 223 1870 1720 1584 304 190 114 77
cat_boundaries=0 2
cat_threshold=299721268 116
is_linear=0
shrinkage=0.04


Tree=210
num_leaves=15
num_cat=1
split_feature=3 1 7 5 17 15 0 3 8 1 25 15 8 3
split_gain=4.53187 13.1927 10.7075 8.79766 7.54721 5.62828 5.61965 10.8272 16.1113 8.56549 10.4476 8.41332 7.26226 7.85563
threshold=20.500000000000004 -9.4999999999999982 37.521200625237263 37.451340305000009 52.500000000000007 10.882589244090758 0 17.500000000000004 55.64319801900735 264.00000000000006 24.999248494326991 9.3444877721770734 55.733728804094824 14.500000000000002
decision_type=2 2 10 2 10 10 9 2 10 2 10 10 8 2
left_child=6 5 3 4 -3 -2 7 12 -9 -8 11 -11 -1 -14
right_child=1 2 -4 -5 -6 -7 9 8 -10 10 -12 -13 13 -15
leaf_value=0.055623255366741377 -0.001702955214703934 -0.67531327629949855 -0.59459264932301314 0.034551381208600102 -0.0067071534990677728 0.51457920832233794 0.0062304373151158641 -0.14418917570521841 1.707574345386607 -0.033492332991517063 0.28633477755181391 -1.5093658349598704 -0.016311069563822844 -0.94777746774387706
leaf_weight=990 35 38 101 90 62 40 2467 76 85 55 69 67 196 63
leaf_count=990 35 38 101 90 62 40 2467 76 85 55 69 67 196 63
internal_value=0.000342574 -0.00390244 -0.0077551 -0.00207254 -0.0100971 0.0107692 0.000727094 0.00275474 0.012439 -0.000359416 -0.00845361 -0.01536 0.0015016 -0.00442748
internal_weight=4434 366 291 190 100 75 4068 1410 161 2658 191 122 1249 259
internal_count=4434 366 291 190 100 75 4068 1410 161 2658 191 122 1249 259
cat_boundaries=0 2
cat_threshold=3791693202 6
is_linear=0
shrinkage=0.04


Tree=211
num_leaves=15
num_cat=3
split_feature=0 1 3 0 11 3 1 9 10 0 5 5 19 23
split_gain=4.32994 7.82428 6.24589 8.33672 7.28872 8.03862 13.6414 6.56324 8.9428 15.1213 10.7204 15.5837 9.08812 8.2866
threshold=0 363.50000000000006 15.500000000000002 1 3.2247530000000002 17.500000000000004 -78.499999999999986 20.750000000000004 188.50000000000003 2 37.533866470000014 37.62218364000001 922.87222534496914 514.19056657450017
decision_type=9 2 2 9 10 2 2 10 8 9 2 2 10 8
left_child=1 -1 7 4 -4 6 -6 8 10 12 -2 -12 13 -10
right_child=2 -3 3 -5 5 -7 -8 -9 9 -11 11 -13 -14 -15
leaf_value=0.047463339015882421 0.11200403215458379 -0.46243269128616471 -0.43598827093981185 0.0033888002362796234 0.23547114830517216 0.048098266091363938 -0.64049968806430113 -0.089273328658369136 0.97430889921466957 0.0021464206831876709 -0.6688975522111108 -0.0080248913681710294 0.16851838193871571 0.19112519131337335
leaf_weight=1467 293 76 57 512 43 153 128 575 118 345 79 439 107 42
leaf_count=1467 293 76 57 512 43 153 128 575 118 345 79 439 107 42
internal_value=0.000432725 0.00213368 -0.000482094 -0.00325893 -0.00761421 -0.00538226 -0.0112644 0.00075962 0.00221599 0.00585366 -0.000540541 -0.00399232 0.0127143 0.0191411
internal_weight=4434 1543 2891 893 381 324 171 1998 1423 612 811 518 267 160
internal_count=4434 1543 2891 893 381 324 171 1998 1423 612 811 518 267 160
cat_boundaries=0 2 3 5
cat_threshold=1845790090 10 2178421301 2148151329 1
is_linear=0
shrinkage=0.04


Tree=212
num_leaves=15
num_cat=1
split_feature=0 1 3 7 8 3 1 3 7 6 20 24 1 3
split_gain=4.44135 9.19339 5.66058 5.95117 10.5793 7.83468 5.08184 8.34794 12.9264 12.7741 7.93636 8.88425 8.70063 7.33716
threshold=0 405.00000000000006 2.5000000000000004 37.744691906188322 55.636376424845047 13.500000000000002 11.500000000000002 5.5000000000000009 37.816827865471865 55.720196035000008 3.5000000000000004 2995.3041115631318 -66.499999999999986 12.500000000000002
decision_type=9 2 2 10 10 2 2 2 8 2 2 10 2 2
left_child=1 6 -2 -4 5 -5 7 9 10 -1 -9 13 -13 -12
right_child=2 -3 3 4 -6 -7 -8 8 -10 -11 11 12 -14 -15
leaf_value=0.025510501707960018 -0.23738798951146606 -0.91692574598450682 -0.0094756141606267622 1.7692523466678496 -0.10451489097796128 0.045564805455247125 0.01545234282831597 -0.18005369708411195 -0.5799438993174667 2.4312123965746024 1.0684055467604525 -0.4460066907819078 0.0075273201039436641 0.064072843960148798
leaf_weight=63 64 44 2458 39 99 41 1026 46 64 38 125 40 175 112
leaf_count=63 64 44 2458 39 99 41 1026 46 64 38 125 40 175 112
internal_value=0.000558936 0.00213058 -0.00045689 -0.000166667 0.00681319 0.0173494 0.00262411 0.00534535 0.00339823 0.0157692 0.00558882 0.00720879 0.0012844 0.0125
internal_weight=4434 1733 2701 2637 179 80 1689 663 562 101 498 452 215 237
internal_count=4434 1733 2701 2637 179 80 1689 663 562 101 498 452 215 237
cat_boundaries=0 2
cat_threshold=1845790109 10
is_linear=0
shrinkage=0.04


Tree=213
num_leaves=15
num_cat=3
split_feature=22 0 23 12 0 3 0 6 3 6 8 15 25 1
split_gain=4.60262 12.6335 7.51642 6.82922 8.56678 7.24916 6.6952 9.62551 8.07974 13.7444 8.13 12.6729 7.1758 13.2176
threshold=115.93281013400001 0 540.91653547100009 16.764772727272732 1 12.500000000000002 2 55.646745290000005 6.5000000000000009 55.640821810000006 55.642087747604116 13.519146047482812 18.179871361859899 55.500000000000007
decision_type=2 9 10 10 9 2 9 2 2 2 10 10 10 2
left_child=2 -2 6 4 5 -3 7 8 9 -1 -10 -12 13 -9
right_child=1 3 -4 -5 -6 -7 -8 12 10 -11 11 -13 -14 -15
leaf_value=-1.246057278185938 0.12691067608691975 -0.075866789494232173 -0.80970174295694763 0.071916409614334598 -0.0087410000437665759 -1.0308635969295312 0.016913279902582019 -0.077361619240717938 -0.048895085498894097 0.091976666394466097 1.0239720059982163 -0.07263677376684595 0.0033946776587141219 -0.8315165739941196
leaf_weight=36 701 68 65 163 405 42 1997 257 178 35 140 36 180 131
leaf_count=36 701 68 65 163 405 42 1997 257 178 35 140 36 180 131
internal_value=0.000486815 0.00240232 -0.000379333 -0.00150507 -0.00378378 -0.0130081 -8.01871e-05 -0.00274354 0.0017757 -0.0102703 0.0042577 0.0102793 -0.00616462 -0.00920716
internal_weight=4434 1379 3055 678 515 110 2990 993 425 71 354 176 568 388
internal_count=4434 1379 3055 678 515 110 2990 993 425 71 354 176 568 388
cat_boundaries=0 2 4 6
cat_threshold=3128989620 97 1703936 4 2160137840 105
is_linear=0
shrinkage=0.04


Tree=214
num_leaves=15
num_cat=2
split_feature=26 0 15 19 7 17 6 21 2 5 0 19 19 25
split_gain=3.87365 9.04217 6.31467 6.74254 8.95818 10.3928 8.49535 7.09668 5.49638 7.81616 5.20347 8.26767 9.01985 7.03755
threshold=1.03040095246991 0 11.953720103963651 13.145319618009056 37.501797003295103 23.500000000000004 55.645938805000007 2.5000000000000004 646.30552000000012 37.625964955000008 1 1982.1618400731663 937.91991347929491 13.505990880471396
decision_type=8 9 8 10 10 10 2 2 2 2 9 10 10 10
left_child=1 -1 3 7 -5 -6 -7 -3 -4 -10 -2 12 -12 -14
right_child=10 2 8 4 5 6 -8 -9 9 -11 11 -13 13 -15
leaf_value=-0.2483042862727021 -0.0019998265595157251 -0.29178978393515681 0.28879239269485341 0.84967860269665663 0.40205989368093098 0.15099168547055342 -0.36612801766009356 0.17076746010236193 -0.44283878559659345 0.11374505615783229 0.062342130289743523 0.25330379177085122 -0.34293401386140221 0.0062466918212018439
leaf_weight=224 1812 75 54 36 66 42 36 37 131 48 1097 84 173 519
leaf_count=224 1812 75 54 36 66 42 36 37 131 48 1097 84 173 519
internal_value=0.000649087 -0.00196809 0.000966543 0.00488136 0.00961749 0.00489796 -0.00493827 -0.00278261 -0.00389831 -0.00725275 0.00118221 0.00265111 0.00207589 -0.0014964
internal_weight=4434 749 525 292 180 144 78 112 233 179 3685 1873 1789 692
internal_count=4434 749 525 292 180 144 78 112 233 179 3685 1873 1789 692
cat_boundaries=0 2 4
cat_threshold=656015904 33 410743371 88
is_linear=0
shrinkage=0.04


Tree=215
num_leaves=15
num_cat=4
split_feature=26 0 15 7 11 0 16 11 20 15 0 0 2 13
split_gain=4.81674 8.79222 7.62388 8.04069 5.94374 5.56651 7.15469 7.09342 8.91673 10.1983 7.87537 7.74406 7.0588 7.14035
threshold=1.03040095246991 0 17.796876407719118 37.712034879414141 9.3285570000000018 1 0.044466403162055343 8.3092830000000024 3.5000000000000004 8.9485114738748042 2 3 777.52777450000008 9.2654761904761926
decision_type=8 9 8 10 10 9 8 10 2 10 9 9 2 10
left_child=1 4 3 -3 -1 6 -2 10 -9 11 -7 -10 13 -11
right_child=5 2 -4 -5 -6 7 -8 8 9 12 -12 -13 -14 -15
leaf_value=-0.51939492326430625 -0.27794262939039838 0.11341791087820284 -0.31903105199485932 -0.574629367112787 -0.010574908311702132 -0.073886474038920083 0.0026254293514999462 -0.29579971922928566 1.0319871607441877 0.38122573767838164 0.054665157883699432 0.088476991383557982 -0.34034862798706017 0.022076091039509721
leaf_weight=152 97 377 66 65 89 461 1661 39 108 39 681 181 35 383
leaf_count=152 97 377 66 65 89 461 1661 39 108 39 681 181 35 383
internal_value=0.000631057 -0.00228723 0.000767754 0.00269663 -0.00834646 0.0012256 -0.00040655 0.00270103 0.00563452 0.00662216 0.00069869 0.0124658 0.00286957 0.00432941
internal_weight=4434 749 508 442 241 3685 1758 1927 785 746 1142 289 457 422
internal_count=4434 749 508 442 241 3685 1758 1927 785 746 1142 289 457 422
cat_boundaries=0 2 4 6 8
cat_threshold=2803499552 1 419131467 88 3288367620 2 2214625792 1
is_linear=0
shrinkage=0.04


Tree=216
num_leaves=15
num_cat=2
split_feature=1 5 3 8 6 26 0 0 25 23 18 6 3 10
split_gain=4.17482 4.88376 4.72045 7.53379 4.38109 7.33246 11.9935 8.5 10.0765 9.99668 8.93025 8.04196 12.3998 9.39714
threshold=437.50000000000006 37.858166705000009 2.5000000000000004 55.685454096347691 55.646745290000005 1.0843515637481884 0 1 16.768356822973171 153.04529662800002 823.35851851628092 55.739211305000005 12.500000000000002 46.500000000000007
decision_type=2 2 2 8 2 10 9 9 10 10 10 2 2 10
left_child=1 2 3 -1 -4 6 -6 10 11 -10 -7 12 13 -9
right_child=-2 -3 4 -5 5 7 -8 8 9 -11 -12 -13 -14 -15
leaf_value=-0.3619405302076415 -0.61542504851783242 0.38651586047205655 0.052492657126482531 0.03103883639396246 0.017660279855078613 0.25781676472921106 -0.25541795231832526 0.76198326224091661 0.10018663772198924 -0.13661160269342987 -0.22915485429579208 0.19261205115402041 -0.54312036049776846 -0.0026634831501982604
leaf_weight=74 43 98 1539 35 381 55 336 60 505 47 332 228 296 405
leaf_count=74 43 98 1539 35 381 55 336 60 505 47 332 228 296 405
internal_value=0.000685148 0.000810196 0.000605214 -0.0075 0.000821591 -0.000166163 -0.00361111 0.00111859 0.0024453 0.00677477 -0.0041 4.03226e-05 -0.00193717 0.00213675
internal_weight=4434 4391 4293 109 4184 2645 717 1928 1541 552 387 989 761 465
internal_count=4434 4391 4293 109 4184 2645 717 1928 1541 552 387 989 761 465
cat_boundaries=0 2 4
cat_threshold=576746773 6 2151707216 65
is_linear=0
shrinkage=0.04


Tree=217
num_leaves=15
num_cat=3
split_feature=22 0 9 20 0 5 5 1 3 14 11 0 3 24
split_gain=4.57096 11.3034 7.92623 7.23535 15.6938 8.42958 16.1537 8.09324 7.78893 8.11673 7.33293 8.5723 17.0028 9.35977
threshold=115.93281013400001 0 31.050000000000004 7.5000000000000009 1 37.412974280000007 37.416216135000006 12.500000000000002 7.5000000000000009 16.059411764705885 1.9433180000000003 2 7.5000000000000009 2178.2529432627248
decision_type=2 9 10 2 9 2 2 2 2 10 10 9 2 10
left_child=3 2 -2 4 8 7 -7 -5 -1 -10 -8 12 -12 -13
right_child=1 -3 -4 5 -6 6 10 -9 9 -11 11 13 -14 -15
leaf_value=0.095248606895811466 0.07666611423600983 -0.0054663203388395235 1.507767271615553 0.007240265955228864 0.00085463964384926148 2.3418840114618384 0.38504839393216328 -0.8769800644182576 -0.54770877600572465 -1.5121904913236666 -0.50148650071057377 1.701871397156931 0.015919143097812345 0.014234140662954531
leaf_weight=57 515 825 39 51 886 69 95 57 150 71 115 59 295 1150
leaf_count=57 515 825 39 51 886 69 95 57 150 71 115 59 295 1150
internal_value=0.000667117 0.00257598 0.00691358 -0.000196207 -0.00267352 0.00133052 0.00199328 -0.00936937 -0.0107216 -0.0144643 0.00121142 0.000567201 -0.00434988 0.00225859
internal_weight=4434 1379 554 3055 1164 1891 1783 108 278 221 1714 1619 410 1209
internal_count=4434 1379 554 3055 1164 1891 1783 108 278 221 1714 1619 410 1209
cat_boundaries=0 2 4 6
cat_threshold=2843776784 101 939589824 96 3221525280 17
is_linear=0
shrinkage=0.04


Tree=218
num_leaves=15
num_cat=2
split_feature=16 0 16 25 7 15 16 9 0 15 21 10 6 6
split_gain=4.12247 8.41642 8.36189 11.8954 9.89479 8.97688 10.5495 8.62731 8.03198 9.06316 8.42144 7.98524 9.7736 9.56341
threshold=0.22557928214447981 0 0.15235814296241715 14.379706261091554 37.455697142080062 13.670286969401642 0.18786764705882356 4.0500000000000007 1 11.953720103963651 3.5000000000000004 197.50000000000003 55.65948546500001 55.727019965000004
decision_type=8 9 10 10 10 10 10 10 9 10 2 10 2 2
left_child=1 -1 4 -4 -3 -5 -7 -6 9 11 -11 -2 -13 -14
right_child=8 2 3 5 7 6 -8 -9 -10 10 -12 12 13 -15
leaf_value=-0.0040818744038886284 -0.031324369252799897 0.24671392000672362 0.76403171353399923 0.39230426382018591 -1.0954562854107457 0.80162667324822312 -0.7053343467378429 -0.0054384532438388079 0.030015935751757539 -0.68863176651974001 -0.013159314130215023 0.37811845236210517 -0.38096939767488464 0.4432206109904066
leaf_weight=748 563 129 120 156 39 51 85 238 1633 215 153 112 144 48
leaf_count=748 563 129 120 156 39 51 85 238 1633 215 153 112 144 48
internal_value=0.000594997 0.00224347 0.00500602 0.00906024 0.000977995 0.00461017 -0.0028777 -0.00328571 -0.000306513 -0.00272436 -0.00797844 -0.000505747 0.00469055 -0.000820513
internal_weight=4434 1566 818 412 406 292 136 277 2868 1235 368 867 304 192
internal_count=4434 1566 818 412 406 292 136 277 2868 1235 368 867 304 192
cat_boundaries=0 2 4
cat_threshold=3299688999 35 290697467 84
is_linear=0
shrinkage=0.04


Tree=219
num_leaves=15
num_cat=1
split_feature=3 7 3 20 6 20 6 6 17 18 18 20 0 16
split_gain=5.93538 7.70779 7.7255 7.40823 7.93759 6.77956 8.65694 14.4389 12.7584 7.71759 12.1469 11.4781 10.8646 11.4515
threshold=21.500000000000004 37.373646810293664 10.500000000000002 7.5000000000000009 55.801236590000009 7.5000000000000009 55.739211305000005 55.729212045000004 28.500000000000004 1050.1912880269649 1214.3765688020974 3.5000000000000004 0 0.28966437833714725
decision_type=2 8 2 2 2 2 2 2 10 10 10 2 9 10
left_child=1 2 -1 4 -4 9 7 -7 -8 11 -11 -3 13 -12
right_child=-2 5 3 -5 -6 6 8 -9 -10 10 12 -13 -14 -15
leaf_value=-0.18863240451936036 -0.054275760396451232 -0.040370845548984562 0.14735594492710505 -0.1192289535061586 1.5160402802920014 0.032701632730741392 0.15929048949149915 -0.84310149927159761 1.7013779429324689 -0.83954602501130038 -1.4613002169760645 0.14491880994725648 0.0030736696188145597 -0.011869692161575358
leaf_weight=37 191 322 44 38 59 1681 115 121 62 125 122 399 989 129
leaf_count=37 191 322 44 38 59 1681 115 121 62 125 122 399 989 129
internal_value=0.000450755 0.000763071 0.00883978 0.0130556 0.0184906 0.000403147 0.00207871 0.001241 0.0104444 -0.00118717 -0.00295322 0.0021547 -0.00173773 -0.00893939
internal_weight=4434 4243 178 141 103 4065 1979 1802 177 2086 1365 721 1240 251
internal_count=4434 4243 178 141 103 4065 1979 1802 177 2086 1365 721 1240 251
cat_boundaries=0 2
cat_threshold=335548544 96
is_linear=0
shrinkage=0.04


Tree=220
num_leaves=15
num_cat=0
split_feature=19 16 3 12 18 13 26 24 8 5 5 8 1 1
split_gain=4.64773 9.54146 6.94381 6.15577 5.33971 7.58195 11.0234 9.5808 11.2295 8.63608 19.8934 10.0115 8.61823 8.42698
threshold=1962.5833392402187 0.25511055486024198 6.5000000000000009 19.132500000000004 1539.3153451604151 11.642230576441104 2.3487639898107915 2455.6197139630535 55.690111968891323 37.685119055000008 37.664377550000005 55.740375885303102 125.50000000000001 41.500000000000007
decision_type=10 8 2 10 8 10 10 10 10 2 2 10 2 2
left_child=4 2 -2 -4 5 6 -1 9 -9 10 13 -11 -8 -7
right_child=1 -3 3 -5 -6 7 12 8 -10 11 -12 -13 -14 -15
leaf_value=0.03488436615738863 0.80459647416747393 0.28539066557608894 0.21163504440876327 -0.13145995654195106 -0.011568959571178539 0.92926401029859962 -0.047471910902913035 0.25442698019253102 1.5864683857090962 0.57469292352119394 -2.5943090383547962 -0.22382812096024624 -1.19551588936943 -0.28301029861683785
leaf_weight=741 54 68 54 169 2419 72 215 243 79 113 48 42 54 63
leaf_count=741 54 68 54 169 2419 72 215 243 79 113 48 42 54 63
internal_value=0.000504846 0.00494253 0.00157143 -0.00159292 0.000127077 0.00186491 -0.000315893 0.00518854 0.0100923 0.000469208 -0.00537634 0.00734177 -0.00720588 0.0026087
internal_weight=4434 345 277 223 4089 1670 1010 660 322 338 183 155 269 135
internal_count=4434 345 277 223 4089 1670 1010 660 322 338 183 155 269 135
is_linear=0
shrinkage=0.04


Tree=221
num_leaves=15
num_cat=0
split_feature=1 20 8 23 5 3 8 5 8 6 6 5 26 25
split_gain=4.34169 9.78567 9.9536 11.0154 7.99418 11.1097 6.31026 4.66662 4.56442 17.9742 9.43645 8.98777 5.93462 8.97499
threshold=292.50000000000006 4.5000000000000009 55.548809000000013 122.97837397900001 37.459568125000011 18.500000000000004 55.633786668120671 37.858166705000009 55.553847563303705 55.545383390000005 55.572060790000002 37.445680755000005 1.0448083223842899 6.9073045775558617
decision_type=2 2 10 10 2 2 10 2 8 2 2 2 8 8
left_child=7 -2 -3 4 -4 6 -6 8 11 -10 -11 -1 -12 -14
right_child=1 2 3 -5 5 -7 -8 -9 9 10 12 -13 13 -15
leaf_value=-0.48114740647565274 -1.2541116891582442 -1.7115542365987972 1.3772478970372037 -2.6036394210071827 0.22464743110760935 1.2036650631291574 -2.6524982758585907 0.50452207359201395 -2.3218666296116641 1.8105502482563101 -0.029339152992700727 1.231772763151425 0.23006819216098365 0.004297109479838925
leaf_weight=45 53 39 35 35 37 38 35 86 53 74 734 112 296 2762
leaf_count=45 53 39 35 35 37 38 35 86 53 74 734 112 296 2762
internal_value=0.000504846 -0.00436364 -0.000540541 0.00349727 0.00837838 0.00283186 -0.0064 0.00082593 0.000627605 0.000356961 0.000682347 0.00725 0.000400527 0.00117609
internal_weight=4434 272 219 180 145 110 72 4162 4076 3919 3866 157 3792 3058
internal_count=4434 272 219 180 145 110 72 4162 4076 3919 3866 157 3792 3058
is_linear=0
shrinkage=0.04


Tree=222
num_leaves=15
num_cat=1
split_feature=1 5 18 8 3 3 0 17 24 25 2 25 8 22
split_gain=5.2894 6.08558 4.50562 9.42449 8.09746 16.8615 11.4342 10.5733 11.9163 10.7039 9.43239 9.28434 9.78848 9.24448
threshold=437.50000000000006 37.858166705000009 2264.3157045752537 55.613873045332909 12.500000000000002 15.500000000000002 0 27.500000000000004 5609.4025252559522 18.585663542490362 659.0834645000001 17.274615273207232 55.728417603172232 66.528708786500019
decision_type=2 2 8 10 2 2 9 10 10 10 2 8 8 2
left_child=1 2 3 -1 7 10 -7 11 9 -9 -6 -4 13 -13
right_child=-2 -3 4 -5 5 6 -8 8 -10 -11 -12 12 -14 -15
leaf_value=1.7053849203567486 -0.53510958964822974 0.36088999972142249 -0.83552303344807188 0.016385284880278021 0.4133647843431435 -0.2142657073886586 0.012479316699456433 -0.13800570244666405 0.27529106400026715 -1.0071491123649738 0.083421725122203153 0.42850058218537707 -0.02846517716593883 -0.039513090548339846
leaf_weight=98 43 98 92 2321 114 221 431 197 41 212 160 152 165 89
leaf_count=98 43 98 92 2321 114 221 431 197 41 212 160 152 165 89
internal_value=0.000450755 0.000591716 0.000363128 0.00150289 -0.00110815 0.00155005 -0.0019542 -0.00370137 -0.00812362 -0.0101942 0.00981949 0.000319361 0.00293399 0.00803279
internal_weight=4434 4391 4293 2419 1874 926 652 948 450 409 274 498 406 241
internal_count=4434 4391 4293 2419 1874 926 652 948 450 409 274 498 406 241
cat_boundaries=0 2
cat_threshold=2306867237 100
is_linear=0
shrinkage=0.04


Tree=223
num_leaves=15
num_cat=2
split_feature=1 5 2 0 0 18 26 26 3 1 12 14 9 18
split_gain=5.3601 5.02826 4.20086 12.2568 9.3497 11.114 8.19869 9.46583 13.8146 7.00398 7.3745 6.52138 6.88217 6.34492
threshold=437.50000000000006 37.858166705000009 661.54713800000013 0 1 532.08024118662036 1.0021149017203286 1.017047895000404 11.500000000000002 -13.499999999999998 38.240000000000009 17.906971153846158 14.450000000000001 880.40826239612227
decision_type=2 2 2 9 9 8 10 10 2 2 10 10 10 10
left_child=1 2 4 9 -1 -6 -7 8 -8 13 -11 -5 -13 -4
right_child=-2 -3 3 11 5 6 7 -9 -10 10 -12 12 -14 -15
leaf_value=-0.024842061360937889 -0.51370520606230008 0.34645439973256559 0.50762232282037811 0.004296763039126095 -0.091313385728678767 0.31893929374334007 -0.89847536429025299 0.064024486357117216 0.052112702387125155 -0.19581607000632509 0.055775178563104558 0.78754068054837145 0.070727172682664569 -0.061212930177287433
leaf_weight=669 43 98 59 539 172 35 80 1669 76 558 40 70 126 200
leaf_count=669 43 98 59 539 172 35 80 1669 76 558 40 70 126 200
internal_value=0.000540906 0.000682749 0.00047486 -0.00115361 0.00143491 0.00277751 0.00369297 0.00330416 -0.00603774 -0.00436782 -0.00678869 0.00262032 0.00884422 0.0010687
internal_weight=4434 4391 4293 1592 2701 2032 1860 1825 156 857 598 735 196 259
internal_count=4434 4391 4293 1592 2701 2032 1860 1825 156 857 598 735 196 259
cat_boundaries=0 2 4
cat_threshold=1331454564 97 279154842 16
is_linear=0
shrinkage=0.04


Tree=224
num_leaves=15
num_cat=0
split_feature=3 5 7 16 7 9 12 3 5 5 5 26 26 25
split_gain=4.81296 7.95482 5.92192 7.91837 5.70783 9.1297 10.5578 5.58611 5.46221 6.87361 5.44102 12.7035 15.1272 12.2315
threshold=21.500000000000004 37.445680755000005 37.373646810293664 0.19707639778062316 37.412151268651094 32.900000000000006 2.683333333333334 22.500000000000004 37.373414985000004 37.336566290000007 37.533866470000014 1.5397704465096955 2.9127157611022576 18.400096073364384
decision_type=2 2 8 10 10 10 8 2 2 2 2 10 10 10
left_child=2 -2 3 -1 5 6 -4 -3 9 -5 11 -6 13 -13
right_child=1 7 4 8 10 -7 -8 -9 -10 -11 -12 12 -14 -15
leaf_value=1.3180765722642054 -0.14697661593529518 -0.081795078041683733 0.19867611001464155 0.23460721413446636 0.012395129941957066 0.078266665086906426 -0.78828991022320116 0.17379201574935835 1.2968979399705247 -0.29609631133903436 -0.0026089376197171534 0.91930409252927403 -0.068510529219722685 -0.03445857920888841
leaf_weight=35 69 72 52 38 1291 67 145 50 55 50 2111 241 121 37
leaf_count=35 69 72 52 38 1291 67 145 50 55 50 2111 241 121 37
internal_value=0.000594997 -0.00556701 0.000876119 0.0079558 0.000560472 -0.00509363 -0.0094 0.00064 0.00356164 -0.00263736 0.000956887 0.00264619 0.00885572 0.0139502
internal_weight=4434 191 4243 178 4065 264 197 122 143 88 3801 1690 399 278
internal_count=4434 191 4243 178 4065 264 197 122 143 88 3801 1690 399 278
is_linear=0
shrinkage=0.04


Tree=225
num_leaves=15
num_cat=0
split_feature=3 1 7 3 20 18 5 20 25 11 3 25 14 23
split_gain=4.70116 7.47093 6.73239 6.33906 6.52154 7.62976 6.275 5.44792 11.9513 9.24312 10.7818 9.5504 8.3958 8.14416
threshold=21.500000000000004 -9.4999999999999982 37.373646810293664 10.500000000000002 7.5000000000000009 1743.9401101585706 37.451340305000009 3.5000000000000004 6.9073045775558617 7.7657680000000013 10.500000000000002 1.0017572143143705 10.807947368421054 2281.0555570520005
decision_type=2 2 10 2 2 8 2 2 10 10 2 10 10 8
left_child=2 -2 3 -1 5 -5 -3 9 12 -4 13 -12 -9 -11
right_child=1 6 7 4 -6 -7 -8 8 -10 10 11 -13 -14 -15
leaf_value=-0.15608906850888177 0.21609759386216518 -0.37016719989166447 0.047492361320452404 0.19407751554615288 -0.11659777084721683 1.3444987866550968 -0.012802977890533099 0.51720910042580615 0.0040740993019726095 0.16808185695977615 -0.08495559600255774 -1.5937413458638237 0.0026107613666605544 -0.29989104359280816
leaf_weight=38 36 63 176 39 38 65 92 120 3513 51 35 56 76 36
leaf_count=38 36 63 176 39 38 65 92 120 3513 51 35 56 76 36
internal_value=0.000522876 -0.00556701 0.000800754 0.00830601 0.0121379 0.0171963 -0.00936709 0.000462371 0.000915948 -0.0042577 -0.0106077 -0.02 0.0104523 -0.000444444
internal_weight=4434 191 4243 180 142 104 155 4063 3709 354 178 91 196 87
internal_count=4434 191 4243 180 142 104 155 4063 3709 354 178 91 196 87
is_linear=0
shrinkage=0.04


Tree=226
num_leaves=15
num_cat=0
split_feature=3 5 1 7 5 6 14 9 8 7 7 19 11 10
split_gain=5.06684 7.3455 6.32515 4.25167 6.71711 4.39472 9.31341 10.4596 10.3122 12.1269 11.5099 11.874 10.6472 10.6094
threshold=21.500000000000004 37.445680755000005 66.500000000000014 37.373646810293664 37.373414985000004 55.65948546500001 10.543657505285413 18.250000000000004 55.685310854836708 37.483413381154371 37.4034976522221 990.92126115145709 5.8354865000000009 30.500000000000004
decision_type=2 2 2 8 2 2 10 8 10 10 10 8 10 10
left_child=3 -2 -3 4 -1 -5 7 -7 9 -8 -10 -12 -11 -13
right_child=1 2 -4 5 -6 6 8 -9 10 12 11 13 -14 -15
leaf_value=0.0029954120142181751 -0.14216725226126628 0.02329630425604922 -0.32448795696017668 0.031094581231176949 1.2911091667730319 -0.033495273493461472 0.49867697546202122 -0.72386833548331087 -0.33822222795717571 0.018708543849190136 0.22671637565927424 0.6825729330378506 -0.40861361207304642 -0.011681115258992918
leaf_weight=109 69 87 35 1738 69 714 35 73 109 182 390 72 259 493
leaf_count=109 69 87 35 1738 69 714 35 73 109 182 390 72 259 493
internal_value=0.000342574 -0.00597938 0 0.000631182 0.00662983 0.000363815 -0.000772532 -0.0043038 0.00103694 -0.00384134 0.00322399 0.00463466 -0.00567568 0.000915493
internal_weight=4434 191 122 4243 178 4065 2327 787 1540 476 1064 955 441 565
internal_count=4434 191 122 4243 178 4065 2327 787 1540 476 1064 955 441 565
is_linear=0
shrinkage=0.04


Tree=227
num_leaves=15
num_cat=1
split_feature=3 8 6 1 7 0 18 18 3 1 18 2 7 1
split_gain=4.4292 7.5384 4.74376 8.17292 8.73265 6.77777 13.123 12.1848 14.1504 7.77668 6.81817 8.55249 6.95237 6.94169
threshold=2.5000000000000004 55.685454096347691 55.646745290000005 336.50000000000006 37.730326101187082 0 575.07730537027703 823.35851851628092 12.500000000000002 211.50000000000003 4329.450273292935 666.52870850000011 37.727834429505698 27.500000000000004
decision_type=2 8 2 2 10 9 10 10 2 2 10 2 10 2
left_child=1 -1 -2 5 -5 7 -7 8 -4 10 11 12 -9 -12
right_child=2 -3 3 4 -6 6 -8 9 -10 -11 13 -13 -14 -15
leaf_value=-0.31468436214022882 0.041085709868719497 0.066718518560519871 -0.021713287626892282 -1.2503564875984501 0.0076136704079823401 -0.097183560299554869 0.043993488010315364 -0.15269010597282634 0.62396121444743491 -1.3482989045014375 -0.0051665423248849155 -0.54207302349007114 0.33082356667734097 0.52687078405549248
leaf_weight=74 1559 37 56 66 38 229 1565 292 61 47 83 190 79 58
leaf_count=74 1559 37 56 66 38 229 1565 292 61 47 83 190 79 58
internal_value=0.000414695 -0.00736842 0.00061951 -0.000375858 -0.011215 6.00826e-05 0.00146099 -0.00282139 0.009 -0.00473404 -0.00363121 -0.00560284 -0.00203209 0.00416667
internal_weight=4434 111 4323 2764 104 2660 1794 866 117 749 702 561 371 141
internal_count=4434 111 4323 2764 104 2660 1794 866 117 749 702 561 371 141
cat_boundaries=0 2
cat_threshold=2162184785 113
is_linear=0
shrinkage=0.04


Tree=228
num_leaves=15
num_cat=1
split_feature=3 1 5 20 24 11 7 19 18 0 20 2 3 6
split_gain=4.61817 9.56116 5.60771 5.3508 10.5888 8.08572 7.44885 7.38345 9.89951 5.87024 6.74541 5.49508 6.98982 10.0445
threshold=21.500000000000004 -9.4999999999999982 37.451340305000009 3.5000000000000004 1021.4102033445744 7.7453935000000014 37.452694090194335 16.122729436101984 227.37198098142861 0 9.5000000000000018 806.95470250000005 9.5000000000000018 55.73777608000001
decision_type=2 2 2 2 10 8 10 8 8 9 2 2 2 2
left_child=3 -2 -3 5 -5 6 -1 -7 -9 10 11 12 -6 -14
right_child=1 2 -4 4 9 7 -8 8 -10 -11 -12 -13 13 -15
leaf_value=-0.20334235987242494 0.20076448675567821 -0.35131725020029597 -0.014982450465566359 0.47280408137045016 -0.015754030628914818 -0.80394714061106221 0.24269288016347404 0.24843630622553192 -0.20930226582262876 -0.0059435412195813428 0.85446877768696083 -0.78540321885459552 0.017919416865409758 0.32392550850142166
leaf_weight=46 36 63 92 119 486 94 142 44 52 2488 79 43 402 248
leaf_count=46 36 63 92 119 486 94 142 44 52 2488 79 43 402 248
internal_value=0.000468785 -0.00556701 -0.00987342 0.00074423 0.00118925 -0.00377953 0.00209424 -0.00953368 -0.00161616 0.000810883 0.00302124 0.00226734 0.00280948 0.00551302
internal_weight=4434 191 155 4243 3865 378 188 190 96 3746 1258 1179 1136 650
internal_count=4434 191 155 4243 3865 378 188 190 96 3746 1258 1179 1136 650
cat_boundaries=0 2
cat_threshold=1846281493 4
is_linear=0
shrinkage=0.04


Tree=229
num_leaves=15
num_cat=0
split_feature=8 1 23 26 8 7 3 3 6 1 5 19 8 1
split_gain=5.20901 11.2255 7.2287 7.00938 9.91685 6.52881 9.92426 8.80739 6.03603 6.07685 6.50783 11.7793 10.2938 11.5371
threshold=55.802496500000011 190.50000000000003 152.58670354650002 1.0514369677939477 55.968566791193389 37.379233439029967 9.5000000000000018 14.500000000000002 55.749816015000007 437.50000000000006 37.738679090000005 1.0000000180025095e-35 55.730352604497945 60.500000000000007
decision_type=10 2 10 10 10 10 2 2 2 2 2 10 10 2
left_child=5 2 3 -2 -5 6 -1 -8 9 10 -7 -12 -13 -14
right_child=1 -3 -4 4 -6 8 7 -9 -10 -11 11 12 13 -15
leaf_value=-0.32621533671051806 0.53974661237174337 -1.2824661103275972 -0.1228282207014398 -0.15456683944678418 0.020971668649429346 0.00024580132631451119 2.7689918672140528 0.19845403148862545 -0.64026063357723506 -0.96383129541116319 -0.20434954014747958 0.70221427528976454 -0.1328738375704529 0.35090478418706428
leaf_weight=35 46 42 45 74 127 3331 38 81 42 37 79 191 179 87
leaf_count=35 46 42 45 74 127 3331 38 81 42 37 79 191 179 87
internal_value=0.000270453 -0.00451039 -0.00162712 0.00112 -0.00215686 0.00066293 0.00866242 0.0140984 0.000344391 0.000511902 0.000671835 0.00474954 0.00721739 0.00208178
internal_weight=4434 334 292 247 201 4100 154 119 3946 3904 3867 536 457 266
internal_count=4434 334 292 247 201 4100 154 119 3946 3904 3867 536 457 266
is_linear=0
shrinkage=0.04


Tree=230
num_leaves=15
num_cat=1
split_feature=3 1 0 1 2 3 15 13 3 10 8 1 23 3
split_gain=4.37936 11.4051 9.73314 5.76022 5.15289 4.29837 15.106 12.3992 10.4903 8.5907 9.31471 11.1308 8.12262 7.74828
threshold=20.500000000000004 -9.4999999999999982 0 104.50000000000001 655.93281000000013 17.500000000000004 8.7280860939613909 12.520714285714286 18.500000000000004 284.50000000000006 55.634555296389543 204.50000000000003 182.47222463100005 15.500000000000002
decision_type=2 2 9 2 2 2 8 8 2 10 10 2 10 2
left_child=5 4 3 -3 -2 13 8 -8 -7 10 11 -9 -10 -1
right_child=1 2 -4 -5 -6 6 7 9 12 -11 -12 -13 -14 -15
leaf_value=0.012687498061423641 -0.0075203668784803316 0.10360915984313294 -0.23529834358045235 -1.4624487504043435 0.30981147933975856 3.2249858360161601 -0.41146125116101673 1.7927204254985294 1.5170723918797162 -0.2415691264218546 0.98688183211172542 -1.0184774325789965 -0.14516055036881953 -0.083319065659338207
leaf_weight=3130 37 65 191 35 38 47 58 39 62 53 104 45 43 487
leaf_count=3130 37 65 191 35 38 47 58 39 62 53 104 45 43 487
internal_value=0.000270453 -0.00390244 -0.00748299 0.00283186 0.00974359 0.000648489 0.00431718 -0.000927152 0.0144516 0.00311475 0.00712042 -0.00275862 0.00703704 0.000187845
internal_weight=4434 366 291 100 75 4068 451 299 152 241 188 84 105 3617
internal_count=4434 366 291 100 75 4068 451 299 152 241 188 84 105 3617
cat_boundaries=0 2
cat_threshold=136316544 1
is_linear=0
shrinkage=0.04


Tree=231
num_leaves=15
num_cat=2
split_feature=19 16 11 5 15 13 15 0 18 19 0 3 23 9
split_gain=3.83682 8.59465 5.77871 5.40059 5.96656 5.88671 5.15354 10.8702 9.32393 8.40428 7.46098 9.24507 10.8311 10.7244
threshold=1962.5833392402187 0.25511055486024198 13.118590000000003 37.473681185000011 16.678871258529622 30.235526315789475 13.305624154502381 0 1445.4536454116919 1486.4904750440917 1 12.500000000000002 120.91653547100002 2.6500000000000008
decision_type=10 8 10 2 10 10 10 9 10 10 9 2 10 10
left_child=6 2 3 4 -2 -6 9 -8 -9 10 -1 -12 13 -13
right_child=1 -3 -4 -5 5 -7 7 8 -10 -11 11 12 -14 -15
leaf_value=0.031595573077500244 1.109102379880714 0.28349547877782189 0.55726433263649444 -0.11171598561625729 0.059346363001569209 -0.63620872652986271 -0.36961798936734397 0.47239219167347413 -0.02839757632040147 0.30408111509855601 0.011696213878038578 0.042774639092869791 -0.69925899823708704 -0.27037609126441142
leaf_weight=1484 35 68 35 111 55 41 232 101 446 182 931 227 159 327
leaf_count=1484 35 68 35 111 55 41 232 101 446 182 931 227 159 327
internal_value=0.000450755 0.00448276 0.00128571 -0.000979592 0.00447761 -0.000808081 0.000107527 -0.0028133 0.000357143 0.000796861 0.000306611 -0.00154496 -0.00497207 -0.00229803
internal_weight=4434 345 277 242 131 96 4089 779 547 3310 3128 1644 713 554
internal_count=4434 345 277 242 131 96 4089 779 547 3310 3128 1644 713 554
cat_boundaries=0 2 4
cat_threshold=2450538500 33 3726652613 41
is_linear=0
shrinkage=0.04


Tree=232
num_leaves=15
num_cat=1
split_feature=8 6 3 0 25 19 7 23 3 11 18 1 25 18
split_gain=4.10899 4.20005 7.21493 7.15962 7.74723 7.70156 8.62072 7.53924 11.9346 6.91377 6.63505 9.15364 6.21857 10.3192
threshold=55.976437021859475 55.646745290000005 2.5000000000000004 0 5.9361673618981454 1145.8945180282442 37.727230000000013 114.46132997900001 6.5000000000000009 8.4260780000000022 575.07730537027703 12.500000000000002 18.493411498727237 2305.6356507737446
decision_type=10 2 2 9 10 10 10 10 2 10 10 2 10 10
left_child=1 2 -1 4 -3 12 -7 10 9 -9 11 -5 13 -6
right_child=-2 3 -4 7 5 6 -8 8 -10 -11 -12 -13 -14 -15
leaf_value=-0.34920955207364984 0.049718685168175604 0.2948245614977904 0.044463625275930861 0.077682626347702247 -0.28045340893281967 -0.089035956975814387 0.56266247976183115 -0.012271542946571108 -0.1330363459373701 0.89654514233318194 0.028385559316850967 -0.41355294488073668 -0.00060002587675541004 -1.2045758512156113
leaf_weight=46 68 45 1559 65 157 172 48 56 388 35 1572 91 77 55
leaf_count=46 68 45 1559 65 157 172 48 56 388 35 1572 91 77 55
internal_value=0.000594997 0.00043946 0.00206468 -0.000506512 -0.00451499 -0.00601563 -0.000358744 0.000522523 -0.00390041 0.00893617 0.00175621 -0.00603774 -0.010274 -0.0137674
internal_weight=4434 4366 1605 2761 554 509 220 2207 479 91 1728 156 289 212
internal_count=4434 4366 1605 2761 554 509 220 2207 479 91 1728 156 289 212
cat_boundaries=0 2
cat_threshold=2151813632 113
is_linear=0
shrinkage=0.04


Tree=233
num_leaves=15
num_cat=0
split_feature=8 22 23 7 6 26 3 3 8 25 7 1 18 20
split_gain=4.07794 3.81633 6.45066 6.19731 6.56863 19.6801 15.0082 16.2556 13.5336 8.49998 6.97547 10.5913 6.27609 6.23427
threshold=55.976437021859475 115.93281013400001 153.04529662800002 37.302174287255433 55.739211305000005 1.0748866175191691 9.5000000000000018 6.5000000000000009 55.729403987311564 20.188923827955112 37.737733221722046 -15.499999999999998 1598.4396592465434 7.5000000000000009
decision_type=10 2 8 10 2 10 2 2 10 10 10 2 10 2
left_child=1 2 3 -1 8 9 7 -7 10 -6 13 -12 -10 -5
right_child=-2 -3 -4 4 5 6 -8 -9 12 -11 11 -13 -14 -15
leaf_value=-0.44131070473550554 0.047729937761448585 0.027272671406938117 -0.21735075627511649 -0.11458468702536038 -1.7002931774943588 1.1148057838134537 0.51068691140988109 -0.64000462962186477 -0.15959737330541215 0.015856410047208981 1.5070560527762769 0.030809759508494496 -0.38494703838077682 0.016329805100963723
leaf_weight=40 68 1358 205 732 38 52 195 65 96 37 36 113 51 1348
leaf_count=40 68 1358 205 732 38 52 195 65 96 37 36 113 51 1348
internal_value=0.000631057 0.000476081 -0.000318831 0.000185317 0.000419378 0.00523077 0.00965079 -0.00166667 -0.000369903 -0.0128205 0.000412186 0.00868421 -0.012 -0.000192031
internal_weight=4434 4366 3008 2803 2763 387 312 117 2376 75 2229 149 147 2080
internal_count=4434 4366 3008 2803 2763 387 312 117 2376 75 2229 149 147 2080
is_linear=0
shrinkage=0.04


Tree=234
num_leaves=15
num_cat=2
split_feature=3 11 1 26 18 16 1 18 5 0 12 1 1 0
split_gain=4.34012 10.9158 8.28237 5.72511 5.23495 14.1484 9.27335 6.92006 11.9225 8.47308 11.862 11.3321 8.28809 10.0935
threshold=20.500000000000004 2.7267010000000007 -21.499999999999996 1.0162589703673215 4624.9935482237161 0.11566332218506133 1.0000000180025095e-35 2433.2223448171876 37.430386915000007 0 0.83392857142857146 140.50000000000003 240.50000000000003 1
decision_type=2 10 2 10 10 10 2 10 2 9 10 2 2 9
left_child=4 -2 -3 -4 7 6 -6 12 -9 10 -10 -11 13 -1
right_child=1 2 3 -5 5 -7 -8 8 9 11 -12 -13 -14 -15
leaf_value=0.24389822112020021 0.20622613159155379 0.18628847796975961 0.01489460956870798 -0.21101766903592847 0.049699377466344632 0.33146116427256306 -0.39103408454173605 0.61190048408880404 0.36201615352850597 -0.10934467159939615 -0.5460020892477766 0.21105415520764012 -0.47039468466843121 0.0099326557687688319
leaf_weight=538 45 43 43 235 50 339 69 88 38 450 316 147 181 1852
leaf_count=538 45 43 43 235 50 339 69 88 38 450 316 147 181 1852
internal_value=0.000468785 -0.00368564 -0.0062963 -0.00882562 0.000845001 0.004859 -0.00688525 0.000332134 -0.00241843 -0.00373166 -0.00850136 -0.000721311 0.00144522 0.00207271
internal_weight=4434 366 321 278 4068 458 119 3610 1039 951 354 597 2571 2390
internal_count=4434 366 321 278 4068 458 119 3610 1039 951 354 597 2571 2390
cat_boundaries=0 2 4
cat_threshold=134615718 102 411305124 38
is_linear=0
shrinkage=0.04


Tree=235
num_leaves=15
num_cat=3
split_feature=10 20 1 13 0 14 0 0 26 10 19 14 18 10
split_gain=4.98767 9.20594 8.17054 6.30126 13.0658 10.6264 11.5794 9.01188 9.50396 7.88958 7.24085 6.94478 6.85888 6.45266
threshold=1.0000000180025095e-35 5.5000000000000009 -23.499999999999996 6.2175000000000002 0 10.478676470588235 1 2 1.5030891161665489 284.50000000000006 617.40061820628705 16.179583333333337 1171.7782331770782 320.50000000000006
decision_type=8 2 2 10 9 10 9 9 10 10 10 10 10 10
left_child=1 -1 -3 4 9 6 10 8 11 -2 -5 -7 -10 -6
right_child=3 2 -4 5 13 7 -8 -9 12 -11 -12 -13 -14 -15
leaf_value=-0.28396427521901163 -0.10853511794664769 0.49515217503432007 -0.013362022675194015 -0.54445905616610246 0.21100572957110864 -0.10128480483252077 -0.032465146153555932 0.0019637070744180107 0.3120262806740064 0.4447689003949587 -0.81935180684590114 0.31075516555951765 1.8033580645696501 -0.033086118684011866
leaf_weight=73 293 59 302 67 478 93 269 2513 36 63 46 41 42 59
leaf_count=73 293 59 302 67 478 93 269 2513 36 63 46 41 42 59
internal_value=0.000396664 -0.00366133 -0.000989011 0.00083937 0.00379464 -1.28617e-05 -0.00623377 0.000865103 0.00853333 -0.00216802 -0.0161905 0.00233577 0.0197531 0.00763636
internal_weight=4434 434 361 4000 893 3107 382 2725 212 356 113 134 78 537
internal_count=4434 434 361 4000 893 3107 382 2725 212 356 113 134 78 537
cat_boundaries=0 2 4 6
cat_threshold=891159752 4 1610617088 64 536872192 4
is_linear=0
shrinkage=0.04


Tree=236
num_leaves=15
num_cat=2
split_feature=19 15 0 22 12 14 26 12 0 13 15 25 16 3
split_gain=4.05654 5.94904 10.3467 9.76587 8.82667 6.59557 10.7118 11.1959 11.1463 14.0418 14.472 8.99031 8.79668 8.79397
threshold=7.3285844778311047 7.5672766089437831 0 145.07315599100005 7.5250000000000012 13.047406116918314 1.0347176478319344 4.2625000000000002 1 12.066590909090911 10.194427657284335 18.78313428062496 0.20761494252873566 8.5000000000000018
decision_type=8 10 9 2 10 10 10 8 9 10 10 10 10 2
left_child=-1 2 3 4 -2 6 -3 13 9 -9 -11 12 -10 -8
right_child=1 5 -4 -5 -6 -7 7 8 11 10 -12 -13 -14 -15
leaf_value=-0.014891635721997965 -0.79602113910043515 -0.33307406946470136 0.19908500364246912 0.073447715147163986 0.017206393388574596 0.017963447441442036 1.2952629926801371 -0.66415513628254252 -0.34260105203903451 -1.115740838696073 0.59028570266758329 0.31534268988851089 0.0068891495683853065 0.019935959504670111
leaf_weight=503 80 135 486 113 35 2207 62 180 38 43 59 92 292 109
leaf_count=503 80 135 486 113 35 2207 62 180 38 43 59 92 292 109
internal_value=0.000288483 0.000721912 0.00401674 -0.00298755 -0.0111864 -1.24224e-05 -0.00268509 -0.00104784 -0.00328147 -0.00922034 0.00228571 0.00091954 -0.00216216 0.00804598
internal_weight=4434 3931 714 228 115 3217 1010 875 704 282 102 422 330 171
internal_count=4434 3931 714 228 115 3217 1010 875 704 282 102 422 330 171
cat_boundaries=0 2 4
cat_threshold=832045188 96 3254816832 70
is_linear=0
shrinkage=0.04


Tree=237
num_leaves=15
num_cat=1
split_feature=10 23 26 7 2 18 7 11 18 15 3 0 19 18
split_gain=4.59013 9.13384 7.14016 6.16068 6.71561 7.08894 6.43095 6.68325 5.20257 4.99582 10.2323 12.4128 12.3246 10.5716
threshold=1.0000000180025095e-35 120.91653547100002 1.2119265340839733 37.624555460228557 614.27329800000018 4948.0067515596284 37.740048653084905 8.7657680000000031 2521.5998794186871 12.028961235436244 14.500000000000002 0 1435.0489811321568 1050.1912880269649
decision_type=8 10 10 10 2 10 10 10 10 10 2 9 8 10
left_child=1 3 -3 4 -1 8 -5 -8 -6 10 -2 13 -13 -12
right_child=9 2 -4 6 5 -7 7 -9 -10 -11 11 12 -14 -15
leaf_value=0.59118478406246699 0.064569158480274072 -0.78440751890762839 -0.12596172783617143 -0.30200756348644531 0.0049900553407875954 0.067824664948876873 -0.13719144961192173 0.3640023937713639 -0.12169218715422948 -0.012578116461142359 0.021357679316848815 0.0064542614319952341 0.53333164119906162 -0.61072597525922956
leaf_weight=36 1701 38 42 58 53 95 35 38 39 1499 114 431 38 217
leaf_count=36 1701 38 42 58 53 95 35 38 39 1499 114 431 38 217
internal_value=0.000414695 -0.00347826 -0.0154217 -0.000672269 0.00336283 0.000210526 -0.00746269 0.000526316 -0.00757895 0.00083937 0.00193291 -0.00179328 0.00240664 -0.00755814
internal_weight=4434 434 80 354 223 187 131 73 92 4000 2501 800 469 331
internal_count=4434 434 80 354 223 187 131 73 92 4000 2501 800 469 331
cat_boundaries=0 2
cat_threshold=3239596833 66
is_linear=0
shrinkage=0.04


Tree=238
num_leaves=15
num_cat=2
split_feature=19 10 22 1 26 20 1 1 15 0 14 0 3 11
split_gain=3.97978 6.23742 8.44348 5.93997 5.79393 6.21347 6.95051 5.71953 4.45943 8.06056 9.50125 7.93548 9.03806 11.4757
threshold=7.3285844778311047 245.50000000000003 297.02162602100003 -23.499999999999996 1.0874355643124334 8.5000000000000018 59.500000000000007 10.500000000000002 12.028961235436244 0 13.628571428571432 1 14.500000000000002 2.8354865000000005
decision_type=8 10 2 2 10 2 2 2 10 9 10 9 2 10
left_child=1 2 3 -1 -5 6 -6 -7 11 10 -10 12 -2 -14
right_child=8 -3 -4 4 5 7 -8 -9 9 -11 -12 -13 13 -15
leaf_value=0.47322876686387216 0.031322598514432795 0.21666557873278267 -0.28010883467818914 0.06052821781125254 0.025337026669685001 -0.010470310941928908 -0.38214187380013842 -0.60042168735079426 -0.45516328070659029 0.019588376730613036 -0.041686445722865319 0.064924239650678714 -1.1122381058637751 -0.092210172865553663
leaf_weight=55 679 60 112 71 65 54 47 39 61 1036 455 1379 36 285
leaf_count=55 679 60 112 71 65 54 47 39 61 1036 455 1379 36 285
internal_value=0.000414695 -0.0029249 -0.00457399 -0.00131737 -0.0037276 -0.00711538 -0.000695652 -0.0145833 0.000843925 -0.000823151 -0.00483932 0.00193115 -0.000789733 -0.0062963
internal_weight=4434 503 443 331 276 205 112 93 3931 1552 516 2379 1000 321
internal_count=4434 503 443 331 276 205 112 93 3931 1552 516 2379 1000 321
cat_boundaries=0 2 4
cat_threshold=2517217368 1 3250393700 64
is_linear=0
shrinkage=0.04


Tree=239
num_leaves=15
num_cat=0
split_feature=1 5 3 25 12 19 11 26 14 22 23 25 17 11
split_gain=3.52644 10.3605 8.46472 10.0664 5.82784 5.25673 6.54708 7.24611 9.01369 5.71883 9.85734 10.9949 9.56987 9.38847
threshold=-51.499999999999993 37.457484235000003 5.5000000000000009 19.46815270249115 20.207142857142859 1962.5833392402187 13.118590000000003 1.0325892860386188 26.80209703947369 115.93281013400001 153.04529662800002 16.341795796002344 58.500000000000007 5.8332025000000014
decision_type=2 2 2 10 8 10 10 10 10 2 10 10 10 10
left_child=1 -1 -3 4 -4 9 7 -7 -9 10 11 -2 13 -13
right_child=5 2 3 -5 -6 6 -8 8 -10 -11 -12 12 -14 -15
leaf_value=2.0246463607981933 -0.11056182119736832 1.3345884518226394 0.0071936782246518763 -1.1190838773320579 0.38333841583965711 -0.1451376803277509 0.47293600162084148 0.7327014648827046 -0.01435978683570184 0.0259012015740301 -0.43695674947832686 0.19438039516256025 -0.19785463476259879 0.0021250843997642479
leaf_weight=59 943 58 449 62 66 63 44 97 109 1125 159 347 143 710
leaf_count=59 943 58 449 62 66 63 44 97 109 1125 159 347 143 710
internal_value=0.000486815 0.003099 0.0015674 6.89655e-05 0.0019305 0 0.00493671 0.0025 0.0061244 -0.00045481 -0.00159653 -0.000876048 0.00166251 0.00298113
internal_weight=4434 694 635 577 515 3740 313 269 206 3427 2302 2143 1200 1057
internal_count=4434 694 635 577 515 3740 313 269 206 3427 2302 2143 1200 1057
is_linear=0
shrinkage=0.04


Tree=240
num_leaves=15
num_cat=1
split_feature=7 3 3 16 7 11 26 25 16 10 18 0 18 15
split_gain=5.13371 12.4786 9.31551 7.6731 6.27791 6.55625 7.51331 6.70922 8.43399 5.35768 4.97756 8.4588 12.1365 7.53409
threshold=37.379233439029967 9.5000000000000018 15.500000000000002 0.19378911892152145 37.412151268651094 11.118590000000003 1.1735675985910567 14.176497246437965 0.27622890682318418 170.50000000000003 1539.3153451604151 0 1410.5784041323639 12.341990136538877
decision_type=8 2 2 10 10 10 10 10 10 10 10 9 10 10
left_child=1 -1 -3 -4 5 7 -7 -2 -9 -5 11 12 13 -6
right_child=4 2 3 9 10 6 -8 8 -10 -11 -12 -13 -14 -15
leaf_value=-0.34316042982930678 -0.79332478316557198 2.1494126855124041 0.65627883076239413 -0.32997756182657695 -0.052293116573484899 -0.2032910232792669 0.35703679096342533 -0.38406742349709094 0.18650205725199967 0.029591791263134156 -0.008408378401165208 0.079966300148016423 0.55406851895712683 -1.214025919580572
leaf_weight=43 68 54 46 60 353 49 44 36 40 49 2383 1062 72 75
leaf_count=43 68 54 46 60 353 49 44 36 40 49 2383 1062 72 75
internal_value=0.000450755 0.00596078 0.01 0.00481013 0.000114695 -0.00616667 0.00208333 -0.0114286 -0.00303797 -0.00107143 0.000496454 0.0022492 -0.00202729 -0.00464037
internal_weight=4434 252 209 155 4182 237 93 144 76 109 3945 1562 500 428
internal_count=4434 252 209 155 4182 237 93 144 76 109 3945 1562 500 428
cat_boundaries=0 1
cat_threshold=278511624
is_linear=0
shrinkage=0.04


Tree=241
num_leaves=15
num_cat=4
split_feature=10 23 26 0 7 15 0 0 14 18 11 3 17 0
split_gain=4.2908 8.0258 6.69742 4.87947 8.59189 4.36062 8.78146 8.37908 9.75819 8.39155 11.0296 7.99591 8.14044 7.79454
threshold=1.0000000180025095e-35 116.01151889650002 1.2119265340839733 0 37.624555460228557 12.028961235436244 1 2 17.967958594126149 3356.4600385310273 16.309283000000004 11.500000000000002 68.500000000000014 3
decision_type=8 10 10 9 10 10 9 9 8 10 10 2 10 9
left_child=1 3 -3 4 -1 7 -7 9 -9 10 -2 12 -8 -13
right_child=5 2 -4 -5 -6 6 11 8 -10 -11 -12 13 -14 -15
leaf_value=0.32593140049207703 0.018560082926828585 -0.65488072988591783 -0.12121486454765816 -0.020405299159312093 -0.20778793131673443 0.015363093438892151 -0.57903734444767085 0.039445282249559455 0.38952290406377815 -0.22234428228241893 -0.78852757797662587 0.12514680863140312 0.45114314473315054 -0.051256273928680901
leaf_weight=87 900 42 43 208 54 768 321 1367 111 79 44 127 35 248
leaf_count=87 900 42 43 208 54 768 321 1367 111 79 44 127 35 248
internal_value=0.000468785 -0.00329519 -0.0140909 -0.000568182 0.00493506 0.00087934 -0.000825566 0.00190096 0.00380952 -0.000888031 0.000168955 -0.00392473 -0.00824513 0.00010582
internal_weight=4434 434 85 349 141 4000 1499 2501 1478 1023 944 731 356 375
internal_count=4434 434 85 349 141 4000 1499 2501 1478 1023 944 731 356 375
cat_boundaries=0 2 4 6 8
cat_threshold=1207984128 8 1773275044 102 1637827396 64 2147762177 1
is_linear=0
shrinkage=0.04


Tree=242
num_leaves=15
num_cat=1
split_feature=10 20 24 18 5 6 8 9 0 19 13 3 3 20
split_gain=4.71113 8.23473 8.27722 6.86157 5.10674 4.94112 4.40644 4.49494 11.1404 14.0989 14.5702 8.44582 8.19508 8.2747
threshold=1.0000000180025095e-35 5.5000000000000009 2634.0817298260231 3782.6303887733511 37.625964955000008 55.637710215000006 55.976437021859475 20.750000000000004 0 1261.0598095635066 23.267077175697871 11.500000000000002 13.500000000000002 8.5000000000000018
decision_type=8 2 10 10 2 2 10 10 9 10 10 2 2 2
left_child=1 -1 -3 5 -5 -4 7 -2 12 -10 -11 -12 13 -9
right_child=6 2 3 4 -6 -7 -8 8 9 10 11 -13 -14 -15
leaf_value=-0.24977063088045412 0.021374948597063223 0.28711465627900451 0.0016425627108034391 -0.012260778900936398 0.33244197138524728 -0.10643516747726807 0.063689570521134733 -0.19269321138239662 -0.37563731593862926 0.32163855527120716 -0.69319395113225601 0.0011801883193816544 0.17193126525219185 0.49918200345139924
leaf_weight=73 2719 55 43 108 68 87 65 223 364 213 66 81 215 54
leaf_count=73 2719 55 43 108 68 87 65 223 364 213 66 81 215 54
internal_value=0.000649087 -0.00329519 -0.000769231 -0.0033657 0.00178771 -0.0102256 0.00107919 0.000904012 -0.00111567 -0.00423338 0.00132231 -0.00826667 0.00348515 -0.001
internal_weight=4434 434 361 306 176 130 4000 3935 1216 724 360 147 492 277
internal_count=4434 434 361 306 176 130 4000 3935 1216 724 360 147 492 277
cat_boundaries=0 2
cat_threshold=778352002 4
is_linear=0
shrinkage=0.04


Tree=243
num_leaves=15
num_cat=2
split_feature=16 0 19 19 19 0 12 23 1 1 6 1 18 6
split_gain=4.47002 8.46666 6.93932 8.29589 6.60226 6.4784 9.25856 12.539 7.35948 7.21294 6.99571 6.94487 6.70979 6.32368
threshold=0.23013871374527115 0 1738.5205111777113 2096.3987798355797 1962.5833392402187 1 12.508333333333335 45.726701159000008 -82.499999999999986 112.50000000000001 55.646745290000005 391.00000000000006 1697.9421748163979 55.721937955000008
decision_type=10 9 10 10 10 9 8 10 2 2 2 2 10 2
left_child=1 2 -1 -4 5 6 8 10 -2 -10 -8 -7 -9 -6
right_child=4 -3 3 -5 13 11 7 12 9 -11 -12 -13 -14 -15
leaf_value=0.0054598103758891625 0.46178094745657744 0.041405645948693781 -0.74052368821951986 0.026539420859476623 0.4613467871983758 0.023266454214359699 0.25172261642715221 -0.29349212055819435 -0.074781756523431359 0.15314184370506723 -0.23615126474558262 -2.9661397425277483 -1.5084133264688535 -0.0087966537228131164
leaf_weight=491 109 1056 62 45 57 1487 42 47 542 184 138 35 104 35
leaf_count=491 109 1056 62 45 57 1487 42 47 542 184 138 35 104 35
internal_value=0.000721208 0.00236572 -0.00144026 -0.0105455 -0.000258714 -0.000624303 -0.00284987 -0.00850299 -0.000620525 -0.00208505 -0.00131148 0.00109446 -0.0168831 0.0101053
internal_weight=4434 1654 598 107 2780 2688 1166 331 835 726 180 1522 151 92
internal_count=4434 1654 598 107 2780 2688 1166 331 835 726 180 1522 151 92
cat_boundaries=0 2 4
cat_threshold=2230126081 33 286519530 92
is_linear=0
shrinkage=0.04


Tree=244
num_leaves=15
num_cat=2
split_feature=3 1 15 7 20 6 20 1 0 3 0 18 15 18
split_gain=4.37579 7.09562 7.90845 4.37088 8.50732 8.64176 6.52344 9.93662 8.28156 14.2691 9.37729 9.2781 7.67514 12.8809
threshold=21.500000000000004 -9.4999999999999982 10.00695520468382 37.373646810293664 7.5000000000000009 55.802905735000003 7.5000000000000009 377.50000000000006 0 9.5000000000000018 1 108.47709324877006 1.1172350697719169 1061.7032802333608
decision_type=2 2 10 8 2 2 2 2 9 2 9 10 10 10
left_child=3 -2 -3 4 5 -1 7 8 -5 10 -10 -11 -12 -14
right_child=1 2 -4 6 -6 -7 -8 -9 9 11 12 -13 13 -15
leaf_value=0.0094090143719552082 0.19106433812386009 -0.011063796465190503 -0.47947284175916094 0.016886827247623443 -0.19724963318236433 1.115648824959659 0.03433002660669484 -1.3368775087527922 -0.31333068403846653 0.52351950103069156 -0.095695304621947058 -0.26281283869647665 1.5376185355947798 0.10795122833933249
leaf_weight=62 36 96 59 949 47 69 1979 65 111 39 60 683 58 121
leaf_count=62 36 96 59 949 47 69 1979 65 111 39 60 683 58 121
internal_value=0.000721208 -0.00515464 -0.00886076 0.000989166 0.00707182 0.0122388 0.000717797 -0.000842508 -0.000335968 -0.00272811 0.00385269 -0.00595862 0.00809524 0.0125275
internal_weight=4434 191 155 4243 178 131 4065 2086 2021 1072 350 722 239 179
internal_count=4434 191 155 4243 178 131 4065 2086 2021 1072 350 722 239 179
cat_boundaries=0 2 4
cat_threshold=3347220332 6 134545408 65
is_linear=0
shrinkage=0.04


Tree=245
num_leaves=15
num_cat=0
split_feature=19 6 1 7 21 21 5 25 7 5 1 7 7 19
split_gain=3.83732 6.59047 7.03824 8.14526 6.93167 5.27925 5.01833 15.7546 14.7695 8.62983 9.96253 6.31463 8.73919 7.43048
threshold=7.3285844778311047 55.67592130500001 -1.0000000180025095e-35 37.729719700949531 2.5000000000000004 2.5000000000000004 37.738679090000005 19.746894550553385 37.816827865471865 37.833310065000006 60.500000000000007 37.70744360366453 37.715606232640944 1503.1705172948991
decision_type=8 2 2 10 2 2 2 10 10 2 2 10 10 8
left_child=1 2 4 5 -1 -4 11 8 -8 10 -10 -2 -13 -14
right_child=6 -3 3 -5 -6 -7 7 -9 9 -11 -12 12 13 -15
leaf_value=-0.17114485072076804 0.013406552999085761 -0.071292542700208475 0.27319634459195757 -0.24800047241766585 0.76656995377815751 -0.025108320268791725 0.25257550442176635 2.8535513828207923 -1.8481397761788174 0.011530097783210177 -0.11135574811922425 -1.1859245734396828 -0.11021070556934028 0.42284534594712803
leaf_weight=46 3029 229 51 66 56 55 222 50 38 128 39 70 311 44
leaf_count=46 3029 229 51 66 56 55 222 50 38 128 39 70 311 44
internal_value=0.000829389 -0.00245059 0.00173285 -0.0032 0.00990476 0.00366972 0.00125064 0.00508333 0.00251163 -0.00519231 -0.0155 0.000717385 -0.00383178 -0.00122905
internal_weight=4434 503 274 172 102 106 3931 477 427 205 77 3454 425 355
internal_count=4434 503 274 172 102 106 3931 477 427 205 77 3454 425 355
is_linear=0
shrinkage=0.04


Tree=246
num_leaves=15
num_cat=2
split_feature=6 1 0 2 3 10 19 0 14 11 18 26 25 3
split_gain=3.49181 12.4556 8.57531 12.7345 7.40432 6.90086 7.52481 6.29204 9.09958 5.68971 5.53073 5.68861 8.17828 5.51153
threshold=55.646745290000005 336.50000000000006 0 666.52870850000011 2.5000000000000004 63.500000000000007 252.43807680776465 1 13.298913043478263 6.2304535000000003 390.68526242851584 1.4367432401326719 18.493411498727237 18.500000000000004
decision_type=2 2 9 2 2 10 8 9 10 10 10 10 10 2
left_child=4 2 3 5 -1 6 -2 -7 -9 -10 -5 12 -12 -3
right_child=1 13 -4 10 -6 7 -8 8 9 -11 11 -13 -14 -15
leaf_value=-0.33857223198108088 0.011341802066988293 -1.311740756458853 0.013898568738897837 0.16988509207651539 0.047293506438405755 0.32216950487365836 -0.60714422059433948 -0.24309337607821577 -0.15931864021778105 0.771059229570767 -0.8683988488226041 -0.1714855146620792 -0.034813072190803603 -0.01670808776778088
leaf_weight=46 53 53 1920 42 1559 182 87 91 50 51 84 121 44 51
leaf_count=46 53 53 1920 42 1559 182 87 91 50 51 84 121 44 51
internal_value=0.000775299 -7.06215e-05 0.000454545 -0.00298289 0.00226368 0.000773694 -0.00671329 0.00360743 -0.00156098 0.00653846 -0.00965986 -0.0119048 -0.0177099 -0.0134579
internal_weight=4434 2829 2725 805 1605 514 140 374 192 101 291 249 128 104
internal_count=4434 2829 2725 805 1605 514 140 374 192 101 291 249 128 104
cat_boundaries=0 2 4
cat_threshold=2152223296 113 4718656 32
is_linear=0
shrinkage=0.04


Tree=247
num_leaves=15
num_cat=2
split_feature=16 19 0 12 0 15 22 12 3 19 12 20 8 16
split_gain=3.48187 7.56146 6.16286 6.45361 6.08067 8.02497 8.43725 7.17436 7.15589 6.41245 6.35228 5.89734 5.84914 5.49139
threshold=0.23013871374527115 1962.5833392402187 0 21.576973684210529 1 12.028961235436244 65.538670021000016 14.80714285714286 13.500000000000002 1152.3952896549401 8.8535714285714295 8.5000000000000018 55.744768799426531 0.21896404109589043
decision_type=10 10 9 10 9 10 2 8 2 10 10 2 10 10
left_child=2 4 13 12 5 9 7 10 -8 -2 -7 -5 -4 -1
right_child=1 -3 3 11 -6 6 8 -9 -10 -11 -12 -13 -14 -15
leaf_value=-0.032665108988198882 -0.027620844007714425 0.15731827189532646 0.084582186348935981 -0.028073943657723817 0.016510458715987966 -0.089967299072385265 -1.0892578898714766 -0.71886684549133972 -0.035797234172328135 0.39046991756390453 0.43983484821083851 0.42397992950649271 0.19205848881080953 0.094806781772102222
leaf_weight=517 806 92 645 287 1539 46 77 93 41 44 42 105 63 37
leaf_count=517 806 92 645 287 1539 46 77 93 41 44 42 105 63 37
internal_value=0.000721208 -0.00014373 0.0021726 0.0038814 -0.000535117 -0.00271945 -0.00834437 -0.00282609 -0.0165289 -0.000750293 0.00527473 -0.000202532 0.00618847 -0.00126984
internal_weight=4434 2780 1654 1100 2688 1149 299 181 118 850 88 392 708 554
internal_count=4434 2780 1654 1100 2688 1149 299 181 118 850 88 392 708 554
cat_boundaries=0 2 4
cat_threshold=11354689 33 823382266 84
is_linear=0
shrinkage=0.04


Tree=248
num_leaves=15
num_cat=2
split_feature=3 5 22 7 5 20 1 0 3 5 25 0 17 7
split_gain=4.72899 6.36727 5.04295 4.61845 7.69869 6.32728 8.25696 8.34642 11.9499 11.0422 10.7677 10.0168 8.38086 9.4081
threshold=21.500000000000004 37.445680755000005 55.932810134000007 37.373646810293664 37.373414985000004 7.5000000000000009 377.50000000000006 0 9.5000000000000018 37.755198300000011 25.668683115732389 1 23.500000000000004 37.707137462107291
decision_type=2 2 2 8 2 2 2 9 2 2 10 9 10 10
left_child=3 -2 -3 4 -1 6 7 -5 11 10 12 -9 13 -10
right_child=1 2 -4 5 -6 -7 -8 8 9 -11 -12 -13 -14 -15
leaf_value=0.0020983263413211261 -0.14150561397825484 -0.26126559882890749 0.024070018161889424 0.019914086104880085 1.1236526770568225 0.032530124791795172 -1.2422600951853202 -0.077138398943532138 0.069717471666422462 0.42802663358508525 0.016806204065805054 0.33134773777904514 -0.75937985821295317 -1.7207401574408561
leaf_weight=109 69 40 82 891 69 1979 65 127 150 54 110 257 358 74
leaf_count=109 69 40 82 891 69 1979 65 127 150 54 110 257 358 74
internal_value=0.000540906 -0.00556701 0 0.000819595 0.00707182 0.000540806 -0.000995692 -0.000533597 -0.00279965 -0.00576769 -0.00713669 0.00289406 -0.00929915 -0.00317181
internal_weight=4434 191 122 4243 178 4065 2086 2021 1130 746 692 384 582 224
internal_count=4434 191 122 4243 178 4065 2086 2021 1130 746 692 384 582 224
cat_boundaries=0 2 4
cat_threshold=3347220256 7 344132 64
is_linear=0
shrinkage=0.04


Tree=249
num_leaves=15
num_cat=1
split_feature=6 26 0 6 1 9 23 25 3 9 15 10 6 12
split_gain=4.68577 9.0142 11.4006 10.836 9.58659 11.9709 10.4459 9.90854 9.24433 8.76545 10.4292 10.4454 8.60025 8.246
threshold=55.678473825000005 1.0843515637481884 0 55.680448115000011 -37.499999999999993 11.550000000000002 184.06718986600004 16.768356822973171 14.500000000000002 7.5500000000000007 12.208600316538867 123.50000000000001 55.730670485000012 4.4732142857142865
decision_type=2 10 9 2 2 10 10 10 2 8 8 10 2 10
left_child=-1 2 -2 -3 5 -5 7 8 13 10 11 -9 -10 -6
right_child=1 3 -4 4 6 -7 -8 9 12 -11 -12 -13 -14 -15
leaf_value=0.025451331125906754 0.15872653276336454 -0.79486711554016554 -0.14510853402780527 0.69703414557523213 0.46715349309808185 -0.022326306664258482 -0.27458194544164599 -0.013860805725119524 -1.4382773765207406 0.17832694606291596 -0.069795776139195298 1.1123258139899801 -0.21949796894592458 -0.043817498954779169
leaf_weight=2274 119 53 457 182 78 144 141 104 59 276 54 54 60 379
leaf_count=2274 119 53 457 182 78 144 141 104 59 276 54 54 60 379
internal_value=0.000631057 -0.000702728 -0.00497409 0.000856963 0.00148631 0.00753799 -0.000165563 0.00119963 -0.00234888 0.00537678 -0.000744186 0.00447205 -0.0121311 0.00026087
internal_weight=4434 2160 576 1584 1531 326 1205 1064 576 488 212 158 119 457
internal_count=4434 2160 576 1584 1531 326 1205 1064 576 488 212 158 119 457
cat_boundaries=0 2
cat_threshold=6292496 6
is_linear=0
shrinkage=0.04


Tree=250
num_leaves=15
num_cat=2
split_feature=18 24 1 8 3 3 17 24 0 13 26 12 12 0
split_gain=4.5219 10.8308 8.41777 12.0811 8.35939 19.399 15.429 13.646 10.3134 8.25982 8.14682 8.00561 10.0497 9.76533
threshold=2445.5607186704883 3168.7185275588677 240.50000000000003 55.613727644606968 12.500000000000002 15.500000000000002 28.500000000000004 5609.4025252559522 0 31.631376518218623 1.1280231059216546 25.013636363636369 20.326666666666672 1
decision_type=8 8 2 10 2 2 10 10 9 8 10 10 8 9
left_child=2 -2 3 -1 6 -6 -3 10 -7 11 -8 12 13 -5
right_child=1 4 -4 9 5 8 7 -9 -10 -11 -12 -13 -14 -15
leaf_value=2.6979943827380062 -0.2217207520556255 0.018873857047808459 -0.52378851292756279 0.044004849165780513 0.48033357592869463 0.19855831941308211 -0.24026358617425586 0.2183739137388129 -0.036114311068770992 0.31181868826129699 -1.328655980205603 -0.43772273235326736 0.19298351038083184 -0.030278672496472155
leaf_weight=69 260 414 185 1228 188 119 153 40 450 38 95 129 173 893
leaf_count=69 260 414 185 1228 188 119 153 40 450 38 95 129 173 893
internal_value=0.000558936 -0.0010453 0.00157469 0.00217923 0.000300958 0.00321053 -0.00283688 -0.00989691 -0.00048951 0.00170455 -0.0133865 0.00140148 0.00195037 0.00118644
internal_weight=4434 1719 2715 2530 1459 757 702 288 569 2461 248 2423 2294 2121
internal_count=4434 1719 2715 2530 1459 757 702 288 569 2461 248 2423 2294 2121
cat_boundaries=0 1 3
cat_threshold=2250392576 3885010947 99
is_linear=0
shrinkage=0.04


Tree=251
num_leaves=15
num_cat=0
split_feature=3 5 6 1 8 3 26 3 23 18 3 25 8 17
split_gain=4.92606 6.36727 5.05597 9.8274 9.77975 12.9066 11.1131 9.16696 10.2832 7.76862 10.8395 7.44073 16.8458 16.4076
threshold=21.500000000000004 37.445680755000005 55.678473825000005 385.50000000000006 55.668425000000006 17.500000000000004 1.0185546099286296 19.500000000000004 53.471291213500002 4624.9935482237161 19.500000000000004 20.565313567651746 55.532415431690275 56.500000000000007
decision_type=2 2 2 2 10 2 10 2 8 8 2 10 10 10
left_child=2 -2 9 4 -4 6 -6 -7 -9 11 -11 12 -1 -13
right_child=1 -3 3 -5 5 7 -8 8 -10 10 -12 13 -14 -15
leaf_value=3.0213437781408676 -0.14098330382980037 0.0005007255140558357 -0.16001571085872912 -2.193541092601297 -0.2496750308826389 0.98651261712039207 0.0070282484346125785 -0.3127520668781299 0.42752539990684651 0.72159518449742022 -0.16325142080816535 0.036522406135868268 0.024057900192511143 -0.9743732339931811
leaf_weight=42 69 122 87 54 190 89 1551 48 51 220 60 227 1511 113
leaf_count=42 69 122 87 54 190 89 1551 48 51 220 60 227 1511 113
internal_value=0.000667117 -0.00556701 0.000951484 -0.000463097 0 0.000600414 -0.000481651 0.0104712 0.00196078 0.00229779 0.00848057 0.00137131 0.00254499 -0.00396501
internal_weight=4434 191 4243 2070 2016 1929 1741 188 99 2173 280 1893 1553 340
internal_count=4434 191 4243 2070 2016 1929 1741 188 99 2173 280 1893 1553 340
is_linear=0
shrinkage=0.04


Tree=252
num_leaves=15
num_cat=1
split_feature=26 0 5 11 11 26 12 1 23 26 5 19 14 2
split_gain=3.79442 8.01701 6.42229 10.7161 10.4846 6.35221 7.67912 5.90402 5.64441 4.87669 6.02381 4.54787 6.90387 7.73259
threshold=1.028981141172016 0 37.491397360000008 4.7267010000000012 8.819207500000001 1.012624433696945 22.208333333333336 -1.0000000180025095e-35 170.75148104150003 1.0032370860272075 37.623685515000012 1962.5833392402187 26.80209703947369 665.53866950000008
decision_type=10 9 2 10 10 8 8 2 10 10 2 8 10 2
left_child=1 2 3 -1 -5 6 7 -3 -9 -4 -11 -2 13 -13
right_child=11 5 9 4 -6 -7 -8 8 -10 10 -12 12 -14 -15
leaf_value=-0.11954959706597591 0.00803788632441183 -0.43466371719776592 0.13835904377422317 1.4131171746406499 0.020281928960974475 -0.20475332577461416 0.59690650438789083 -0.077885699803520198 0.19815652663427272 -0.75198881413889151 0.035237289467257543 0.048088521090155892 -0.006573533588564065 1.2154255961312406
leaf_weight=39 3403 55 73 37 40 144 36 113 49 62 85 103 142 53
leaf_count=39 3403 55 73 37 40 144 36 113 49 62 85 103 142 53
internal_value=0.000613027 -0.00201087 0.00252149 0.010084 0.0185 -0.0057561 -0.00203125 -0.00490909 -0.000969697 -0.00143498 -0.0056 0.00113391 0.00584718 0.0115723
internal_weight=4434 733 336 116 77 397 253 217 162 220 147 3701 298 156
internal_count=4434 733 336 116 77 397 253 217 162 220 147 3701 298 156
cat_boundaries=0 2
cat_threshold=429940752 66
is_linear=0
shrinkage=0.04


Tree=253
num_leaves=15
num_cat=1
split_feature=6 1 20 0 2 18 10 8 26 22 20 19 19 7
split_gain=4.179 7.26941 10.0003 7.60247 11.2135 7.19589 7.11129 6.74708 6.34699 5.86245 5.81219 5.26203 6.83666 6.48991
threshold=55.646745290000005 336.50000000000006 7.5000000000000009 0 666.52870850000011 1957.0174547943368 195.50000000000003 55.652523176224413 1.1207400807541721 28.913118408000003 6.5000000000000009 415.59872276790992 740.68170447148611 37.682438366796376
decision_type=2 2 2 9 2 10 10 10 10 2 2 8 10 10
left_child=-1 3 -3 4 6 7 11 -6 -8 -7 -10 -2 -13 -14
right_child=1 2 -4 -5 5 9 8 -9 10 -11 -12 12 13 -15
leaf_value=0.033055391873410257 0.039038074469034283 -1.7194490877450608 0.014447122998007558 0.011059115355078006 0.2686265472357266 -0.17084204942648598 -0.2351446842823782 -0.23784343640855285 -0.52990295851621427 -1.2612868678728517 0.52551864383205382 -0.97293825589481542 -0.38253511464791218 0.060293875231114104
leaf_weight=1605 68 53 51 1961 40 40 64 125 45 61 155 37 35 94
leaf_count=1605 68 53 51 1961 40 40 64 125 45 61 155 37 35 94
internal_value=0.000685148 -0.000240113 -0.0104673 0.00016129 -0.00319176 -0.00981413 0.000319361 -0.00452381 0.00479401 -0.0180769 0.00827586 -0.00472574 -0.00852071 -0.00393939
internal_weight=4434 2829 104 2725 764 266 498 165 264 101 200 234 166 129
internal_count=4434 2829 104 2725 764 266 498 165 264 101 200 234 166 129
cat_boundaries=0 2
cat_threshold=2148028992 113
is_linear=0
shrinkage=0.04


Tree=254
num_leaves=15
num_cat=2
split_feature=16 19 0 7 7 9 13 5 15 0 20 26 15 18
split_gain=3.50909 6.48826 6.89668 7.00951 8.46354 7.37727 6.69165 6.46975 10.6806 7.67312 11.3228 8.17514 6.92606 6.8522
threshold=0.23013871374527115 1962.5833392402187 0 37.451894818804824 37.491083049927788 6.1500000000000012 14.114835164835169 37.725398510000005 13.389700268284619 1 7.5000000000000009 1.6957866276958538 11.437256023311582 3356.4600385310273
decision_type=8 10 9 10 10 10 8 2 10 9 2 10 10 10
left_child=7 2 3 6 5 -5 -2 9 -9 10 11 -1 -12 -14
right_child=1 -3 -4 4 -6 -7 -8 8 -10 -11 12 -13 13 -15
leaf_value=-0.22460261230650835 -0.038556539470525099 0.13919394152387093 0.016856262758682732 0.48874882041800882 -0.03997561183760457 0.058131460799863817 -0.79073742239893363 0.28473320289113163 -0.19439889851586351 0.016392311934747515 -0.26760404838391649 -1.7246774180608122 0.4065459185771868 -0.025960114499494865
leaf_weight=82 164 92 1477 42 877 87 71 194 66 1104 58 37 46 37
leaf_count=82 164 92 1477 42 877 87 71 194 66 1104 58 37 46 37
internal_value=0.000685148 -0.000170636 -0.000529217 -0.00271132 -0.00126858 0.00818182 -0.00890756 0.00216349 0.00790875 0.0010534 -0.00498168 -0.0140984 0.0025 0.00976744
internal_weight=4434 2810 2718 1241 1006 129 235 1624 260 1364 260 119 141 83
internal_count=4434 2810 2718 1241 1006 129 235 1624 260 1364 260 119 141 83
cat_boundaries=0 2 4
cat_threshold=2433406171 84 348674 96
is_linear=0
shrinkage=0.04


Tree=255
num_leaves=15
num_cat=0
split_feature=3 1 17 1 3 15 25 10 26 8 6 26 26 11
split_gain=4.56877 9.41928 7.26787 8.42942 6.72156 14.5133 10.4763 9.45281 7.81256 7.21266 8.95978 8.55496 8.69052 11.0277
threshold=20.500000000000004 -9.4999999999999982 52.500000000000007 104.50000000000001 17.500000000000004 8.7280860939613909 15.995380849170104 263.50000000000006 1.7536368748433371 55.733418836703386 55.73777608000001 1.1122498138736934 1.4884871780492961 13.118590000000003
decision_type=2 2 10 2 2 8 10 10 10 8 2 10 10 10
left_child=4 -2 3 -3 9 6 -6 8 -7 10 -1 -11 -13 -14
right_child=1 2 -4 -5 5 7 -8 -9 -10 11 -12 12 13 -15
leaf_value=0.0072293677954630908 0.13184734610134824 -0.019150510984763221 0.027929804289698979 -2.3948283840825351 0.17572669849149872 0.010993380081974377 2.9595299506706207 -0.21884441106883912 1.702540227679874 -0.17786503061176709 1.0182398893158751 0.032023276670293359 -0.35363869796636321 0.19261311387047414
leaf_weight=2770 75 163 77 51 78 178 74 79 42 220 111 297 172 47
leaf_count=2770 75 163 77 51 78 178 74 79 42 220 111 297 172 47
internal_value=0.000576966 -0.00368564 -0.00693878 -0.0106912 0.000962908 0.00555066 0.0154839 0.000397351 0.00466368 0.00038674 0.00128988 -0.00313938 -0.000308285 -0.00630631
internal_weight=4434 366 291 214 4068 451 152 299 220 3617 2881 736 516 219
internal_count=4434 366 291 214 4068 451 152 299 220 3617 2881 736 516 219
is_linear=0
shrinkage=0.04


Tree=256
num_leaves=15
num_cat=1
split_feature=18 8 0 25 3 3 5 2 23 17 16 1 7 1
split_gain=4.43784 7.84977 7.20574 8.67082 8.38692 18.666 13.0413 10.539 7.83365 8.55665 9.83285 10.0282 9.0674 7.21632
threshold=2291.090358845338 55.613727644606968 0 18.321073105462801 12.500000000000002 15.500000000000002 37.729629150000008 659.0834645000001 62.978373979000004 33.500000000000007 0.27622890682318418 140.50000000000003 37.4841699151551 9.5000000000000018
decision_type=8 10 9 10 2 2 2 2 10 10 10 2 10 2
left_child=1 -1 3 -2 8 7 -7 -6 9 -4 11 13 -12 -11
right_child=2 -3 4 -5 5 6 -8 -9 -10 10 12 -13 -14 -15
leaf_value=1.4693754341082208 -0.96427893866800829 0.012677660253304879 0.050453468013384822 0.042668421494973303 0.51796024879755698 -0.020852522598696917 1.3159048656945687 0.053400117350606034 -0.42697025369625108 0.37345519886728012 -1.1255808667810678 0.99888468932100416 0.0027643030627336885 -0.35954632963022448
leaf_weight=88 72 2457 386 49 105 578 47 152 230 48 77 38 39 68
leaf_count=88 72 2457 386 49 105 578 47 152 230 48 77 38 39 68
internal_value=0.000558936 0.00164835 -0.000909091 -0.00985075 -0.000224593 0.00253107 -0.00121019 0.0115385 -0.00296963 -0.000728376 -0.00615385 0.000509554 -0.0147899 -0.00537815
internal_weight=4434 2545 1889 121 1768 882 625 257 886 656 270 154 116 116
internal_count=4434 2545 1889 121 1768 882 625 257 886 656 270 154 116 116
cat_boundaries=0 2
cat_threshold=4128 96
is_linear=0
shrinkage=0.04


Tree=257
num_leaves=15
num_cat=1
split_feature=26 18 0 6 25 1 7 14 25 1 1 1 1 5
split_gain=4.67895 5.69151 8.85426 9.59811 9.10783 9.96501 8.23533 7.09051 6.84864 6.57775 7.19109 10.1406 6.90565 5.87871
threshold=5.6037230095584176 1539.3153451604151 0 55.661758930000012 17.989446375861807 4.5000000000000009 37.744691906188322 17.481927437641726 27.879905704863123 231.50000000000003 24.500000000000004 81.500000000000014 1.0000000180025095e-35 37.720688285000008
decision_type=8 10 9 2 10 2 10 8 10 2 2 2 2 2
left_child=1 -1 3 6 5 7 8 -5 13 10 12 -12 -6 -3
right_child=-2 2 -4 4 9 -7 -8 -9 -10 -11 11 -13 -14 -15
leaf_value=0.038592630653664209 -0.10434376433493256 -0.086418295970724132 0.014704909731324989 -0.46952419698325687 -0.0041717077322465821 -0.87436245916463096 0.52302494993930171 0.31973015537085131 0.28552779119062871 -0.65335321163642535 1.0031471974064348 -0.046141143154732729 -0.24527957934422162 0.094230453773115536
leaf_weight=1580 133 510 1285 83 150 148 41 41 108 40 49 93 41 132
leaf_count=1580 133 510 1285 83 150 148 41 41 108 40 49 93 41 132
internal_value=0.000540906 0.000771375 -0.000337739 -0.00248447 -0.00611111 -0.0116364 0.000453401 -0.00314961 -0.000531208 -0.00202128 -0.000119048 0.00662069 -0.00515464 -0.00210853
internal_weight=4434 4301 2721 1436 645 272 791 124 750 373 333 142 191 642
internal_count=4434 4301 2721 1436 645 272 791 124 750 373 333 142 191 642
cat_boundaries=0 2
cat_threshold=2219012849 113
is_linear=0
shrinkage=0.04


Tree=258
num_leaves=15
num_cat=3
split_feature=3 0 1 6 10 20 10 8 22 0 18 11 10 0
split_gain=5.12689 8.24251 7.13746 12.6788 6.00944 5.74852 10.3226 7.66384 4.44778 11.9361 7.7554 9.24338 7.91097 7.15673
threshold=20.500000000000004 0 81.500000000000014 55.65948546500001 191.50000000000003 9.5000000000000018 257.50000000000006 55.713763422634983 115.93281013400001 1 457.93484162696603 3.1185900000000006 186.50000000000003 2
decision_type=2 9 2 2 10 2 10 10 2 9 10 10 10 9
left_child=5 -2 3 -3 -5 8 7 -7 13 10 12 -12 -10 -1
right_child=1 2 -4 4 -6 6 -8 -9 9 -11 11 -13 -14 -15
leaf_value=0.022735482296675959 -0.17140403277774346 0.41483581830736427 -1.1846982928255367 0.0070421740400635358 -0.27005429453596352 0.19348935452515761 -0.23630109943318231 4.1899429692781549 -0.70511250053237495 0.090486002776829375 -0.36367525028260972 0.055701553604512101 0.083558871376897062 -0.038065583995398965
leaf_weight=1072 110 79 60 80 37 133 35 37 76 723 64 370 36 1522
leaf_count=1072 110 79 60 80 37 133 35 37 76 723 64 370 36 1522
internal_value=0.000613027 -0.00390244 0.000297398 0.0040201 -0.00433333 0.00102186 0.0075 0.0115607 0.00067253 0.00261006 -0.00186047 0.000549199 -0.0111304 -0.000277243
internal_weight=4434 366 256 196 117 4068 205 170 3863 1269 546 434 112 2594
internal_count=4434 366 256 196 117 4068 205 170 3863 1269 546 434 112 2594
cat_boundaries=0 2 3 5
cat_threshold=268443664 22 337600715 286581898 6
is_linear=0
shrinkage=0.04


Tree=259
num_leaves=15
num_cat=0
split_feature=3 8 25 26 3 1 21 8 3 20 14 8 3 25
split_gain=4.6573 8.55466 4.58242 4.34441 4.71811 10.1883 11.1228 9.93029 8.4708 17.5883 13.626 9.77056 17.1503 17.1748
threshold=2.5000000000000004 55.685454096347691 16.126705431982661 5.6037230095584176 19.500000000000004 81.500000000000014 4.5000000000000009 55.650745996106906 17.500000000000004 7.5000000000000009 22.520032051282055 55.614236166017264 14.500000000000002 16.64267372991559
decision_type=2 10 10 8 2 2 2 10 2 2 10 10 2 10
left_child=1 2 -1 4 8 6 -6 -7 11 -10 -11 12 13 -2
right_child=3 -3 -4 -5 5 7 -8 -9 9 10 -12 -13 -14 -15
leaf_value=-0.86529464965912084 3.2492520315132154 0.07622350014609279 -0.046803841717878644 -0.10392627795216967 0.036817316020176634 -1.1222052106346245 -0.076133678853681983 0.041694440230284222 -0.3474009645964472 2.0940546623171503 -0.12349530355645127 0.0025193202024564698 1.949225371252578 -0.14858252361410246
leaf_weight=36 77 36 39 131 271 119 61 88 100 127 35 3058 46 210
leaf_count=36 77 36 39 131 271 119 61 88 100 127 35 3058 46 210
internal_value=0.000613027 -0.00736842 -0.0148718 0.000822931 0.00104887 -0.00243542 0.00191045 -0.00933333 0.00156455 0.00845283 0.0164848 0.00102534 0.0075 0.00372414
internal_weight=4434 111 75 4323 4192 539 332 207 3653 262 162 3391 333 287
internal_count=4434 111 75 4323 4192 539 332 207 3653 262 162 3391 333 287
is_linear=0
shrinkage=0.04


Tree=260
num_leaves=15
num_cat=0
split_feature=19 16 18 19 10 24 1 3 3 3 5 10 6 18
split_gain=4.6917 8.06826 6.39963 7.44682 7.42318 7.70486 8.63605 7.13867 10.5287 10.75 9.37139 7.76932 12.761 9.19858
threshold=1962.5833392402187 0.25658350658350665 1539.3153451604151 13.145319618009056 24.500000000000004 1202.1270232280688 7.5000000000000009 10.500000000000002 17.500000000000004 18.500000000000004 37.725967350000012 301.50000000000006 55.733892935000007 1353.5846470349338
decision_type=8 10 10 10 10 10 2 2 2 2 2 10 2 10
left_child=2 -2 3 4 5 -1 -7 10 11 -10 -5 12 13 -9
right_child=1 -3 -4 7 -6 6 -8 8 9 -11 -12 -13 -14 -15
leaf_value=-1.4344034536467822 0.009944743828213802 0.22809882332049 -0.014972920656929106 0.083817622659912563 0.017460320185914213 0.067419969783008585 -0.37352284632178839 -0.44867723428001072 2.0984524088374235 0.18785879289203025 1.3423191190324093 0.15527334620509492 0.093770711104579907 0.32107758313525042
leaf_weight=35 309 68 2394 475 237 41 35 369 39 96 102 47 112 75
leaf_count=35 309 68 2394 475 237 41 35 369 39 96 102 47 112 75
internal_value=0.000486815 0.00473684 8.867e-05 0.0019928 -0.00319088 -0.0115789 -0.00405063 0.00336874 0.000755735 0.0107246 0.00668966 -0.00151815 -0.00286225 -0.00590604
internal_weight=4434 377 4057 1663 348 111 76 1315 738 135 577 603 556 444
internal_count=4434 377 4057 1663 348 111 76 1315 738 135 577 603 556 444
is_linear=0
shrinkage=0.04


Tree=261
num_leaves=15
num_cat=2
split_feature=6 1 20 0 0 8 8 3 3 15 1 25 8 7
split_gain=4.33572 8.86457 9.66986 8.69598 6.98465 6.83214 14.8618 8.8025 8.6126 6.80502 6.39332 6.09253 12.5052 11.8338
threshold=55.646745290000005 215.50000000000003 8.5000000000000018 0 1 55.655300962443029 55.667801000000004 16.500000000000004 11.500000000000002 8.6762588013854067 1.0000000180025095e-35 20.565313567651746 55.532415431690275 37.480372384426794
decision_type=2 2 2 9 9 8 10 2 2 10 2 10 10 10
left_child=11 4 3 9 -2 7 10 8 -6 -3 -7 12 -1 -13
right_child=1 2 -4 -5 5 6 -8 -9 -10 -11 -12 13 -14 -15
leaf_value=2.3421497909661708 -0.16241139981807906 -1.5533079091161772 0.20179442030023181 -1.215713035919338 0.12424305953181033 -0.030586726878307654 0.0063130913706658026 -0.18603757286833975 1.3537004387621536 0.14852544460475442 -0.55947129665748907 -0.33026590356211954 0.033283117957295334 0.34408084236004732
leaf_weight=47 108 40 55 136 61 64 2159 54 39 60 53 325 1047 186
leaf_count=47 108 40 55 136 61 64 2159 54 39 60 53 325 1047 186
internal_value=0.000306513 -0.000635593 -0.00721088 -0.0107113 0.000125935 0.000589439 3.51031e-05 0.00866242 0.015534 -0.000707965 -0.0136667 0.00196517 0.00364631 -0.00163424
internal_weight=4434 2829 291 236 2538 2430 2276 154 100 100 117 1605 1094 511
internal_count=4434 2829 291 236 2538 2430 2276 154 100 100 117 1605 1094 511
cat_boundaries=0 2 4
cat_threshold=1644167488 4 2147484160 1
is_linear=0
shrinkage=0.04


Tree=262
num_leaves=15
num_cat=2
split_feature=22 0 1 24 0 25 11 24 16 11 19 15 11 11
split_gain=3.91421 11.4954 7.45181 10.1534 8.7052 10.0679 9.69143 9.8717 9.01384 8.69483 9.16694 8.99938 8.47803 8.25859
threshold=115.93281013400001 0 -51.499999999999993 3018.6436380232303 1 16.341795796002344 9.3285570000000018 2862.8034969055993 0.3603278688524591 6.1203630000000011 1962.5833392402187 9.1333588075793717 14.034242000000001 3.3285570000000004
decision_type=2 9 2 8 9 10 10 10 10 10 8 10 10 10
left_child=2 -2 3 -1 5 6 7 8 13 -6 11 -11 -8 -4
right_child=1 -3 4 -5 9 -7 12 -9 -10 10 -12 -13 -14 -15
leaf_value=0.43256939441468023 0.17725794632509151 -0.00037980019255785141 0.12534219615442369 -0.14527089500667542 0.059940045794040414 -0.00037659917931939904 0.11433725666181829 -1.1942326475588523 -0.73427421958613337 0.041729706667740632 0.2080482350275154 -0.20163056911853333 -0.49697590432278788 -0.18297553602376468
leaf_weight=352 339 1040 66 162 591 527 117 68 106 226 102 517 63 158
leaf_count=352 339 1040 66 162 591 527 117 68 106 226 102 517 63 158
internal_value=0.000288483 0.00205499 -0.000510137 0.00386847 -0.00139937 -0.00404293 -0.00771084 -0.0111721 -0.00816817 0.000662526 -0.00193396 -0.00348525 0 -0.00352423
internal_weight=4434 1379 3055 514 2541 1105 578 398 330 1436 845 743 180 224
internal_count=4434 1379 3055 514 2541 1105 578 398 330 1436 845 743 180 224
cat_boundaries=0 2 4
cat_threshold=2826961680 96 3850449777 120
is_linear=0
shrinkage=0.04


Tree=263
num_leaves=15
num_cat=2
split_feature=18 0 0 18 25 3 10 6 10 13 25 2 3 22
split_gain=3.69168 9.43372 8.31158 13.6744 8.06077 7.97421 7.51376 7.33909 9.70426 7.24696 6.86408 8.46917 7.03038 6.77873
threshold=1539.3153451604151 0 1 1410.5784041323639 16.341795796002344 12.500000000000002 1.0000000180025095e-35 55.646745290000005 189.50000000000003 18.884722222222226 12.154235971099789 743.82469900000012 2.5000000000000004 9.2485189585000018
decision_type=8 9 9 10 10 2 10 2 10 10 8 2 2 2
left_child=2 4 3 5 7 -1 -4 8 -2 -8 -3 12 -12 -7
right_child=1 10 6 -5 -6 13 9 -9 -10 -11 11 -13 -14 -15
leaf_value=0.00064909374574568808 -0.26257979599004089 0.41601865835828722 -0.13321144774411892 0.61496918162047143 -0.0045241398030418621 0.07909060889066126 0.13950634883280486 -0.45188726884400665 0.74234876171578534 -0.029678132480831749 -0.17655612020817571 -0.34142840719180484 0.027870440491290616 -0.71743969385385187
leaf_weight=434 131 83 58 100 779 35 755 278 52 96 39 109 1252 233
leaf_count=434 131 83 58 100 779 35 755 278 52 96 39 109 1252 233
internal_value=0.000342574 -0.000572267 0.00179697 -0.00117791 -0.00312849 -0.0031773 0.00438178 -0.00732759 -0.00107527 0.00538642 0.00157754 0.000912331 0.0018238 -0.00856089
internal_weight=4434 2723 1711 802 1240 702 909 461 183 851 1483 1400 1291 268
internal_count=4434 2723 1711 802 1240 702 909 461 183 851 1483 1400 1291 268
cat_boundaries=0 2 4
cat_threshold=2231529585 113 1344259848 4
is_linear=0
shrinkage=0.04


Tree=264
num_leaves=15
num_cat=1
split_feature=2 3 8 23 0 23 18 19 19 3 26 6 5 18
split_gain=4.49069 4.93424 9.04615 5.94511 6.80946 8.33366 10.9461 9.45962 7.27501 8.12887 7.20412 7.11456 13.9533 13.6876
threshold=897.02162550000014 2.5000000000000004 55.685454096347691 4076.4272594590007 0 1820.8611481000003 1384.5014091063274 11.543618843195155 1618.2355544800116 5.5000000000000009 4.6357235477766157 55.670614225000008 37.720420390000008 2870.7704398800593
decision_type=2 2 10 8 9 10 10 10 10 2 10 2 2 10
left_child=1 2 -1 4 5 6 8 -7 9 -3 -6 12 13 -8
right_child=-2 3 -4 -5 10 7 11 -9 -10 -11 -12 -13 -14 -15
leaf_value=-0.24511391080147285 -0.062610620117428989 1.1174772325998685 0.078375920721986264 0.17770812547479181 0.032999949875689508 -0.74065818133100636 -0.26032274997376897 0.050354412140525398 -0.18128179539073699 0.079820408538886417 -0.31904455471022064 -0.086801789856833414 0.32647090621686514 0.075198673138443722
leaf_weight=74 37 65 36 148 1991 41 288 37 43 450 108 685 200 231
leaf_count=74 37 65 36 148 1991 41 288 37 43 450 108 685 200 231
internal_value=0.000342574 0.000463636 -0.00778761 0.000680653 0.000395944 -0.00124696 -0.000732824 -0.0138272 0.00399287 0.00532819 0.00198864 -0.00261549 0.000166205 -0.00329502
internal_weight=4434 4397 110 4287 4139 2040 1962 78 558 515 2099 1404 719 519
internal_count=4434 4397 110 4287 4139 2040 1962 78 558 515 2099 1404 719 519
cat_boundaries=0 2
cat_threshold=2265149555 121
is_linear=0
shrinkage=0.04


Tree=265
num_leaves=15
num_cat=1
split_feature=0 24 11 25 6 18 18 14 9 8 16 3 11 12
split_gain=3.60368 9.35596 9.07946 6.69837 7.66818 7.41031 7.7607 8.44858 6.57977 6.55315 8.58498 10.3022 8.37701 8.13309
threshold=0 2066.9682209881325 1.3285570000000002 14.673109663426255 55.670614225000008 3556.4812654553839 2254.6965400468684 10.648529411764708 5.9500000000000011 55.668425000000006 0.30825791855203627 8.5000000000000018 5.9528615000000009 21.810000000000006
decision_type=9 10 10 10 2 10 10 10 10 10 8 2 10 10
left_child=1 -1 -3 -4 5 6 7 -5 -8 -6 11 -11 -12 -13
right_child=-2 2 3 4 9 -7 8 -9 -10 10 12 13 -14 -15
leaf_value=0.11531018263422155 0.010024664230219167 0.52785131784933692 -0.2651354403991138 -0.11919133042480624 -0.42988192118362051 0.29272030286134681 0.12700842642601259 0.44946149925332285 -0.19316313133862537 -0.26524346586140896 0.019542001546810326 0.548899321802225 -0.26310152850046165 -0.0055795806929632734
leaf_weight=354 2798 36 329 74 65 124 81 110 151 63 37 63 96 53
leaf_count=354 2798 36 329 74 65 124 81 110 151 63 37 63 96 53
internal_value=0.000468785 -0.0010188 -0.00261479 -0.00320256 -0.00143478 0.00162063 -0.000954654 0.00513369 -0.00578723 -0.00578947 -0.00330159 0.00241758 -0.0108824 0.00941176
internal_weight=4434 1636 1282 1246 917 540 416 184 232 377 312 179 133 116
internal_count=4434 1636 1282 1246 917 540 416 184 232 377 312 179 133 116
cat_boundaries=0 2
cat_threshold=2164482162 113
is_linear=0
shrinkage=0.04


Tree=266
num_leaves=15
num_cat=0
split_feature=7 7 7 3 7 7 25 1 6 8 14 3 22 3
split_gain=4.04835 11.5272 9.01234 8.86619 7.83962 6.41406 5.47344 10.7513 8.96854 8.9246 18.8182 13.3916 11.5886 9.76834
threshold=37.70744360366453 37.715606232640944 37.687037000000011 4.5000000000000009 37.694112493762582 37.710834892949528 18.883697510217043 201.50000000000003 55.743665670000006 55.655300962443029 11.089285714285717 5.5000000000000009 57.527775369000004 10.500000000000002
decision_type=8 10 10 2 10 8 10 2 2 10 10 2 2 2
left_child=2 5 -1 -4 -5 -2 7 9 -8 10 -3 -11 -13 -14
right_child=1 6 3 4 -6 -7 8 -9 -10 11 -12 12 13 -15
leaf_value=0.0022941792530143256 -0.13545984679008513 -0.080424636924840628 -0.095271054010060377 1.213100448008702 0.10988260338851333 -1.0943633079368658 0.0016254509914171678 -1.5922494425993272 2.8756911074147462 0.88952683334582394 0.87928111196946845 -0.63788640135279817 -0.64013029350021045 0.043246102053244612
leaf_weight=3058 51 183 64 96 180 53 95 67 37 69 140 97 69 175
leaf_count=3058 51 183 64 96 180 53 95 67 37 69 140 97 69 175
internal_value=0.000414695 -0.00177093 0.00108203 0.00723032 0.0103226 -0.0142056 -0.000342246 -0.00159402 0.00711111 -0.000163043 0.00478528 -0.0040678 -0.00732558 -0.00259109
internal_weight=4434 1036 3398 340 276 104 932 800 132 733 323 410 341 244
internal_count=4434 1036 3398 340 276 104 932 800 132 733 323 410 341 244
is_linear=0
shrinkage=0.04


Tree=267
num_leaves=15
num_cat=0
split_feature=26 7 26 3 2 18 3 17 7 12 3 8 26 3
split_gain=3.26027 6.3801 7.06256 6.44358 10.0081 5.96806 6.40404 7.54803 13.0295 5.44519 6.30307 5.10068 4.72494 4.71632
threshold=1.03040095246991 37.710834892949528 1.000000000000036 11.500000000000002 625.0731555000001 4560.3303847475572 5.5000000000000009 33.500000000000007 37.501797003295103 6.142500000000001 16.500000000000004 55.653411022992934 1.0146534349493821 5.5000000000000009
decision_type=8 10 10 2 2 10 2 10 10 10 2 10 10 2
left_child=1 3 -3 5 -5 6 -1 8 -8 11 -11 -6 -12 -7
right_child=-2 2 -4 4 9 13 7 -9 -10 10 12 -13 -14 -15
leaf_value=-0.49688296983859859 0.0073797577275334448 0.17265687816538347 -0.61485087474717948 0.39917402772872551 0.36961689029183947 0.37969463601635922 0.48641619523861068 -0.43878613365874858 -0.17309129303964937 0.17814512971094587 -0.034406539806132626 0.0099106156163094282 -0.74841869026515451 -0.36450683797010724
leaf_weight=70 3685 46 69 47 42 39 37 46 78 84 45 71 38 37
leaf_count=70 3685 46 69 47 42 39 37 46 78 84 45 71 38 37
internal_value=0.000432725 -0.00196809 -0.0105085 -0.000376766 0.00351515 -0.00451613 -0.00769231 -0.00317073 0.00237288 0.000565371 -0.004 0.00724138 -0.0116279 0.00506329
internal_weight=4434 749 115 634 327 307 231 161 115 280 167 113 83 76
internal_count=4434 749 115 634 327 307 231 161 115 280 167 113 83 76
is_linear=0
shrinkage=0.04


Tree=268
num_leaves=15
num_cat=1
split_feature=7 3 5 1 18 24 22 8 8 0 3 3 8 11
split_gain=3.52966 9.21011 12.7088 3.99539 3.91225 7.82298 9.7678 7.41329 6.31334 5.79648 25.8154 14.884 12.6165 10.2022
threshold=37.379233439029967 9.5000000000000018 37.356637395000007 437.50000000000006 2521.5998794186871 3168.7185275588677 115.93281013400001 55.53902276284807 55.533200111526718 0 12.500000000000002 18.500000000000004 55.604007309115552 9.8864580000000011
decision_type=8 2 2 2 10 10 2 10 8 9 2 2 10 10
left_child=1 -1 -3 4 8 6 -6 -7 -2 10 -9 13 -13 -12
right_child=3 2 -4 -5 5 7 -8 9 -10 -11 11 12 -14 -15
leaf_value=-0.38219949146013849 1.4191940012774911 0.0040548868749154107 1.3101259639184994 -0.64199146991057732 -0.6311079028243185 -0.95428081122148567 0.75186593974867943 -0.27648450187514412 0.0095323987932947312 -0.023177929482861979 1.7903150432764887 -0.54771772574265176 0.17394309745177458 0.1281238693868243
leaf_weight=43 37 125 84 41 162 85 49 279 2600 622 108 48 98 53
leaf_count=43 37 125 84 41 162 85 49 279 2600 622 108 48 98 53
internal_value=0.000450755 0.00501961 0.00849057 0.000172043 0.000299228 -0.00132714 -0.00841121 -0.000154321 0.00122727 0.000660611 0.00347245 0.0114839 0.00214765 0.0197561
internal_weight=4434 252 209 4182 4141 1504 211 1293 2637 1208 586 307 146 161
internal_count=4434 252 209 4182 4141 1504 211 1293 2637 1208 586 307 146 161
cat_boundaries=0 2
cat_threshold=2650818176 3
is_linear=0
shrinkage=0.04


Tree=269
num_leaves=15
num_cat=0
split_feature=2 19 24 11 26 13 11 9 15 14 2 3 20 24
split_gain=3.31762 3.22123 6.79377 6.15825 5.55613 7.56826 5.19087 4.61577 4.31948 10.0146 8.05333 5.58902 5.20363 11.9692
threshold=897.02162550000014 1962.5833392402187 3095.8152392234265 6.1203630000000011 1.2175348977263012 26.473333333333336 4.819207500000001 34.850000000000001 15.829096707332193 23.884920634920636 659.0834645000001 11.500000000000002 3.5000000000000004 1021.4102033445744
decision_type=2 10 10 10 10 10 10 10 10 10 2 2 2 8
left_child=1 8 3 -3 5 -4 -7 -8 12 10 -10 -12 -1 -14
right_child=-2 2 4 -5 -6 6 7 -9 9 -11 11 -13 13 -15
leaf_value=-0.046025459890927323 -0.060068256497399046 0.00598165880077655 0.41973783346329141 1.1284714185702445 -0.32959701755492732 -0.094586580626860275 -0.099708524930207723 0.52290148495339372 -0.7920498310426014 0.016086568514985349 -0.72111736269085935 0.14646930218124662 0.48424374464854097 0.0056278870339049551
leaf_weight=343 37 36 94 41 52 41 44 35 94 122 49 38 114 3294
leaf_count=343 37 36 94 41 52 41 44 35 94 122 49 38 114 3294
internal_value=0.000468785 0.000572727 0.00427746 0.0145 0.00118959 0.0040553 -0.00260163 0.00341463 0.000256347 -0.00431373 -0.0102174 -0.00133333 0.000628663 0.00110232
internal_weight=4434 4397 343 77 266 214 120 79 4054 303 181 87 3751 3408
internal_count=4434 4397 343 77 266 214 120 79 4054 303 181 87 3751 3408
is_linear=0
shrinkage=0.04


Tree=270
num_leaves=15
num_cat=1
split_feature=23 11 3 26 2 23 19 22 16 8 23 0 24 11
split_gain=3.36323 8.29756 9.77769 9.24402 5.80268 5.57057 4.9082 7.49602 6.23738 6.13965 7.36174 5.99223 6.19834 6.47834
threshold=2695.8859279825006 7.1303240000000008 7.5000000000000009 1.1599215806422944 886.30552000000012 4661.0091165350013 8.2923404050750751 299.08346452900008 0.93218390804597717 55.671170690112604 739.71375358550006 0 387.4207075887935 3.3285570000000004
decision_type=8 8 2 10 2 10 8 2 10 10 10 9 10 10
left_child=4 5 -3 -4 6 -2 7 -1 11 -10 -11 12 -8 -14
right_child=1 2 3 -5 -6 -7 8 -9 9 10 -12 -13 13 -15
leaf_value=-0.0026042998476738435 0.27831156150893926 -0.30273887270873745 -0.23621178731203035 0.29822737101718733 -1.3934370581222562 -0.013665333678573007 0.47845045086897697 -0.24227501595294826 0.51155007842048805 0.47485070687727371 -0.41050008056684645 0.021722351016616983 0.072790851520418087 -0.042130391489752624
leaf_weight=327 85 55 35 39 37 35 41 95 99 45 41 1712 337 1451
leaf_count=327 85 55 35 39 37 35 41 95 99 45 41 1712 337 1451
internal_value=0.000432725 0.00492063 -0.00212121 0.00727273 0.000162369 0.0123577 0.000308359 -0.00376471 0.000772325 0.00787234 0 0.000395034 -0.00119435 -0.00156337
internal_weight=4434 249 129 74 4185 120 4148 422 3726 185 86 3541 1829 1788
internal_count=4434 249 129 74 4185 120 4148 422 3726 185 86 3541 1829 1788
cat_boundaries=0 2
cat_threshold=2293723714 97
is_linear=0
shrinkage=0.04


Tree=271
num_leaves=15
num_cat=0
split_feature=5 11 1 18 18 14 5 14 1 24 7 15 3 15
split_gain=3.19403 9.13225 8.03286 9.21379 7.94878 7.90696 10.09 12.5151 8.73492 8.73261 9.52322 7.83164 10.1519 9.96031
threshold=37.533866470000014 16.309283000000004 -33.499999999999993 575.07730537027703 363.41135724141918 23.276086956521741 37.622113575000007 11.322252747252749 -3.4999999999999996 3443.486244663211 37.622172826252154 9.5338705402498345 10.500000000000002 0.94954141689895155
decision_type=2 10 2 8 10 10 2 10 2 10 10 10 2 10
left_child=2 5 4 -4 -1 6 7 8 -2 -8 -11 13 -13 -6
right_child=1 -3 3 -5 11 -7 9 -9 -10 10 -12 12 -14 -15
leaf_value=1.1700932560515671 -0.36488572074828185 -0.36906505724458144 -0.114348292990299 0.02050436492466929 0.53869126114243104 -0.18384559888715812 0.0018867295543019225 -1.6535468824332566 0.033797067979871087 -0.076452475168075587 0.23164107179164867 0.91675197753146453 0.0015177260783087831 -0.22034933005778612
leaf_weight=36 52 109 228 1753 35 125 1382 62 114 35 295 74 81 53
leaf_count=36 52 109 228 1753 35 125 1382 62 114 35 295 74 81 53
internal_value=0.000432725 -0.000661461 0.00148475 0.000584677 0.00780142 -5.80271e-05 0.000576428 -0.00727273 -0.00142012 0.00163265 0.00744745 0.00504065 0.0103797 -0.0043956
internal_weight=4434 2174 2260 1981 279 2065 1940 228 166 1712 330 243 155 88
internal_count=4434 2174 2260 1981 279 2065 1940 228 166 1712 330 243 155 88
is_linear=0
shrinkage=0.04


Tree=272
num_leaves=15
num_cat=1
split_feature=0 23 1 23 23 24 5 7 1 6 5 9 12 8
split_gain=3.45076 12.2967 6.22544 6.12556 5.58682 7.71292 6.16466 7.31311 4.89143 13.5145 6.86025 5.9342 7.69949 10.4142
threshold=0 12660.916535471002 -119.49999999999999 11564.943318116002 2695.8859279825006 73.146034492281629 37.363783455000011 37.376489388900275 188.50000000000003 55.661758930000012 37.459568125000011 47.150000000000013 25.013636363636369 55.648744868960115
decision_type=9 8 2 8 10 10 2 10 2 2 2 8 10 10
left_child=1 2 -1 4 5 -2 -7 -8 11 -10 -11 12 -9 -14
right_child=3 -3 -4 -5 -6 6 7 8 9 10 -12 -13 13 -15
leaf_value=0.72038988327447673 0.43631709051815959 0.76730844588812031 0.006366468779817531 -0.088981345348910251 0.20352875442572951 -0.11819300736167394 0.92964531952390983 0.0017344174154982283 0.027193964675723239 -0.20654117700621513 -1.5969478880329739 0.041884436114217855 0.18788462302967532 -0.48097420791956452
leaf_weight=69 37 41 1516 72 65 51 63 1970 149 54 71 102 56 118
leaf_count=69 37 41 1516 72 65 51 63 1970 149 54 71 102 56 118
internal_value=0.000396664 0.00185479 0.00128463 -0.00045374 -0.000146039 -0.000433807 -0.000697763 -0.000417633 -0.000760999 -0.00577617 -0.0153125 -0.000142285 -0.000596181 -0.00858757
internal_weight=4434 1626 1585 2808 2736 2671 2634 2583 2520 274 125 2246 2144 174
internal_count=4434 1626 1585 2808 2736 2671 2634 2583 2520 274 125 2246 2144 174
cat_boundaries=0 2
cat_threshold=1054901512 6
is_linear=0
shrinkage=0.04


Tree=273
num_leaves=15
num_cat=1
split_feature=0 23 23 18 3 26 7 11 18 16 7 3 12 13
split_gain=2.95068 9.22264 8.96243 7.60792 9.24872 7.52593 7.29918 6.99247 5.85816 6.63524 5.85689 9.34518 13.3105 9.19235
threshold=0 11564.943318116002 12660.916535471002 963.96767829885744 15.500000000000002 3.8768636749268039 37.366927724435961 7.4260780000000013 532.08024118662036 0.2797849462365592 37.740048653084905 8.5000000000000018 25.013636363636369 16.814636752136757
decision_type=9 8 8 10 2 10 10 10 10 10 10 2 10 8
left_child=1 3 -2 4 5 8 -5 -6 -1 -10 11 12 -8 -13
right_child=2 -3 -4 6 7 -7 10 -9 9 -11 -12 13 -14 -15
leaf_value=0.090952131093263805 0.0083758641888435643 -0.34303255851111231 0.34603355588630935 0.76368547742424087 0.416308386635724 -0.01304486358042368 0.071252569935605331 -0.93495135904579119 0.03284644918377104 0.90417791206829934 0.14262035455149943 -0.14044051029182231 -0.28972317855777507 -0.0037543635725447188
leaf_weight=82 2339 51 62 47 37 83 366 53 47 59 180 579 80 369
leaf_count=82 2339 51 62 47 37 83 366 53 47 59 180 579 80 369
internal_value=0.000396664 -0.000723363 0.00134217 -0.000282116 0.00494505 0.00861314 -0.0014532 -0.00602151 0.0129843 0.0190826 -0.00192771 -0.00280601 0.00195991 -0.00504732
internal_weight=4434 2033 2401 1982 361 271 1621 90 188 106 1574 1394 446 948
internal_count=4434 2033 2401 1982 361 271 1621 90 188 106 1574 1394 446 948
cat_boundaries=0 2
cat_threshold=18838087 120
is_linear=0
shrinkage=0.04


Tree=274
num_leaves=15
num_cat=1
split_feature=19 16 5 5 6 3 0 1 24 13 19 1 16 13
split_gain=2.86924 6.55706 5.29825 6.51703 8.22891 5.68961 3.49872 5.90431 6.03525 6.81969 5.53229 8.41141 6.42618 8.39191
threshold=1962.5833392402187 0.25658350658350665 37.473681185000011 37.356637395000007 55.558450470000004 6.5000000000000009 0 215.50000000000003 4595.208761218958 9.2654761904761926 1748.6358722251082 58.500000000000007 0.22557928214447981 10.391238095238096
decision_type=8 10 2 2 2 2 9 2 10 8 10 2 10 10
left_child=6 2 3 -2 -5 -4 7 -1 9 -9 12 -12 13 -8
right_child=1 -3 5 4 -6 -7 10 8 -10 -11 11 -13 -14 -15
leaf_value=-0.0053600264478665949 -0.18499592700409928 0.20544147573308336 0.10418981327413775 -0.31547735103773972 0.86948102636368618 -0.13493434601130844 -0.18117845582560904 -0.014599757236049414 0.073637949800082647 -1.8195676840271471 -0.6834714193393685 0.11290510827230776 0.0013451507937580231 0.073525953239435712
leaf_weight=1354 36 68 43 47 74 109 35 40 69 57 66 35 1759 642
leaf_count=1354 36 68 43 47 74 109 35 40 69 57 66 35 1759 642
internal_value=0.000360604 0.00368421 0.00115385 0.00625 0.0106452 -0.00412903 4.92611e-05 -0.00146119 -0.00852071 -0.0148 0.000956863 -0.00807692 0.00134481 0.00464706
internal_weight=4434 377 309 157 121 152 4057 1520 166 97 2537 101 2436 677
internal_count=4434 377 309 157 121 152 4057 1520 166 97 2537 101 2436 677
cat_boundaries=0 2
cat_threshold=286212342 96
is_linear=0
shrinkage=0.04


Tree=275
num_leaves=15
num_cat=1
split_feature=2 26 0 15 14 7 1 7 5 3 1 26 14 11
split_gain=2.93892 9.11328 7.0246 6.53182 8.05658 6.68604 5.48328 6.99294 7.67167 6.4983 8.52645 5.28507 5.58866 6.40149
threshold=659.0834645000001 5.2912070198540215 0 15.829096707332193 23.884920634920636 37.408610204166763 -4.4999999999999991 37.694302632200582 37.674713845000007 7.5000000000000009 64.500000000000014 1.0000365448124928 21.388871951219517 5.7453935000000014
decision_type=2 8 9 8 10 10 2 10 2 2 2 10 10 10
left_child=1 3 6 11 -5 -6 -2 8 9 10 -8 -1 -13 -14
right_child=2 -3 -4 4 5 -7 7 -9 -10 -11 -12 12 13 -15
leaf_value=-0.54360927714900176 0.016606321330371685 -0.33844481348694333 0.0070978518885720021 -0.4618359471249876 0.26545386992043118 -0.047117363684603418 -0.47066993376693689 -0.18513437276902031 0.20453302296976997 -0.025325142711750459 -0.0056011850831122765 0.070569734800726786 0.045963007956237763 -0.21271363421749351
leaf_weight=40 248 71 1618 117 41 80 49 116 37 253 51 1589 46 78
leaf_count=40 248 71 1618 117 41 80 49 116 37 253 51 1589 46 78
internal_value=0.000252423 0.00135593 -0.000707368 0.0018656 -0.00431535 0.00290323 -0.00385919 -0.00628684 -0.00366412 -0.00550562 -0.0139806 0.00271071 0.00305361 -0.00503937
internal_weight=4434 2062 2372 1991 238 121 754 506 390 353 100 1753 1713 124
internal_count=4434 2062 2372 1991 238 121 754 506 390 353 100 1753 1713 124
cat_boundaries=0 2
cat_threshold=3374071826 99
is_linear=0
shrinkage=0.04


Tree=276
num_leaves=15
num_cat=1
split_feature=1 0 20 14 19 22 11 15 14 6 23 14 26 23
split_gain=2.79989 3.11306 6.83346 7.38916 12.6423 10.7665 9.31611 5.55547 7.12614 5.87096 5.54553 5.16952 4.92967 4.46503
threshold=437.50000000000006 0 9.5000000000000018 11.648076923076923 821.81621996864408 86.518002532000011 8.1142140000000023 13.709968535225853 24.592113207547175 55.730670485000012 37.547116876000011 14.027731326644373 2.6256907604414721 54.461329979000006
decision_type=2 9 2 10 10 2 10 10 10 2 8 10 10 10
left_child=1 2 3 5 -5 6 12 9 -9 -6 -10 -11 -1 -8
right_child=-2 -3 -4 4 7 -7 13 8 10 11 -12 -13 -14 -15
leaf_value=-0.38348225097113531 -0.30642979686814215 -0.0024684752100733931 2.0312327086616624 0.84828514952309775 0.42356568024382346 0.049812317796070434 0.2863491242251972 -0.45973370883297604 -0.15315501477020568 0.21090891624460389 1.0016140850619852 -0.47048054884926116 -0.76610115134421652 -0.3685115001018045
leaf_weight=87 43 3362 39 109 95 245 46 143 40 51 40 46 41 47
leaf_count=87 43 3362 39 109 95 245 46 143 40 51 40 46 41 47
internal_value=0.000252423 0.00035503 0.00226488 0.00161128 0.00485769 -0.00204691 -0.00839286 0.00162679 -0.00265487 0.0065641 0.00674699 -0.0004 -0.0152672 0.00125
internal_weight=4434 4391 1029 990 524 466 221 415 223 192 80 97 128 93
internal_count=4434 4391 1029 990 524 466 221 415 223 192 80 97 128 93
cat_boundaries=0 2
cat_threshold=1860206848 8
is_linear=0
shrinkage=0.04


Tree=277
num_leaves=15
num_cat=3
split_feature=22 0 23 22 0 3 22 23 1 3 12 0 10 19
split_gain=3.32358 8.74761 7.73884 7.68257 8.51593 8.48368 6.96252 6.47619 6.46088 6.38171 5.71894 6.15789 6.60341 5.99011
threshold=115.93281013400001 0 153.04529662800002 202.45288312400001 1 14.500000000000002 27.413296453500003 4076.4272594590007 164.50000000000003 14.500000000000002 27.891666666666676 2 93.500000000000014 2172.5201584092538
decision_type=2 9 10 2 9 2 2 8 2 2 10 9 10 10
left_child=2 -2 10 4 9 -5 -4 -7 -8 -3 -1 13 -13 -12
right_child=1 3 6 5 -6 7 8 -9 -10 -11 11 12 -14 -15
leaf_value=0.0043438278374505045 0.18064672309832788 -0.19709152465855492 -0.32624040096631268 -0.0010242146155451338 0.064192851453673413 -0.68188251539459166 0.032107673091799918 0.10806003862341537 -1.6834045094919117 0.17150533598089482 0.27754026272536508 0.074313545011510648 -0.44034961089900465 -0.33620515186445532
leaf_weight=2590 403 152 69 307 297 112 93 40 36 68 74 39 115 39
leaf_count=2590 403 152 69 307 297 112 93 40 36 68 74 39 115 39
internal_value=-3.60604e-05 0.0015919 -0.000771746 -0.000485339 0.00284615 -0.00424242 -0.00835821 -0.011871 -0.00272727 -0.00309013 -0.000237762 -0.00577778 -0.0105389 0.0015873
internal_weight=4434 1379 3055 976 517 459 198 152 129 220 2857 267 154 113
internal_count=4434 1379 3055 976 517 459 198 152 129 220 2857 267 154 113
cat_boundaries=0 2 4 5
cat_threshold=947917616 96 205006 2 136601728
is_linear=0
shrinkage=0.04


Tree=278
num_leaves=15
num_cat=2
split_feature=17 6 0 3 10 25 26 0 3 5 1 3 5 2
split_gain=3.10907 3.96055 7.19496 6.41193 6.16498 8.64089 12.8614 10.5924 11.9623 10.6824 10.4368 12.589 10.1153 9.44508
threshold=81.500000000000014 55.646745290000005 0 2.5000000000000004 170.50000000000003 18.248105615338002 1.0843515637481884 1 10.500000000000002 37.533866470000014 -1.0000000180025095e-35 16.500000000000004 37.720420390000008 659.0834645000001
decision_type=8 2 9 2 10 10 10 9 2 2 2 2 2 2
left_child=1 3 -3 -1 5 7 -7 9 -9 -5 -10 -12 -11 -14
right_child=-2 2 -4 4 -6 6 -8 8 10 12 11 -13 13 -15
leaf_value=-0.22831146870746039 -0.10699924148553201 -0.077843514507700315 0.0025619246716212275 0.13075678492447892 0.14614319082234459 0.083039510802075112 -0.30763711565616947 1.4008946884646987 0.71070638605819059 -0.88711538205985441 -0.38687418167414123 1.0582986165446873 0.57903889587671342 -1.3330686539614454
leaf_weight=45 73 345 2483 194 605 133 140 60 87 53 72 56 41 47
leaf_count=45 73 345 2483 194 605 133 140 60 87 53 72 56 41 47
internal_value=0.000126211 0.000265811 -0.000621688 0.00190104 0.00236083 0.000225734 -0.00565217 0.00287113 0.00847222 -0.00195402 0.00422018 -0.00305344 -0.0102778 -0.00175824
internal_weight=4434 4361 2828 1533 1488 883 273 610 275 335 215 128 141 88
internal_count=4434 4361 2828 1533 1488 883 273 610 275 335 215 128 141 88
cat_boundaries=0 2 4
cat_threshold=2147484160 97 2147508737 1
is_linear=0
shrinkage=0.04


Tree=279
num_leaves=15
num_cat=1
split_feature=26 16 17 24 1 15 23 0 19 12 12 8 6 22
split_gain=3.34262 6.14902 6.62292 7.80095 4.74984 3.92142 3.66658 7.04164 7.4462 8.08051 7.10195 6.70832 7.56189 6.5518
threshold=3.8768636749268039 0.43405797101449278 34.500000000000007 2510.1217171598259 5.5000000000000009 4.6533562939124966 73.694479510500017 0 876.2461375515544 0.23500000000000004 14.518333333333336 55.616113262801377 55.637256620000009 659.08346452900014
decision_type=8 8 10 10 2 8 10 9 10 8 10 10 2 2
left_child=6 2 3 -2 -4 -3 -1 -8 9 11 -11 -9 -13 -14
right_child=1 5 4 -5 -6 -7 7 8 -10 10 -12 12 13 -15
leaf_value=0.013746371223203937 -0.1352043695004545 -0.027119930672902779 0.13600026348758676 0.72126284433537979 -0.49542375452125426 -0.64762596911367554 -0.057001758080763666 -0.81232058523453976 -0.13405813592601704 0.57899707383151144 -0.089971718320731836 0.36602702002136139 -0.066422561286375123 0.092664430440693807
leaf_weight=2821 35 46 36 42 57 36 652 44 218 132 38 69 166 42
leaf_count=2821 35 46 36 42 57 36 652 44 218 132 38 69 166 42
internal_value=5.40906e-05 -0.00439216 0 0.0085 -0.00708333 -0.0131765 0.00032497 -0.0013783 0.00138504 0.00412955 0.0110983 0.00037037 0.00271429 -0.00113744
internal_weight=4434 252 170 77 93 82 4182 1361 709 491 170 321 277 208
internal_count=4434 252 170 77 93 82 4182 1361 709 491 170 321 277 208
cat_boundaries=0 2
cat_threshold=927630349 100
is_linear=0
shrinkage=0.04


Tree=280
num_leaves=15
num_cat=0
split_feature=9 23 12 25 15 16 15 7 20 10 5 12 21 2
split_gain=3.73271 6.99736 6.42318 7.62509 6.11166 5.95905 6.2045 5.41468 5.39009 4.91437 4.72612 4.4494 5.29228 5.08828
threshold=32.45000000000001 1.9720925230000002 15.284659090909093 25.879181228229523 22.698135864437127 0.16774891774891779 13.043299706720317 37.422988528808638 6.5000000000000009 201.50000000000003 37.519732030000007 27.891666666666676 3.5000000000000004 659.0834645000001
decision_type=8 10 8 8 10 10 10 8 2 10 2 10 2 2
left_child=4 -2 -3 5 11 6 -4 9 -7 -5 -10 13 -13 -1
right_child=1 2 3 7 -6 8 -8 -9 10 -11 -12 12 -14 -15
leaf_value=0.026891186065263577 0.31396257210489464 0.13550974816841646 -0.12979619472043624 0.10680341215013826 -0.1576594399068891 -1.5386818822512232 0.87978270640076717 0.14878442280680909 -0.66578585400189616 -0.18383003564742176 0.050447614057984043 -0.025379250260531876 -0.96969390160802427 -0.0097665725471321706
leaf_weight=1732 91 39 35 51 38 38 40 99 83 38 56 85 43 1966
leaf_count=1732 91 39 35 51 38 38 40 99 83 38 56 85 43 1966
internal_value=0.000198332 0.00321117 0.00124481 -0.000180587 -0.000248254 -0.00470588 0.00461538 0.00586387 -0.00866667 -0.00130435 -0.00478873 -8.35727e-05 -0.00732824 0.000172926
internal_weight=4434 570 479 440 3864 252 75 188 177 89 139 3826 128 3698
internal_count=4434 570 479 440 3864 252 75 188 177 89 139 3826 128 3698
is_linear=0
shrinkage=0.04


Tree=281
num_leaves=15
num_cat=0
split_feature=13 12 2 17 19 10 26 23 2 10 16 7 12 23
split_gain=2.95869 6.12479 3.22329 8.7995 5.64164 8.94579 7.17781 7.43223 5.43813 5.25062 6.98094 7.83871 5.22669 10.9951
threshold=95.000000000000014 56.550000000000004 659.0834645000001 15.500000000000002 1474.9619951580255 265.50000000000006 1.03040095246991 112.45454624400001 719.0834645000001 209.50000000000003 0.17684288905435594 37.468196677316442 15.430952380952382 23.281450625500003
decision_type=10 10 2 10 8 10 8 10 2 10 8 10 10 10
left_child=1 2 3 -1 12 6 8 9 -6 10 -8 -12 -4 -14
right_child=-2 -3 4 -5 5 -7 7 -9 -10 -11 11 -13 13 -15
leaf_value=-0.54313953035477913 -0.050722115290400896 0.062635148192963577 -0.0057028509387060927 0.019709248032584663 -0.18096398171521486 -0.2898082106813098 0.12002842197721986 -0.11624504571791879 0.14005592422352892 -0.00017030811325597029 0.68533070362984716 1.4906697816404058 0.032486453362454315 -0.43197398255582942
leaf_weight=35 39 55 1401 1999 46 95 92 39 41 48 38 53 197 256
leaf_count=35 39 55 1401 1999 46 95 92 39 41 48 38 53 197 256
internal_value=9.0151e-05 0.000190996 1.84204e-05 0.0011782 -0.00100476 0.00298901 0.00588889 0.00908425 -0.004 0.0117949 0.0148387 0.0225532 -0.00198169 -0.00570175
internal_weight=4434 4395 4340 2034 2306 452 357 270 87 231 183 91 1854 453
internal_count=4434 4395 4340 2034 2306 452 357 270 87 231 183 91 1854 453
is_linear=0
shrinkage=0.04


Tree=282
num_leaves=15
num_cat=1
split_feature=9 0 12 12 15 13 14 23 12 8 14 19 10 2
split_gain=3.3208 10.1958 9.90612 7.96891 8.03285 6.46008 9.08783 8.38863 4.53918 5.19126 4.68817 6.89746 4.87783 4.64164
threshold=32.45000000000001 0 19.210000000000004 18.556349206349207 14.823021389237157 95.000000000000014 23.884920634920636 4.0671898660000005 27.891666666666676 55.678782047559118 25.495846588900676 1894.3897583787482 172.50000000000003 659.0834645000001
decision_type=8 9 8 10 10 10 10 8 10 10 10 10 10 2
left_child=8 3 -3 -2 -5 6 7 -4 10 -10 11 13 -12 -1
right_child=1 2 5 4 -6 -7 -8 -9 9 -11 12 -13 -14 -15
leaf_value=0.027412423138360609 -0.76135107580366201 0.47218405011956605 0.94859704406781131 0.24597311290452412 -0.45887176650203787 -0.11337856936974061 0.14607461136247529 -0.35162469367935478 -0.86454876214456666 0.0063355928607317881 -0.26668369155713323 0.53600194982315208 0.0080606183948984632 -0.011341699412711554
leaf_weight=1642 49 60 41 75 92 37 122 94 76 62 63 94 59 1868
leaf_count=1642 49 60 41 75 92 37 122 94 76 62 63 94 59 1868
internal_value=9.0151e-05 0.00293194 0.00697548 -0.00384279 0.000235294 0.0040404 0.00630769 -0.000869565 -0.000331006 -0.00737589 -6.43604e-05 0.000199612 -0.00768 -9.10902e-05
internal_weight=4434 570 354 216 167 294 257 135 3864 138 3726 3604 122 3510
internal_count=4434 570 354 216 167 294 257 135 3864 138 3726 3604 122 3510
cat_boundaries=0 2
cat_threshold=2522366080 1
is_linear=0
shrinkage=0.04


Tree=283
num_leaves=15
num_cat=1
split_feature=0 2 19 17 17 1 25 1 1 26 5 12 22 23
split_gain=3.28735 5.08062 10.5467 7.14431 6.9118 5.80021 5.69008 7.95394 5.79785 5.5981 6.66271 5.25928 4.72577 6.03993
threshold=0 665.53866950000008 1374.6771482973897 65.500000000000014 70.500000000000014 -3.4999999999999996 0.81575754259168376 11.500000000000002 96.500000000000014 3.1000582166654032 37.729629150000008 21.283333333333335 119.08346452900001 113.47129121350001
decision_type=9 2 10 10 10 2 10 2 2 10 2 10 2 8
left_child=1 4 3 6 9 -6 -3 -8 -9 10 12 -4 13 -1
right_child=-2 2 11 -5 5 -7 7 8 -10 -11 -12 -13 -14 -15
leaf_value=-0.00025166002427059911 0.0086848339745728264 0.031590098846041172 0.1576535481869859 0.040285495621987771 -0.68710576425369985 -0.0030813572020021406 -0.028909250040182997 -0.92288223234661471 -0.61280723653385283 -0.21506847676450733 0.24276796293378566 -0.025922590147689592 0.08018062991462642 -0.94279201300766657
leaf_weight=382 3031 44 75 48 35 52 160 71 79 53 161 60 144 39
leaf_count=382 3031 44 75 48 35 52 160 71 79 53 161 60 144 39
internal_value=-1.80302e-05 -0.00161017 -0.00466667 -0.00790123 0.00027618 -0.0102222 -0.00985994 -0.0117572 -0.0183007 0.00148338 0.00241427 0.00492754 0.000352113 -0.00179245
internal_weight=4434 1403 537 402 866 87 354 310 150 779 726 135 565 421
internal_count=4434 1403 537 402 866 87 354 310 150 779 726 135 565 421
cat_boundaries=0 2
cat_threshold=17547862 96
is_linear=0
shrinkage=0.04


Tree=284
num_leaves=15
num_cat=1
split_feature=8 20 0 10 5 26 11 1 1 8 8 13 16 7
split_gain=3.34889 3.12769 8.16772 8.92434 7.78019 6.35297 9.00519 9.2281 10.9537 7.20339 7.13703 6.95586 8.85522 6.72208
threshold=55.976437021859475 8.5000000000000018 0 273.50000000000006 37.743498300000006 1.0131550854465416 4.8864580000000011 107.50000000000001 3.5000000000000004 55.646430351695841 55.691150827395845 17.060661764705888 0.34549071618037142 37.448938814063538
decision_type=8 2 9 10 2 10 10 2 2 10 10 10 10 10
left_child=1 -1 3 -3 5 -4 10 8 9 -8 11 12 -7 -10
right_child=-2 2 4 -5 -6 6 7 -9 13 -11 -12 -13 -14 -15
leaf_value=-0.0028473029837516608 0.031185659965060605 0.00012462666666973683 0.36813541254809629 -0.63351823567752319 1.5037038750578098 1.3156891222989273 1.7986213309742158 0.26198469803153862 0.075690044109354412 -0.025472205158410453 -0.030763089947607795 0.13455996187211328 0.095880339373253923 -0.33866251300800293
leaf_weight=3333 70 166 44 57 62 58 37 116 35 196 42 59 38 121
leaf_count=3333 70 166 44 57 62 58 37 116 35 196 42 59 38 121
internal_value=0.000270453 0.000128234 0.00205029 -0.00457627 0.00389769 0.00277704 0.0018156 -0.00102362 -0.00397959 0.00152542 0.009 0.0129114 0.0193939 -0.0120755
internal_weight=4434 4364 1031 223 808 746 702 505 389 233 197 155 96 156
internal_count=4434 4364 1031 223 808 746 702 505 389 233 197 155 96 156
cat_boundaries=0 2
cat_threshold=2147582497 4
is_linear=0
shrinkage=0.04


Tree=285
num_leaves=15
num_cat=2
split_feature=1 18 18 0 3 17 12 6 5 14 5 0 6 1
split_gain=3.77177 3.12379 8.42549 9.35469 13.4804 12.3711 9.37983 8.91096 9.61387 12.8804 7.18637 6.42814 6.99333 15.2273
threshold=437.50000000000006 1539.3153451604151 1473.0457062471523 0 12.500000000000002 30.500000000000004 14.278787878787883 55.73083620500001 37.672960380000013 13.70638888888889 37.740670215000002 1 55.647441485000009 28.500000000000004
decision_type=2 10 8 9 2 10 8 2 2 10 2 9 2 2
left_child=1 2 3 4 6 -6 10 8 -7 -10 -1 12 13 -3
right_child=-2 11 -4 -5 5 7 -8 -9 9 -11 -12 -13 -14 -15
leaf_value=-0.057813681613532709 -0.30811702941021052 -0.05169249193349465 0.27377005947266242 0.071654960352069141 -1.0049401437417975 -1.0065425070378617 0.29747470809991311 0.38857622240703676 -0.26805175141109944 0.17224510098322499 0.4815290856067142 0.0080996869476288955 -0.067521160720546619 0.20565698723846054
leaf_weight=289 43 221 91 836 143 45 135 44 38 36 43 1724 599 147
leaf_count=289 43 221 91 836 143 45 135 44 38 36 43 1724 599 147
internal_value=9.0151e-05 0.000209376 0.00155021 0.000868486 -0.00229008 -0.00880259 0.00195745 -0.00120482 -0.00688525 0.00207792 -0.00167164 -0.000638456 -0.00322449 0.00107817
internal_weight=4434 4391 1700 1609 773 306 467 163 119 74 332 2691 967 368
internal_count=4434 4391 1700 1609 773 306 467 163 119 74 332 2691 967 368
cat_boundaries=0 2 4
cat_threshold=1881133066 4 2231407219 105
is_linear=0
shrinkage=0.04


Tree=286
num_leaves=15
num_cat=1
split_feature=1 0 24 26 26 23 1 2 1 5 15 24 15 19
split_gain=2.75899 2.61204 6.63382 7.47142 7.72921 7.66764 6.28509 6.15482 5.28441 7.47836 8.18178 9.25969 8.73359 5.2679
threshold=437.50000000000006 0 2066.9682209881325 1.1245716795479292 2.3003412234342382 33.48199746800001 66.500000000000014 666.52870850000011 -51.499999999999993 37.454509895000008 8.4639546574126516 3007.8583301315252 1.1172350697719169 7.3285844778311047
decision_type=2 9 10 10 10 10 2 2 2 2 8 10 10 8
left_child=1 2 3 6 5 -5 -1 -7 9 -3 12 -12 -11 -10
right_child=-2 8 -4 4 -6 7 -8 -9 13 10 11 -13 -14 -15
leaf_value=-0.052210780518712169 -0.29579234823380263 2.3222668317770343 -0.024803121237754553 -0.035743124640623077 -0.040688926749115596 0.72551748819588913 0.20461179115687969 0.098480650454387336 -0.026402378523315315 0.19733808257543545 0.51584823446243722 -0.25880729847074635 -0.28245742266430457 0.011627695521298591
leaf_weight=125 43 53 1445 54 40 99 37 44 201 50 105 53 39 2046
leaf_count=125 43 53 1445 54 40 99 37 44 201 50 105 53 39 2046
internal_value=0.000180302 0.000282203 -0.000861605 0.00368159 0.00816667 0.0114 -0.00290909 0.0161644 0.00110937 0.00607261 0.00304 0.0084472 -0.00652174 0.000444444
internal_weight=4434 4391 1844 399 237 197 162 143 2547 300 247 158 89 2247
internal_count=4434 4391 1844 399 237 197 162 143 2547 300 247 158 89 2247
cat_boundaries=0 2
cat_threshold=18051698 121
is_linear=0
shrinkage=0.04


Tree=287
num_leaves=15
num_cat=0
split_feature=5 10 11 1 18 25 11 5 25 8 25 1 1 3
split_gain=3.12278 6.94097 6.52266 6.36527 9.78355 6.37967 7.49296 6.30123 7.18716 11.786 7.98279 6.77338 6.63856 6.33522
threshold=37.533866470000014 352.50000000000006 16.309283000000004 -51.499999999999993 575.07730537027703 11.265902150764274 8.7657680000000031 37.622779030000011 18.78313428062496 55.728122363288556 34.448892211011845 -3.4999999999999996 10.500000000000002 7.5000000000000009
decision_type=2 8 10 2 10 10 10 2 10 10 10 2 2 2
left_child=1 3 7 5 -5 -1 -7 11 -9 10 13 -2 -13 -10
right_child=2 -3 -4 4 -6 6 -8 8 9 -11 -12 12 -14 -15
leaf_value=1.2750420921774606 -0.44480114694876416 -0.6577309184871839 -0.35858023587486171 -0.074921126270729707 0.026820813051629422 -0.04448822186260621 1.4324999208814129 -0.0073868299957599425 0.51796757956158601 1.431553825095274 -0.24378490178177117 0.058247481996164127 -0.13306050163464817 -0.0026915351717687486
leaf_weight=57 103 35 109 243 1805 80 40 1410 69 89 35 67 119 173
leaf_count=57 103 35 109 243 1805 80 40 1410 69 89 35 67 119 173
internal_value=0.000126211 0.00116659 -0.000955443 0.00145422 0.000819113 0.00866667 0.00325203 -0.000444874 0.000449691 0.00542005 0.00128571 -0.00589041 -0.00126984 0.00391837
internal_weight=4434 2260 2174 2225 2048 177 120 2065 1776 366 277 289 186 242
internal_count=4434 2260 2174 2225 2048 177 120 2065 1776 366 277 289 186 242
is_linear=0
shrinkage=0.04


Tree=288
num_leaves=15
num_cat=1
split_feature=7 3 5 26 20 1 11 0 3 3 15 26 13 24
split_gain=3.4357 9.75747 13.93 6.9572 4.154 7.84551 7.01985 7.56076 21.9162 10.855 9.55037 9.61531 7.64388 10.4808
threshold=37.379233439029967 9.5000000000000018 37.356637395000007 1.2457563751989253 7.5000000000000009 377.50000000000006 2.1025600000000004 0 9.5000000000000018 3.5000000000000004 11.545725545607636 1.0278215767135264 10.810835913312696 1984.1461534624107
decision_type=10 2 2 8 2 2 10 9 2 2 10 10 10 10
left_child=1 -1 -3 -4 5 6 -2 8 9 -8 -10 -12 13 -11
right_child=4 2 3 -5 -6 -7 7 -9 10 12 11 -13 -14 -15
leaf_value=-0.32896812352498378 -0.12929076123496955 -0.0067018579802527256 0.74484606728414515 3.036878992500486 0.0089189674988089957 -1.162673598424973 -0.34340175213555696 0.022938467482015314 -0.088224053899817814 0.49510737397487803 0.016914508606002208 -1.1226376403265914 0.58851216263508643 -1.5548405758315782
leaf_weight=44 142 125 44 41 2059 65 42 1024 409 68 37 144 150 40
leaf_count=44 142 125 44 41 2059 65 42 1024 409 68 37 144 150 40
internal_value=0.000180302 0.00466926 0.00826291 0.0204545 -9.56251e-05 -0.0013371 -0.000893638 -0.000250391 -0.00292359 0.00580858 -0.0074199 -0.015 0.00888889 0.000720721
internal_weight=4434 254 210 85 4180 2121 2056 1914 890 300 590 181 258 108
internal_count=4434 254 210 85 4180 2121 2056 1914 890 300 590 181 258 108
cat_boundaries=0 2
cat_threshold=4028133391 96
is_linear=0
shrinkage=0.04


Tree=289
num_leaves=15
num_cat=2
split_feature=9 0 12 13 3 14 26 26 10 13 0 10 10 5
split_gain=3.38395 10.27 6.55069 6.08242 5.02714 6.83748 5.05489 6.03694 4.51778 4.05153 10.534 8.30053 9.26351 5.82561
threshold=32.45000000000001 0 19.210000000000004 20.589772727272727 13.500000000000002 19.019259259259261 1.2575438648172832 1.089660543902532 225.50000000000003 19.413445378151263 1 213.50000000000003 189.50000000000003 37.715220590000008
decision_type=8 9 8 8 2 10 10 10 8 10 9 10 10 2
left_child=9 4 -3 -4 6 -6 7 -2 -5 -1 -11 12 13 -12
right_child=1 2 3 8 5 -7 -8 -9 -10 10 11 -13 -14 -15
leaf_value=0.003080303196840526 -0.46717181957797549 0.31674846641550747 -0.19038522526035054 0.15188692398832726 -0.39973353927478344 0.31822163014425159 -1.0729453604001582 0.20370633609416736 0.01025639455160814 -0.22756945079284521 -0.016486166643721704 -0.169411126598499 2.5110042703226099 0.12398822738423135
leaf_weight=3313 56 67 71 116 37 59 49 46 69 223 125 123 35 45
leaf_count=3313 56 67 71 116 37 59 49 46 69 223 125 123 35 45
internal_value=0.000342574 0.00321117 0.0077381 0.00494208 -0.00292308 0.0040404 -0.00753247 -0.00228571 0.0087234 -8.27515e-05 -0.0032491 0.00140762 0.00634615 0.00231214
internal_weight=4434 570 323 256 247 96 151 102 185 3864 551 328 205 170
internal_count=4434 570 323 256 247 96 151 102 185 3864 551 328 205 170
cat_boundaries=0 2 4
cat_threshold=2521448576 1 161755204 33
is_linear=0
shrinkage=0.04


Tree=290
num_leaves=15
num_cat=1
split_feature=9 12 19 26 2 26 3 7 8 8 18 0 18 3
split_gain=3.6167 4.31151 2.95988 5.37115 6.23544 5.88561 6.56233 4.97931 6.04125 6.75893 4.74616 8.27863 13.2271 9.33922
threshold=100.50000000000001 90.325000000000017 1962.5833392402187 1.0347176478319344 659.0834645000001 1.68410710823235 20.500000000000004 37.650217753321705 55.598572041984944 55.665887676496162 1539.3153451604151 0 1410.5784041323639 12.500000000000002
decision_type=8 10 8 10 2 10 2 10 10 10 10 9 8 2
left_child=1 2 10 4 -4 6 7 8 -5 -10 11 12 13 -1
right_child=-2 -3 3 5 -6 -7 -8 -9 9 -11 -12 -13 -14 -15
leaf_value=-0.0011953983992674467 0.039924117992957912 -0.024434169801267093 0.3179452625919717 0.34889992812724158 -0.39078078883861322 -0.36844071907400966 -0.036785506592146924 -0.058878827933730518 2.3973753691851449 0.11473603370756258 -0.01189730161657053 0.052283061327577589 0.45330339104973638 -0.39355369228823778
leaf_weight=315 36 37 35 65 48 38 42 39 35 55 2341 1057 78 213
leaf_count=315 36 37 35 65 48 38 42 39 35 55 2341 1057 78 213
internal_value=0.000180302 7.27107e-05 0.000192484 0.00366667 -0.00511628 0.00635379 0.00870293 0.0117766 0.0149367 0.0215054 -0.00011979 0.00151261 -0.00219709 -0.00451977
internal_weight=4434 4398 4361 357 83 274 236 194 155 90 4004 1663 606 528
internal_count=4434 4398 4361 357 83 274 236 194 155 90 4004 1663 606 528
cat_boundaries=0 2
cat_threshold=807354378 4
is_linear=0
shrinkage=0.04


Tree=291
num_leaves=15
num_cat=2
split_feature=9 12 6 1 8 7 20 7 0 3 3 7 26 0
split_gain=3.72503 4.19251 3.04725 9.18279 7.91242 6.95791 7.46519 8.02269 6.81319 6.73747 11.7269 18.0375 10.0828 14.2332
threshold=100.50000000000001 90.325000000000017 55.646745290000005 405.00000000000006 55.68517275067736 37.448938814063538 7.5000000000000009 37.668067090481635 0 5.5000000000000009 9.5000000000000018 37.816259500000008 1.1098554237278802 1
decision_type=8 10 2 2 10 10 2 10 9 2 2 10 10 9
left_child=1 2 -1 4 5 -4 -7 -8 -6 -10 11 -11 -12 -14
right_child=-2 -3 3 -5 8 6 7 -9 9 10 12 -13 13 -15
leaf_value=0.018876894569139501 0.038327153273239691 -0.023456803009216407 0.26254237234719996 -1.9174454249553829 0.066116135812242224 -0.55559343292769403 -0.038072477497113941 0.072786506786438929 0.14503005101835839 -0.051161265918390736 -0.045949406733466439 -1.3220588780419531 0.33487182065811111 -0.027134136613446894
leaf_weight=1604 36 37 41 46 524 272 239 286 214 292 252 55 230 306
leaf_count=1604 36 37 41 46 524 272 239 286 214 292 252 55 230 306
internal_value=0 -0.000109066 9.1659e-06 -0.000797101 -0.000486367 -0.00370987 -0.00455 -0.00174242 0.000959488 -0.000558003 -0.00179262 -0.00788571 0.00091024 0.00400742
internal_weight=4434 4398 4361 2757 2711 838 797 525 1873 1349 1135 347 788 536
internal_count=4434 4398 4361 2757 2711 838 797 525 1873 1349 1135 347 788 536
cat_boundaries=0 2 3
cat_threshold=5252364 20 117833792
is_linear=0
shrinkage=0.04


Tree=292
num_leaves=15
num_cat=0
split_feature=9 15 22 3 19 13 3 3 6 8 8 10 8 8
split_gain=3.63825 3.62478 10.9659 6.81007 14.7726 11.5619 7.2458 6.42975 4.51727 8.10852 9.96187 8.75473 8.65478 8.06035
threshold=100.50000000000001 15.829096707332193 239.08346452900003 12.500000000000002 1810.0934265948547 28.192886178861794 15.500000000000002 7.5000000000000009 55.553544570000007 55.53902276284807 55.614236166017264 38.500000000000007 55.616113262801377 55.618844918527238
decision_type=8 10 2 2 10 10 2 2 2 10 10 10 10 10
left_child=1 8 3 4 7 -6 -5 -3 -1 -10 11 -11 -12 -14
right_child=-2 2 -4 6 5 -7 -8 -9 9 10 12 -13 13 -15
leaf_value=0.4008858713304872 0.036794067142310025 -0.061725074285600957 0.28087214744381056 0.76420815154265431 0.43009043200165137 -0.90721628550208144 -0.010553184975539054 -1.0287752510355965 -1.3156726816275883 -0.0020420974549271191 -0.75817040184820994 1.6029548894727044 0.85030899072823429 0.0005256509764649664
leaf_weight=105 36 63 44 36 85 58 145 77 72 80 71 93 61 3408
leaf_count=105 36 63 44 36 85 58 145 77 72 80 71 93 61 3408
internal_value=0.000144242 3.63554e-05 -0.00313112 -0.00496788 -0.00881119 0.000273973 0.00108696 -0.0179021 0.000452094 0.000221753 0.000484392 0.00977273 2.25797e-05 0.00031106
internal_weight=4434 4398 508 464 283 143 181 140 3890 3785 3713 173 3540 3469
internal_count=4434 4398 508 464 283 143 181 140 3890 3785 3713 173 3540 3469
is_linear=0
shrinkage=0.04


Tree=293
num_leaves=15
num_cat=2
split_feature=9 22 10 0 26 23 7 20 5 25 7 0 19 18
split_gain=5.60047 3.75409 7.25254 8.73773 7.88991 6.92568 7.76078 7.39166 7.34209 6.85805 15.6477 5.87695 7.5813 12.1647
threshold=99.15000000000002 115.93281013400001 1.0000000180025095e-35 0 1.0629966281709653 153.04529662800002 37.737733221722046 7.5000000000000009 37.535435715000006 20.391603603252257 37.770355000000002 1 713.85425251313552 4373.5700799247561
decision_type=8 2 10 9 10 10 10 2 2 10 10 9 10 10
left_child=1 5 4 -4 -3 6 11 -7 -9 10 -8 12 13 -1
right_child=-2 2 3 -5 -6 7 9 8 -10 -11 -12 -13 -14 -15
leaf_value=-0.37611078682875476 0.035259092215680993 -0.14963325954341464 0.11885205821351917 0.00066050704369978062 0.0081608284198260612 -0.77835055350848281 0.33485440048331683 0.31964266799450569 -0.30017724421481246 1.8088598705991974 -0.49096293066162305 0.0041225449263659428 -0.013544475614141476 0.16114218642076858
leaf_weight=157 47 41 473 758 84 79 127 43 73 49 112 1677 652 62
leaf_count=157 47 41 473 758 84 79 127 43 73 49 112 1677 652 62
internal_value=0.000288483 0.000136674 0.00188374 0.0028201 -0.0071875 -0.000646012 -0.000140895 -0.00787879 -0.00134454 0.00604811 0.0031405 -0.000846727 -0.00348416 -0.00990991
internal_weight=4434 4387 1356 1231 125 3031 2836 195 116 288 239 2548 871 219
internal_count=4434 4387 1356 1231 125 3031 2836 195 116 288 239 2548 871 219
cat_boundaries=0 2 4
cat_threshold=700471061 96 27390736 34
is_linear=0
shrinkage=0.04


Tree=294
num_leaves=15
num_cat=1
split_feature=9 8 8 1 26 7 6 17 6 3 12 25 0 3
split_gain=5.67661 3.38904 3.77675 5.70803 8.75588 9.87585 5.19303 3.52649 3.97649 5.28663 10.1268 4.41558 13.13 12.8342
threshold=99.15000000000002 55.976437021859475 55.802496500000011 190.50000000000003 1.049138138465598 37.398450682281542 55.801236590000009 76.500000000000014 55.744863885000008 9.5000000000000018 2.9750000000000005 12.154235971099789 0 10.500000000000002
decision_type=8 10 10 2 10 10 2 10 2 2 10 10 9 2
left_child=1 2 6 4 -4 -6 7 8 11 -10 -11 12 13 -1
right_child=-2 -3 3 -5 5 -7 -8 -9 9 10 -12 -13 -14 -15
leaf_value=0.056462964148255565 0.033848728527053708 0.053595530507216722 0.29000685466791681 -1.036130560042368 -0.51440001318673023 0.0013586759980763574 0.75868420657756874 -0.083920730648939929 -0.91492784232006497 -0.41006199652764108 0.42185174865097658 -0.0043601494013228151 0.20122598520944793 -0.2616718143419669
leaf_weight=294 47 47 50 42 52 98 65 103 42 41 36 2792 414 311
leaf_count=294 47 47 50 42 52 98 65 103 42 41 36 2792 414 311
internal_value=0.000198332 4.55581e-05 -7.36818e-05 -0.00489796 -0.00197044 -0.00679739 0.000214582 2.97324e-05 0.000223748 -0.00688525 -0.0005 0.00045097 0.00270059 -0.00110032
internal_weight=4434 4387 4340 242 200 150 4098 4033 3930 119 77 3811 1019 605
internal_count=4434 4387 4340 242 200 150 4098 4033 3930 119 77 3811 1019 605
cat_boundaries=0 2
cat_threshold=3843572489 5
is_linear=0
shrinkage=0.04


Tree=295
num_leaves=15
num_cat=2
split_feature=9 22 0 23 25 8 0 20 14 19 25 24 22 5
split_gain=5.6461 3.73594 5.98351 5.90435 5.31796 18.4452 7.9301 10.6922 16.0106 9.91219 11.5114 8.53784 8.27011 5.70131
threshold=99.15000000000002 115.93281013400001 0 540.91653547100009 12.154235971099789 55.633265100299475 1 7.5000000000000009 14.647442455242969 922.87222534496914 23.927416323949632 2364.869226446332 57.02162602100001 37.43434349000001
decision_type=8 2 9 10 10 10 9 2 10 8 10 10 2 2
left_child=1 3 -3 4 5 -1 7 8 9 10 12 -8 -6 -9
right_child=-2 2 -4 -5 6 -7 11 13 -10 -11 -12 -13 -14 -15
leaf_value=1.2384879777909594 0.032494779385971811 0.093245977572684643 -0.003021470771615427 -0.70421567469430268 -0.17444653151843731 0.00074412977067468352 -0.54198020885726184 -0.35205802108194517 -0.61745659924560392 0.51130333562103492 0.23325493651125923 0.021274392887317823 -1.1409105375123796 0.001519293993352271
leaf_weight=62 47 467 889 65 44 318 89 35 196 70 47 1340 53 712
leaf_count=62 47 467 889 65 44 318 89 35 196 70 47 1340 53 712
internal_value=0.000234393 8.20046e-05 0.00182487 -0.000698748 -0.000431122 0.00396867 -0.0010815 -0.00352137 -0.00871671 -0.00110599 -0.00707483 0.000915395 -0.0148 -0.000693333
internal_weight=4434 4387 1356 3031 2966 380 2586 1157 410 214 144 1429 97 747
internal_count=4434 4387 1356 3031 2966 380 2586 1157 410 214 144 1429 97 747
cat_boundaries=0 2 4
cat_threshold=3099628308 96 411398770 74
is_linear=0
shrinkage=0.04


Tree=296
num_leaves=15
num_cat=0
split_feature=13 7 13 24 13 3 1 18 8 21 1 10 13 17
split_gain=5.04339 6.14731 9.89047 6.97188 5.30741 5.00616 8.81505 7.3412 6.74542 6.95775 6.73446 9.12897 6.83408 6.31589
threshold=31.631376518218623 37.4327266957118 95.000000000000014 4306.3641330273249 26.473333333333336 20.500000000000004 66.500000000000014 4624.9935482237161 55.664566875651865 4.5000000000000009 10.500000000000002 250.50000000000003 17.470893719806767 34.500000000000007
decision_type=8 8 10 8 10 2 2 10 10 2 2 10 10 10
left_child=4 2 -2 -3 5 7 8 -1 -7 -10 -9 12 -12 -8
right_child=1 3 -4 -5 -6 6 13 10 9 -11 11 -13 -14 -15
leaf_value=0.00169100486050688 0.086402588769118813 0.031008187049437374 -0.0378510844319098 -0.40803447203963317 -0.1648658072294053 0.32309381107285079 -1.2096469312441716 -0.0059122180482161467 2.6922032673155628e-05 -0.20784802031288518 1.6692733634838175 -0.13045883661833846 0.47386644912331022 -0.26925741665686148
leaf_weight=3425 119 53 39 35 170 74 37 84 104 35 90 53 62 54
leaf_count=3425 119 53 39 35 170 74 37 84 104 35 90 53 62 54
internal_value=0.000252423 0.00578313 0.0104348 -0.00263736 -7.63541e-05 0.000218851 -0.00469055 0.000624159 -0.000185185 -0.00535211 0.00671233 0.0105769 0.0154839 -0.0148936
internal_weight=4434 246 158 88 4188 4018 304 3714 213 139 289 205 152 91
internal_count=4434 246 158 88 4188 4018 304 3714 213 139 289 205 152 91
is_linear=0
shrinkage=0.04


Tree=297
num_leaves=15
num_cat=1
split_feature=13 1 0 26 26 11 6 11 25 13 3 1 17 19
split_gain=6.87741 6.41518 4.89494 5.39542 8.42818 5.34432 4.97298 4.81645 6.57812 4.28109 4.45423 9.80101 8.91475 5.88044
threshold=31.631376518218623 119.50000000000001 0 1.0771008145535317 1.572191972752836 12.114214000000002 55.688052700000007 1.2718600000000002 16.126705431982661 29.348509485094855 20.500000000000004 -9.4999999999999982 37.500000000000007 1982.1618400731663
decision_type=8 2 9 10 10 10 2 10 10 10 2 2 10 10
left_child=2 -2 3 6 5 -5 -1 8 -4 10 13 -12 -13 -9
right_child=1 -3 7 4 -6 -7 -8 9 -10 -11 11 12 -14 -15
leaf_value=-0.0029682521351710855 0.033770103476236102 -1.2592830092645506 -0.93686155029243667 0.26559107736643511 -0.14775565022130313 -0.037288932624696826 -0.78620902855137442 0.0068844386027664944 0.095148372259827113 -0.66038400993567048 0.21569962991170541 -0.16441541027208925 0.010343941464115587 0.39422476366236825
leaf_weight=37 204 42 42 117 90 45 58 3260 37 48 60 128 112 154
leaf_count=37 204 42 42 117 90 45 58 3260 37 48 60 128 112 154
internal_value=0.000288483 0.00674699 -9.54426e-05 -0.00455556 -0.00156863 0.00387879 -0.0126531 0.000321744 -0.00926829 0.000531208 0.000688727 -0.0039604 -0.00757202 0.00110038
internal_weight=4434 246 4188 347 252 162 95 3841 79 3762 3714 300 240 3414
internal_count=4434 246 4188 347 252 162 95 3841 79 3762 3714 300 240 3414
cat_boundaries=0 2
cat_threshold=458786 8
is_linear=0
shrinkage=0.04


Tree=298
num_leaves=15
num_cat=1
split_feature=13 7 14 23 24 0 16 5 24 5 3 12 26 8
split_gain=5.95739 5.82877 6.42061 5.45995 4.50655 4.30606 4.90012 5.71704 5.95511 7.98694 4.48822 4.64394 4.19171 7.53005
threshold=31.631376518218623 37.430224550176895 86.545220588235296 73.694479510500017 4337.6099299124053 0 0.14213564213564214 37.373414985000004 2095.1242682471934 37.459568125000011 10.500000000000002 14.877500000000001 1.4538829711679992 55.671170690112604
decision_type=8 8 8 10 10 9 10 2 10 2 2 10 10 10
left_child=5 2 3 -2 -3 6 -1 -8 -9 -10 11 -11 13 -12
right_child=1 4 -4 -5 -6 -7 7 8 9 10 12 -13 -14 -15
leaf_value=-0.18982155203643444 0.099375619020285202 0.028417055428410443 4.8237147480917899e-05 0.05268882968298063 -0.17351975959271762 0.005171330415803652 -0.25635730940697093 0.24088673616398801 0.37819560118573126 0.57276786059237594 0.23383142993228659 -0.46535249439122711 -0.24942183518843647 -0.31785136867254055
leaf_weight=65 48 55 57 44 42 3724 46 48 67 36 53 35 70 44
leaf_count=65 48 55 57 44 42 3724 46 48 67 36 53 35 70 44
internal_value=0.000414695 0.0064257 0.0113158 0.0176842 -0.0012 5.72656e-05 -0.00352201 -0.00189055 -0.00011236 -0.00220779 -0.00564315 0.0027027 -0.00917647 -0.0036
internal_weight=4434 246 149 92 97 4188 464 399 353 305 238 71 167 97
internal_count=4434 246 149 92 97 4188 464 399 353 305 238 71 167 97
cat_boundaries=0 2
cat_threshold=462898 8
is_linear=0
shrinkage=0.04


Tree=299
num_leaves=15
num_cat=0
split_feature=13 1 13 6 24 13 9 26 26 3 8 26 11 1
split_gain=5.37146 5.84525 4.15359 6.69841 4.33339 3.97392 5.26826 3.71687 4.65023 3.19086 5.04844 3.478 4.43308 6.14655
threshold=31.631376518218623 119.50000000000001 26.473333333333336 55.616008930000007 4454.3398878226935 95.000000000000014 1.8500000000000003 1.0843515637481884 1.2022260978757144 2.5000000000000004 55.685310854836708 3.8768636749268039 7.9433180000000005 19.500000000000004
decision_type=8 2 10 2 10 10 8 10 10 2 10 10 10 2
left_child=2 5 9 -4 -5 6 -2 -8 -9 10 -1 -11 -13 -14
right_child=1 -3 3 4 -6 -7 7 8 -10 11 -12 12 13 -15
leaf_value=-0.26580560528045666 -0.011483426753032403 -1.2099664302305775 0.23317163196660085 -0.89942619268359991 -0.033973138071418919 -0.030627154017873602 0.018811883093228544 0.41234871056889061 0.046684721766321637 0.010830773764065641 0.05891909793805461 -0.071968077978972367 0.30505976392973977 -0.17296496956471658
leaf_weight=64 36 42 50 72 48 35 41 43 49 3682 35 141 41 55
leaf_count=64 36 42 50 72 48 35 41 43 49 3682 35 141 41 55
internal_value=0.000396664 0.00610442 5.72656e-05 -0.00601156 -0.0110569 0.00888889 0.0113953 0.015 0.0193684 0.000318329 -0.00666667 0.000499745 -0.00416667 0.00242424
internal_weight=4434 246 4188 170 120 204 169 133 92 4018 99 3919 237 96
internal_count=4434 246 4188 170 120 204 169 133 92 4018 99 3919 237 96
is_linear=0
shrinkage=0.04


Tree=300
num_leaves=15
num_cat=1
split_feature=26 23 9 13 20 11 0 12 13 13 18 11 10 10
split_gain=3.81522 4.19513 3.88015 4.63357 5.66539 4.17319 4.34389 6.64481 7.00253 8.3082 5.38279 5.15776 10.4477 8.20562
threshold=5.6037230095584176 15.906804611500002 47.70000000000001 95.000000000000014 6.5000000000000009 74.443140000000014 0 25.507142857142863 16.672478991596641 22.784615384615389 2521.5998794186871 3.8354865000000005 95.500000000000014 225.50000000000003
decision_type=10 10 8 10 2 10 9 8 10 10 10 10 10 10
left_child=2 -2 5 4 -4 6 7 8 11 -10 -9 12 -1 -13
right_child=1 -3 3 -5 -6 -7 -8 10 9 -11 -12 13 -14 -15
leaf_value=0.10489102378316602 0.05276432803436109 -0.13873856512650207 0.11376096698584981 -0.058042959332016579 0.015250970804214461 0.13686298657797599 0.0066818737300326347 -0.0016948647421578757 0.32673703850418195 -0.10234355381681827 -0.59441728570951968 -0.053002662647754731 -0.49581298395262763 0.22543873282761021
leaf_weight=37 35 96 80 38 65 42 3383 35 116 44 47 271 63 82
leaf_count=37 35 96 80 38 65 42 3383 35 116 44 47 271 63 82
internal_value=0.000378634 -0.00626866 0.00058523 0.00623656 0.00945946 0.000329857 0.00019603 -0.00265537 -0.00123377 0.00588957 -0.0131765 -0.00377193 -0.0116505 -0.00146067
internal_weight=4434 131 4303 183 145 4120 4078 695 613 160 82 453 100 353
internal_count=4434 131 4303 183 145 4120 4078 695 613 160 82 453 100 353
cat_boundaries=0 2
cat_threshold=19337266 64
is_linear=0
shrinkage=0.04


Tree=301
num_leaves=15
num_cat=1
split_feature=26 3 3 0 1 26 26 5 1 11 25 26 17 17
split_gain=3.19168 5.86452 4.84202 3.66455 11.9895 9.28763 7.80874 11.5346 8.19033 6.9927 6.93079 6.85866 9.54121 6.53046
threshold=3.8768636749268039 17.500000000000004 14.500000000000002 0 22.500000000000004 1.059853779588438 1.3203287331048903 37.459568125000011 253.50000000000003 13.602232000000003 11.822279785143119 1.028981141172016 45.500000000000007 47.500000000000007
decision_type=10 2 2 9 2 10 10 2 2 10 10 10 10 10
left_child=3 2 -2 4 -1 11 7 8 -7 10 -8 12 -6 -9
right_child=1 -3 -4 -5 5 6 9 13 -10 -11 -12 -13 -14 -15
leaf_value=0.074865327131102152 -0.017129869768307344 0.162778786063041 -0.47168957706431458 -0.001984075460376526 0.54171579683195437 -0.91105089460397293 -0.73753163070871031 -0.15225358261108227 0.0039601617831397104 0.44114249176118675 0.024575165586364349 0.75735639065111116 -0.63432321971316574 1.0095281781869532
leaf_weight=447 163 36 51 2978 49 114 61 75 37 56 192 88 46 41
leaf_count=447 163 36 51 2978 49 114 61 75 37 56 192 88 46 41
internal_value=0.000252423 -0.00411067 -0.00663594 0.000515882 0.00236259 -0.000682415 -0.00317789 -0.00814815 -0.0153247 0.00115385 -0.00171875 0.00709677 -0.000408163 0.00134454
internal_weight=4434 250 214 4184 1206 759 576 267 151 309 253 183 95 116
internal_count=4434 250 214 4184 1206 759 576 267 151 309 253 183 95 116
cat_boundaries=0 2
cat_threshold=1281360268 14
is_linear=0
shrinkage=0.04


Tree=302
num_leaves=15
num_cat=2
split_feature=0 1 20 25 10 3 0 25 10 11 6 5 26 1
split_gain=2.9453 6.94459 5.02487 10.9615 10.3135 8.62973 13.7989 9.63529 13.1317 9.71384 8.81545 8.70734 10.4746 8.35164
threshold=0 282.50000000000006 3.5000000000000004 6.1257195380059164 43.500000000000007 11.500000000000002 1 13.413537807571037 66.500000000000014 10.765768000000003 55.67814678500001 37.485234555000005 1.7638753695707765 64.500000000000014
decision_type=9 2 2 10 10 2 9 10 10 10 2 2 10 2
left_child=1 -1 4 -4 -2 6 10 8 -7 -10 13 -12 -13 -5
right_child=2 -3 3 5 -6 7 -8 -9 9 -11 11 12 -14 -15
leaf_value=-0.0029528369480499349 -1.1945408486406741 -1.4390127496476475 0.42881761499903748 0.67950735229404902 0.0027060851940595397 0.32908569748460964 -0.12926620512448 0.063948488051949748 -0.90143195344746319 0.042351908268135501 0.06309645444904674 -1.1218525121566081 0.11679399827726578 0.023199129001195758
leaf_weight=1595 61 65 126 58 192 66 665 998 120 75 273 48 47 45
leaf_count=1595 61 65 126 58 192 66 665 998 120 75 273 48 47 45
internal_value=0.000324544 -0.00100418 0.00111948 0.00166403 -0.00421875 0.00105088 -0.00147498 0.00332805 -0.00348485 -0.00868687 0.00371901 0.000862534 -0.00938776 0.0139623
internal_weight=4434 1660 2774 2521 253 2395 1136 1259 261 195 471 368 95 103
internal_count=4434 1660 2774 2521 253 2395 1136 1259 261 195 471 368 95 103
cat_boundaries=0 2 4
cat_threshold=295670322 88 1610613005 38
is_linear=0
shrinkage=0.04


Tree=303
num_leaves=15
num_cat=2
split_feature=0 3 5 13 22 10 0 11 15 15 17 22 17 1
split_gain=3.01129 4.88948 10.6242 13.6963 9.96275 7.11068 6.82661 8.11452 6.93376 8.36124 6.96272 6.39609 6.14051 6.14124
threshold=0 10.500000000000002 37.694099260000009 9.7271578947368447 88.913118408000017 313.50000000000006 1 11.034242000000001 13.885690857688589 8.401233593927854 23.500000000000004 86.518002532000011 25.500000000000004 40.500000000000007
decision_type=9 2 2 8 2 10 9 10 10 10 10 2 10 2
left_child=1 2 5 4 -4 -1 -3 8 9 10 -8 -9 -11 -14
right_child=-2 6 3 -5 -6 -7 7 11 -10 12 -12 -13 13 -15
leaf_value=0.0029977463220268417 0.01180913463985803 0.0038333314071350702 -0.89779926735987392 0.48491042381250199 0.070066209247351033 -0.58275924212509633 -0.028005968027208041 -0.582464450281729 -0.57825541809537195 -0.14241481143833695 -0.34678315635898094 -0.022182573235859024 0.25750258344519744 -0.094359560404166709
leaf_weight=473 2519 659 37 153 52 58 51 66 45 46 44 44 149 38
leaf_count=473 2519 659 37 153 52 58 51 66 45 46 44 44 149 38
internal_value=0.000342574 -0.000850622 0.00159794 0.0084898 -0.00391304 -0.00157303 -0.00251528 -0.00604839 -0.00329787 -0.00120846 -0.0110204 -0.0155752 0.00288136 0.00610526
internal_weight=4434 1915 773 242 89 531 1142 483 373 328 95 110 233 187
internal_count=4434 1915 773 242 89 531 1142 483 373 328 95 110 233 187
cat_boundaries=0 2 4
cat_threshold=295424562 120 268648960 112
is_linear=0
shrinkage=0.04


Tree=304
num_leaves=15
num_cat=0
split_feature=18 3 10 10 3 3 2 17 25 3 3 8 8 23
split_gain=3.04088 7.46053 6.81211 8.70206 15.1741 6.84825 5.62322 5.61833 14.7433 12.847 9.27107 5.43651 10.4257 8.74454
threshold=4624.9935482237161 6.5000000000000009 271.50000000000006 39.500000000000007 9.5000000000000018 17.500000000000004 715.93281000000013 58.500000000000007 17.338586874748966 10.500000000000002 14.500000000000002 55.614236166017264 55.616113262801377 4.0671898660000005
decision_type=10 2 10 10 2 2 2 10 10 2 2 8 8 10
left_child=7 -2 3 -3 -5 -4 -6 11 9 -9 -10 13 -13 -1
right_child=1 2 5 4 6 -7 -8 8 10 -11 -12 12 -14 -15
leaf_value=-0.072759296327758211 0.39273916980196105 -0.015662057045244739 0.009141593090909771 -0.12281881504437862 0.35141385502875949 -0.37085089745639976 0.040151621112412529 2.5074570958046274 -0.88791438074620999 -0.027186007988890284 0.009722558377904136 -0.74623493571591726 0.005096130982796581 0.58160386095864436
leaf_weight=92 94 200 56 46 133 45 51 62 121 135 41 69 3141 148
leaf_count=92 94 200 56 46 133 45 51 62 121 135 41 69 3141 148
internal_value=0.000414695 0.00299363 0.0011236 0.00332564 0.00858369 -0.00807692 0.0136898 -1.04932e-05 -0.00475138 0.0026 -0.0135758 0.000486533 4.97977e-05 0.00625514
internal_weight=4434 625 531 430 230 101 184 3809 359 197 162 3450 3210 240
internal_count=4434 625 531 430 230 101 184 3809 359 197 162 3450 3210 240
is_linear=0
shrinkage=0.04


Tree=305
num_leaves=15
num_cat=0
split_feature=1 3 3 19 10 16 10 3 5 19 7 26 25 10
split_gain=2.89295 3.09081 13.408 16.2243 10.7598 8.20469 9.70672 7.10927 17.2829 10.7458 8.36372 5.99341 5.50469 10.9645
threshold=437.50000000000006 17.500000000000004 18.500000000000004 778.29149171858387 263.50000000000006 0.4156504065040651 42.500000000000007 16.500000000000004 37.485234555000005 1058.2875039291469 37.423612500000004 1.7774506326438753 8.9397691088207569 52.500000000000007
decision_type=2 2 2 8 10 10 10 2 2 8 10 10 10 8
left_child=1 7 3 -3 5 6 -4 -1 10 -10 -9 -8 -7 -14
right_child=-2 2 4 -5 -6 12 11 8 9 -11 -12 -13 13 -15
leaf_value=0.005938114455976376 -0.20331749929365286 2.8589629567764523 -0.15479412766651307 0.058183760043861311 -0.14182460077607048 0.12345384428939675 0.071198752685390082 -0.028138338098216309 -0.39247418612376406 -2.4497069612126188 1.1052567406340064 1.6747145511303421 0.0018121746396644769 -1.9619319829206125
leaf_weight=3377 43 56 67 98 109 55 194 59 86 46 36 37 117 54
leaf_count=3377 43 56 67 98 109 55 194 59 86 46 36 37 117 54
internal_value=0.000414695 0.000518889 0.00278481 0.0132484 0.000188679 0.00258065 0.0069103 2.21791e-05 -0.00678261 -0.016 0.00612245 0.0107692 -0.0031441 -0.00666667
internal_weight=4434 4391 787 154 633 524 298 3604 227 132 95 231 226 171
internal_count=4434 4391 787 154 633 524 298 3604 227 132 95 231 226 171
is_linear=0
shrinkage=0.04


Tree=306
num_leaves=15
num_cat=1
split_feature=0 10 10 15 11 7 25 7 12 11 16 25 9 15
split_gain=3.43082 6.48234 4.86366 7.16683 6.51057 6.98464 8.35969 7.33158 5.81049 6.31032 5.26099 4.83285 4.1594 2.97512
threshold=0 314.50000000000006 98.500000000000014 19.686131438819981 15.943318000000001 37.448305367017042 12.5332152805858 37.715606232640944 23.823333333333334 4.4260780000000013 0.31866537717601556 14.780101567434365 4.7500000000000009 14.587829593133767
decision_type=9 10 10 10 10 10 10 10 10 10 10 10 10 10
left_child=1 2 4 8 5 -1 -7 -8 9 -4 -9 -11 -13 -2
right_child=13 -3 3 -5 -6 6 7 10 -10 11 -12 12 -14 -15
leaf_value=0.21416251346844981 0.015189426925588095 0.20979537161371511 -0.47469711136667886 0.13553979551660292 -0.1784361647353169 0.42283673055657361 -1.0549607432779544 0.78712724928751643 -0.94037406274883406 -0.33338696068136925 -0.067073157287489804 0.52891252017877355 -0.049649702526659352 -0.020643873644517793
leaf_weight=44 3236 44 67 41 36 53 39 35 41 63 35 40 51 609
leaf_count=44 3236 44 67 41 36 53 39 35 41 63 35 40 51 609
internal_value=0.000486815 -0.00232558 -0.00357664 -0.0069281 0.000653061 0.00344498 -0.000484848 -0.00678571 -0.00935849 -0.00660714 0.00109589 -0.00203822 0.00382979 0.000922758
internal_weight=4434 589 545 303 242 206 162 109 262 221 70 154 91 3845
internal_count=4434 589 545 303 242 206 162 109 262 221 70 154 91 3845
cat_boundaries=0 2
cat_threshold=17235970 64
is_linear=0
shrinkage=0.04


Tree=307
num_leaves=15
num_cat=0
split_feature=23 23 1 1 23 11 13 11 3 21 19 5 24 8
split_gain=2.89479 5.57393 3.05176 11.2499 7.13012 12.0135 12.1406 9.92484 5.79044 5.71928 5.04607 5.14922 5.71547 5.10512
threshold=7411.4166675790011 4226.4272594590011 215.50000000000003 253.50000000000003 76.801017314000021 8.1142140000000023 11.702173913043479 7.1185900000000011 11.500000000000002 3.5000000000000004 1962.5833392402187 37.621718180000009 3121.8768174188667 55.593519000000008
decision_type=10 10 2 2 10 10 10 10 2 2 10 2 10 10
left_child=1 2 10 -4 5 8 -7 -6 -5 -10 -1 12 -12 -14
right_child=-2 -3 3 4 7 6 -8 -9 9 -11 11 -13 13 -15
leaf_value=0.0052007053233235467 -0.34913278372165724 0.58084839241540609 -0.68020481457976756 0.0082265702872590298 -1.6612967701608876 0.13165663998842092 -1.0946360631791801 0.054105004787489509 0.23830435857742543 1.1762993699640367 1.4521352148947793 -0.051677867272423836 -0.30535514385002793 0.094374058590909166
leaf_weight=3549 36 50 122 42 53 39 71 66 57 42 49 91 60 107
leaf_count=3549 36 50 122 42 53 39 71 66 57 42 49 91 60 107
internal_value=0.000594997 0.000690752 0.000533211 -0.00242424 0.00107239 0.00488189 -0.00495575 -0.00688525 0.0125 0.0176471 0.000912153 0.00580645 0.00913242 0.00541176
internal_weight=4434 4398 4348 492 370 251 110 119 141 99 3856 307 216 167
internal_count=4434 4398 4348 492 370 251 110 119 141 99 3856 307 216 167
is_linear=0
shrinkage=0.04


Tree=308
num_leaves=15
num_cat=0
split_feature=1 5 10 7 7 5 1 25 24 14 15 24 25 6
split_gain=3.04056 4.07167 4.17202 3.38879 8.35567 6.7335 9.62904 7.67969 9.70722 7.59129 5.43855 5.2887 8.88249 11.7332
threshold=437.50000000000006 37.858166705000009 90.500000000000014 37.70744360366453 37.715606232640944 37.694099260000009 25.500000000000004 15.995380849170104 1759.5639096510206 12.455995934959352 12.341990136538877 2256.8572190212949 18.883697510217043 55.658633080000008
decision_type=2 2 10 10 10 2 2 10 10 10 10 10 10 2
left_child=1 3 -3 5 10 -1 7 8 -7 -8 -5 -6 13 -13
right_child=-2 2 -4 4 11 6 9 -9 -10 -11 -12 12 -14 -15
leaf_value=0.0065510265072728658 -0.19795657659043173 -0.020232535131689246 0.56434900583751801 -1.0614733647805681 0.072046112295070089 -0.22343148794852333 0.17249201030598044 -0.28359179794035955 0.38756813089753311 1.780274659277044 -0.0080442736989536461 0.036579481079683521 0.27207419848189984 -0.46132313267580233
leaf_weight=3112 43 36 62 53 245 40 62 58 59 50 49 227 114 224
leaf_count=3112 43 36 62 53 245 40 62 58 59 50 49 227 114 224
internal_value=0.000667117 0.000773782 0.00871287 0.000586592 -0.00157377 0.00117021 0.00720588 0.00075 0.00745098 0.016 -0.0121905 -0.000196802 -0.00232394 -0.00484581
internal_weight=4434 4391 98 4293 912 3381 269 157 99 112 102 810 565 451
internal_count=4434 4391 98 4293 912 3381 269 157 99 112 102 810 565 451
is_linear=0
shrinkage=0.04


Tree=309
num_leaves=15
num_cat=3
split_feature=0 11 11 9 10 0 11 19 12 19 2 10 14 0
split_gain=2.91671 8.37457 7.94277 5.82348 8.27509 9.99988 7.70912 6.7353 7.2294 6.72571 6.19599 6.16859 12.064 9.80314
threshold=0 1.3285570000000002 1.1650740000000002 15.050000000000002 181.50000000000003 1 3.1185900000000006 217.59192951213001 12.694444444444446 1503.1705172948991 657.02162550000014 244.50000000000003 7.1369565217391324 2
decision_type=9 10 8 10 10 9 10 8 10 8 2 10 8 9
left_child=1 -1 -2 4 5 7 -6 -3 -9 10 -7 12 -8 -13
right_child=2 3 -4 -5 6 9 11 8 -10 -11 -12 13 -14 -15
leaf_value=0.47458419339465613 -0.21341695287209547 0.005981623354292225 0.019429392691499962 -0.05468437644231422 -0.31199170008157417 0.037517826911727142 -0.3795541934799988 -0.40357892357051961 -0.011135535004100614 0.37830027259314342 -0.13846993852879286 -0.28915069128409671 0.66509350843500559 0.23263891926727071
leaf_weight=48 50 65 2218 823 84 247 60 104 54 52 208 100 162 159
leaf_count=48 50 65 2218 823 84 247 60 104 54 52 208 100 162 159
internal_value=0.000721208 -0.000330427 0.00171854 -0.000716643 0.000955316 -0.00185539 0.00457746 -0.00864407 -0.0134161 0.00130769 -0.000262009 0.00652893 0.0113778 0.00229008
internal_weight=4434 2166 2268 2118 1295 730 565 223 158 507 455 481 222 259
internal_count=4434 2166 2268 2118 1295 730 565 223 158 507 455 481 222 259
cat_boundaries=0 2 4 6
cat_threshold=2433699882 115 659498 1 285753344 96
is_linear=0
shrinkage=0.04


Tree=310
num_leaves=15
num_cat=2
split_feature=0 11 8 11 17 12 3 1 7 24 10 1 0 7
split_gain=3.41314 5.92639 5.52853 5.64825 4.44105 6.24838 4.27141 8.11751 10.2212 5.73997 4.47675 11.0582 9.89176 7.49194
threshold=0 32.004846000000008 55.976437021859475 1.1650740000000002 48.500000000000007 17.447222222222226 20.500000000000004 -7.4999999999999991 37.448938814063538 4050.5766141042709 62.500000000000007 -92.499999999999986 1 37.451894818804824
decision_type=9 8 10 8 10 10 2 2 10 10 8 2 9 8
left_child=1 4 3 -2 -1 -6 10 -8 -9 -10 11 -5 -13 -12
right_child=2 -3 -4 6 5 -7 7 8 9 -11 13 12 -14 -15
leaf_value=0.0058126302583887939 -0.20410603402658267 -0.24425130353299185 0.063697383653987014 0.27039221025902749 -0.11351735531340061 0.073209119273952905 0.15914356996322496 0.0186790130134824 -0.088254843514331494 -0.62783441888187075 -0.070513828941843576 0.20466660746200163 -0.011677448377532259 0.028374068483835908
leaf_weight=1287 54 58 36 58 105 56 35 98 66 53 565 270 377 1316
leaf_count=1287 54 58 36 58 105 56 35 98 66 53 565 270 377 1316
internal_value=0.000649087 -0.000895326 0.00144169 0.00124352 -0.000385941 -0.00658537 0.00149243 -0.00345098 -0.00636364 -0.0140984 0.0019776 0.00468927 0.00313846 0.000955414
internal_weight=4434 1506 2928 2892 1448 161 2838 252 217 119 2586 705 647 1881
internal_count=4434 1506 2928 2892 1448 161 2838 252 217 119 2586 705 647 1881
cat_boundaries=0 2 4
cat_threshold=2148483082 114 1375745284 5
is_linear=0
shrinkage=0.04


Tree=311
num_leaves=15
num_cat=0
split_feature=1 5 3 18 1 18 7 6 13 1 3 26 6 6
split_gain=3.01926 3.65896 8.02832 9.59045 6.8605 6.64352 3.76526 5.66323 12.227 10.8837 8.95306 8.45562 7.34196 5.97645
threshold=437.50000000000006 37.81759447000001 17.500000000000004 1523.717934919749 -92.499999999999986 2254.6965400468684 37.707137462107291 55.661758930000012 14.679622641509436 -60.499999999999993 10.500000000000002 1.7638753695707765 55.646971425000011 55.683746430000006
decision_type=2 2 2 10 2 10 10 2 8 2 2 10 2 2
left_child=1 6 3 4 -3 -5 -1 8 9 -8 -10 13 -12 -9
right_child=-2 2 -4 5 -6 -7 7 11 10 -11 12 -13 -14 -15
leaf_value=0.010780433068444992 -0.19268618028414267 -0.024110620539403271 0.58897070816641417 -0.6264512831369714 0.65773220592647497 0.23148805192372124 0.88833860166685552 -1.0143817890986151 0.77063819803921929 -0.11058908235017846 0.40229466070366471 0.029189593733206304 -0.093956721457032585 -0.38690380814210357
leaf_weight=3364 43 37 41 68 68 47 69 83 57 306 43 63 43 102
leaf_count=3364 43 37 41 68 68 47 69 83 57 306 43 63 43 102
internal_value=0.000631057 0.000737369 0.00530303 0.00215247 0.0107407 -0.00576271 0.000445197 -0.00208062 0.000307102 -0.00349206 0.010137 -0.00701195 0.00179775 -0.0112766
internal_weight=4434 4391 261 220 105 115 4130 766 518 375 143 248 86 185
internal_count=4434 4391 261 220 105 115 4130 766 518 375 143 248 86 185
is_linear=0
shrinkage=0.04


Tree=312
num_leaves=15
num_cat=4
split_feature=20 8 18 0 3 0 10 15 6 1 1 0 0 1
split_gain=3.14666 7.57817 7.94649 7.00455 7.22423 6.37559 6.38574 6.19901 6.16081 5.94768 5.56924 11.3348 10.1232 8.44853
threshold=7.5000000000000009 55.576096230814606 4013.9635355868418 0 15.500000000000002 1 54.500000000000007 19.686131438819981 55.735930520000004 153.50000000000003 1.5000000000000002 2 3 274.00000000000006
decision_type=2 8 10 9 2 9 10 8 2 2 2 9 9 2
left_child=1 2 -1 7 -5 6 -6 8 -3 -10 12 -12 -2 -13
right_child=10 3 -4 4 5 -7 -8 -9 9 -11 11 13 -14 -15
leaf_value=-2.1816975769567706 0.25881313995054206 0.063999562774745375 -0.073990523213299186 0.0036947124000118949 -1.0078340691125187 -0.0044764331296554064 -0.18523585266510142 0.26872947998259067 0.012307740606347579 -1.0276875825670408 0.04683040436247865 -0.094186760434490605 0.0071683977996307635 0.27535758970198343
leaf_weight=43 248 336 53 1293 51 220 152 43 67 38 709 536 592 53
leaf_count=43 248 336 53 1293 51 220 152 43 67 38 709 536 592 53
internal_value=0.000540906 -0.000487168 -0.0113131 0 -0.00120301 -0.0057277 -0.0105556 0.00418511 0.00279279 -0.00555556 0.00164409 0 0.00417556 -0.00405316
internal_weight=4434 2296 96 2200 1716 423 203 484 441 105 2138 1298 840 589
internal_count=4434 2296 96 2200 1716 423 203 484 441 105 2138 1298 840 589
cat_boundaries=0 1 3 5 6
cat_threshold=1222674336 2182639621 33 907367041 101 1560323208
is_linear=0
shrinkage=0.04


Tree=313
num_leaves=15
num_cat=1
split_feature=17 0 23 20 3 10 15 9 2 26 17 6 15 7
split_gain=3.35269 3.23947 6.96395 6.21811 7.59973 6.22475 6.09312 7.21007 7.60589 8.07515 10.3232 10.0523 8.14765 10.9172
threshold=5.5000000000000009 0 12660.916535471002 3.5000000000000004 9.5000000000000018 51.500000000000007 14.136669023273237 32.250000000000007 816.71854900000005 1.0874355643124334 31.500000000000004 55.73777608000001 8.8432651761352545 37.471955782082851
decision_type=8 9 8 2 2 10 10 10 2 10 10 2 10 10
left_child=-1 2 3 4 -2 -6 7 8 9 10 -5 12 -11 -14
right_child=1 -3 -4 6 5 -7 -8 -9 -10 11 -12 -13 13 -15
leaf_value=-0.045625557273010306 0.049364927111557655 -0.0016603397824587773 1.0024567035936434 0.020052144477566831 -1.2400473371519343 -0.065869990460620892 -0.024895770324481037 0.37922223178503817 -0.77632199226822995 0.02439038415093819 0.75884328873109697 0.35174664353753315 -0.3200099634882328 0.14921702452757871
leaf_weight=44 52 2875 39 139 37 56 325 77 36 207 78 241 165 63
leaf_count=44 52 2875 39 139 37 56 325 77 36 207 78 241 165 63
internal_value=0.000414695 0.000528113 0.00201571 0.00156863 -0.00621622 -0.0129167 0.00242879 0.00396432 0.00296137 0.00370536 0.0103636 0.00153166 -0.00210046 -0.00727273
internal_weight=4434 4390 1515 1476 145 93 1331 1006 929 893 217 676 435 228
internal_count=4434 4390 1515 1476 145 93 1331 1006 929 893 217 676 435 228
cat_boundaries=0 2
cat_threshold=1855980933 12
is_linear=0
shrinkage=0.04


Tree=314
num_leaves=15
num_cat=1
split_feature=17 5 0 1 11 11 24 9 5 7 7 20 22 5
split_gain=3.28497 3.34579 8.30135 7.43461 7.09576 9.60986 8.00217 8.41976 7.53304 6.82997 8.7798 9.95776 11.6816 7.62034
threshold=5.5000000000000009 37.533866470000014 0 1.5000000000000002 3.0054830000000003 3.7657680000000004 3741.6473607714292 9.0500000000000025 37.447534440000005 37.376489388900275 37.464483316390115 8.5000000000000018 235.93281013400002 37.466114050000009
decision_type=8 2 9 2 10 10 8 10 2 10 10 2 2 2
left_child=-1 3 -3 -2 6 -6 7 -5 -9 -7 11 12 -11 -12
right_child=1 2 -4 4 5 9 -8 8 -10 10 13 -13 -14 -15
leaf_value=-0.043800534982089884 0.04362165528552623 -0.12276377810557296 1.4592233788106591e-05 -0.43977537581325982 0.41790429026787324 0.26440969970520201 -0.48988872848736847 -0.033696571299421406 0.61809671788431619 -0.34465083189796358 0.90142029041495675 0.12927834598206631 0.074841109124803323 0.0036521464661305458
leaf_weight=44 679 148 2012 72 87 109 90 38 51 418 118 121 57 390
leaf_count=44 679 148 2012 72 87 109 90 38 51 418 118 121 57 390
internal_value=0.000306513 0.000418848 -0.000702728 0.0015047 -2.574e-05 0.00116654 -0.00614173 -0.000731707 0.0073913 0.000230263 -0.000722674 -0.00400668 -0.00661088 0.00313112
internal_weight=4434 4390 2160 2230 1551 1300 251 161 89 1213 1104 596 475 508
internal_count=4434 4390 2160 2230 1551 1300 251 161 89 1213 1104 596 475 508
cat_boundaries=0 2
cat_threshold=25166370 1
is_linear=0
shrinkage=0.04


Tree=315
num_leaves=15
num_cat=0
split_feature=26 23 13 15 11 5 9 5 26 25 15 5 7 25
split_gain=2.79276 4.17867 8.2457 6.52295 7.51642 4.45621 4.43721 3.94541 11.709 9.10559 8.28133 7.80855 7.29678 7.11657
threshold=2.9127157611022576 116.01151889650002 19.043928571428577 13.002800887756953 7.8354865000000009 37.522208670000005 6.1500000000000012 37.533866470000014 1.583056015536467 18.05515344602934 16.039399973642777 37.412271120000007 37.524368470727573 18.78313428062496
decision_type=10 8 8 10 10 2 10 2 10 10 10 2 10 10
left_child=7 2 3 4 5 -2 -7 8 -1 11 13 -10 -13 -9
right_child=1 -3 -4 -5 -6 6 -8 10 9 -11 -12 12 -14 -15
leaf_value=0.0069373918198806063 -0.28234308101302263 0.037659447120070556 -1.3434396976543495 0.56259466075984055 0.16356466602451014 0.017712322648087947 -0.078139578133141749 -0.013586007137677712 -0.35309076723080068 -0.046370103073678448 -0.80599049499034381 0.94392259567024994 -0.0029676457137057357 0.028045434984075475
leaf_weight=1761 64 50 35 39 94 40 47 1417 44 62 81 191 39 470
leaf_count=1761 64 50 35 39 94 40 47 1417 44 62 81 191 39 470
internal_value=0.000414695 -0.00290323 -0.00459627 -0.00222997 -0.00467742 -0.0101299 -0.004 0.000717797 0.00192381 0.00873156 -0.000568239 0.0118412 0.0147639 -2.1164e-05
internal_weight=4434 369 319 284 245 151 87 4065 2097 336 1968 274 230 1887
internal_count=4434 369 319 284 245 151 87 4065 2097 336 1968 274 230 1887
is_linear=0
shrinkage=0.04


Tree=316
num_leaves=15
num_cat=1
split_feature=0 11 12 16 15 19 18 26 10 2 15 1 3 17
split_gain=3.40981 6.08867 5.70645 7.00095 6.52886 7.0396 5.52505 5.93616 7.39743 5.46073 5.60035 5.37733 8.14911 7.97392
threshold=0 20.865553000000002 24.483333333333338 0.20864427860696519 17.975993528345565 1458.3374845450055 4329.450273292935 1.1307657693551134 12.500000000000002 666.52870850000011 12.7057597178477 7.5000000000000009 12.500000000000002 36.500000000000007
decision_type=9 10 8 8 10 8 10 10 10 2 10 2 2 10
left_child=1 11 6 4 5 -4 7 8 -2 10 -10 13 -13 -1
right_child=2 -3 3 -5 -6 -7 -8 -9 9 -11 -12 12 -14 -15
leaf_value=0.0098685589062057488 -0.74604832994400172 0.1505843251388069 -0.32217947179356615 -0.30336751284872238 0.081905184593401265 0.051646040518064498 0.05673780516557142 0.0075657169603975663 -0.015999796763113635 -0.11029235180943602 0.26288325468731044 -0.081504849211836761 0.048218706031290567 0.17536852594575972
leaf_weight=499 50 55 60 139 58 89 212 1378 239 211 65 628 588 163
leaf_count=499 50 55 60 139 58 89 212 1378 239 211 65 628 588 163
internal_value=0.000450755 0.00170606 -0.00052506 -0.00527221 -0.000571429 -0.005 0.000240964 -0.000431655 -0.00387324 -0.00239382 0.00104235 0.00131845 -0.00026251 0.00421053
internal_weight=4434 1933 2501 346 207 149 2155 1943 565 515 304 1878 1216 662
internal_count=4434 1933 2501 346 207 149 2155 1943 565 515 304 1878 1216 662
cat_boundaries=0 2
cat_threshold=1860175269 38
is_linear=0
shrinkage=0.04


Tree=317
num_leaves=15
num_cat=2
split_feature=0 1 3 11 11 23 20 23 3 1 20 0 15 19
split_gain=2.66759 5.20942 5.19655 5.03206 4.85172 4.81808 4.55015 4.32401 3.93434 8.74581 5.19844 7.33113 11.5787 9.5702
threshold=0 377.50000000000006 3.5000000000000004 2.1025600000000004 3.9433180000000005 8.5342425785000025 8.5000000000000018 45.726701159000008 21.500000000000004 14.500000000000002 8.5000000000000018 1 8.2547135409694246 1661.0277039032833
decision_type=9 2 2 8 10 8 2 10 2 2 2 9 8 8
left_child=1 3 4 -1 -2 -6 7 -7 10 -10 -4 12 -12 -13
right_child=2 -3 8 -5 5 6 -8 -9 9 -11 11 13 -14 -15
leaf_value=-0.083333032089339273 0.031156505874036428 -0.52163781307293466 -0.0058193578536516457 0.027964228899763178 0.020607711831377173 -0.24659898169284758 -0.62150510927727243 0.030018317919466391 0.017553554463371462 -0.63328806568076346 -0.23429386388182977 0.22026554704078194 0.049712744452245945 -0.059841318755470073
leaf_weight=83 42 63 2038 1322 35 41 43 35 58 41 72 317 177 67
leaf_count=83 42 63 2038 1322 35 41 43 35 58 41 72 317 177 67
internal_value=0.000504846 0.00189061 -0.000187983 0.00241477 -0.00643216 -0.00968153 -0.0134426 -0.00708861 0.000259647 -0.00745098 0.000553478 0.00371069 -0.00167939 0.0070529
internal_weight=4434 1468 2966 1405 196 154 119 76 2770 99 2671 633 249 384
internal_count=4434 1468 2966 1405 196 154 119 76 2770 99 2671 633 249 384
cat_boundaries=0 2 4
cat_threshold=1323304341 4 2148110370 64
is_linear=0
shrinkage=0.04


Tree=318
num_leaves=15
num_cat=2
split_feature=23 0 9 0 9 9 12 25 9 3 9 14 10 7
split_gain=3.32537 9.29586 6.74149 6.6927 7.95251 5.52507 6.90562 6.86058 8.97823 6.49097 6.45936 5.01002 4.97775 12.7266
threshold=56.011518896500007 0 32.650000000000013 1 6.1500000000000012 25.950000000000003 20.09833333333334 16.64267372991559 13.250000000000002 20.500000000000004 8.0500000000000025 10.478676470588235 37.500000000000007 37.440183719816368
decision_type=10 9 8 9 10 10 8 10 10 2 10 10 10 10
left_child=1 2 5 12 -5 6 7 8 10 11 -1 -9 13 -2
right_child=3 -3 -4 4 -6 -7 -8 9 -10 -11 -12 -13 -14 -15
leaf_value=-0.015305551376161334 0.32422051178404387 0.00030904310726499881 0.19708466038381459 0.0027820080306556901 -0.13940493522501585 -0.20291111200835318 0.22910295620083829 0.020254049906486004 -0.87868250545957549 -0.026361692078402256 0.65062114844059216 0.48637705935052233 0.030593059764273393 -0.33683749318676803
leaf_weight=148 39 1903 69 587 470 55 63 64 73 37 44 79 725 78
leaf_count=148 39 1903 69 587 470 55 63 64 73 37 44 79 725 78
internal_value=0.000486815 0.0014342 0.0055814 -0.000778128 -0.0028785 0.00416961 0.00547945 0.00366071 -0.000447761 0.00961749 0.00410256 0.0134247 0.00187135 -0.00566667
internal_weight=4434 2535 632 1899 1057 563 508 445 265 180 192 143 842 117
internal_count=4434 2535 632 1899 1057 563 508 445 265 180 192 143 842 117
cat_boundaries=0 2 4
cat_threshold=574625069 4 1286898642 7
is_linear=0
shrinkage=0.04


Tree=319
num_leaves=15
num_cat=1
split_feature=23 15 8 8 0 24 15 22 25 18 6 15 5 8
split_gain=3.21125 7.24055 6.70503 7.67695 7.15026 6.73189 8.33669 5.33497 8.27871 7.43629 5.75016 5.43694 6.1853 5.2567
threshold=64.067189866000021 12.028961235436244 55.614040340467859 55.616113262801377 0 3027.9824684857917 10.72238951328306 43.198982686000008 16.64267372991559 1539.3153451604151 55.636910570000005 10.433790593214676 37.702171215000007 55.72325607758598
decision_type=10 10 10 10 9 10 8 2 10 10 2 10 2 10
left_child=-1 2 -2 -4 5 6 -5 8 9 -6 -9 12 13 -12
right_child=1 -3 3 4 7 -7 -8 10 -10 -11 11 -13 -14 -15
leaf_value=0.0074573290745422582 0.96090351595229262 -0.070143044272071367 -0.80968017232005507 -0.018205489142109173 -0.0025512160052343093 -0.35766149954302762 0.26970138010362088 0.60664472877680364 0.24593982774409739 -0.9665847762302997 -0.10157231859595939 0.73994525016169066 0.20221823844548525 0.031546996264135423
leaf_weight=2943 39 433 57 271 78 73 36 106 59 39 130 42 63 65
leaf_count=2943 39 433 57 271 78 73 36 106 59 39 130 42 63 65
internal_value=0.000252423 -0.00125837 0.000527804 -0.000117417 0.000746114 -0.00346056 -0.000903226 0.0034958 -0.00223464 -0.00833333 0.00606357 0.00316832 0.00091954 -0.00262626
internal_weight=4434 1491 1058 1019 962 380 307 582 176 117 406 300 258 195
internal_count=4434 1491 1058 1019 962 380 307 582 176 117 406 300 258 195
cat_boundaries=0 2
cat_threshold=663127336 68
is_linear=0
shrinkage=0.04


end of trees

feature_importances:
tr_id=494
cur_dev_s=467
hour=360
target_lon=260
last_lon=248
planned_stops_to_target=240
last_lat=238
target_lat=229
distance_to_target_m=192
route_to_straight_ratio=174
last_stop_plan_age_s=163
required_route_speed_kmh=163
last_heading=149
movement_5m_m=133
speed_std_5m=131
telemetry_age_s=106
speed_mean_5m=98
time_to_target_s=97
plan_route_distance_m=90
speed_mean_1m=87
speed_mean_3m=81
idle_ratio_5m=80
location_count_5m=72
next_stop_plan_s=59
last_speed=55
planned_stops_next_5m=14

parameters:
[boosting: gbdt]
[objective: regression_l1]
[metric: l1]
[tree_learner: serial]
[device_type: cpu]
[data_sample_strategy: bagging]
[data: ]
[valid: ]
[num_iterations: 320]
[learning_rate: 0.04]
[num_leaves: 15]
[num_threads: 4]
[seed: 42]
[deterministic: 0]
[force_col_wise: 0]
[force_row_wise: 0]
[histogram_pool_size: -1]
[max_depth: -1]
[min_data_in_leaf: 35]
[min_sum_hessian_in_leaf: 0.001]
[bagging_fraction: 1]
[pos_bagging_fraction: 1]
[neg_bagging_fraction: 1]
[bagging_freq: 0]
[bagging_seed: 400]
[bagging_by_query: 0]
[feature_fraction: 0.9]
[feature_fraction_bynode: 1]
[feature_fraction_seed: 30056]
[extra_trees: 0]
[extra_seed: 12879]
[early_stopping_round: 0]
[early_stopping_min_delta: 0]
[first_metric_only: 0]
[max_delta_step: 0]
[lambda_l1: 0]
[lambda_l2: 3]
[linear_lambda: 0]
[min_gain_to_split: 0]
[drop_rate: 0.1]
[max_drop: 50]
[skip_drop: 0.5]
[xgboost_dart_mode: 0]
[uniform_drop: 0]
[drop_seed: 17869]
[top_rate: 0.2]
[other_rate: 0.1]
[min_data_per_group: 100]
[max_cat_threshold: 32]
[cat_l2: 10]
[cat_smooth: 10]
[max_cat_to_onehot: 4]
[top_k: 20]
[monotone_constraints: ]
[monotone_constraints_method: basic]
[monotone_penalty: 0]
[feature_contri: ]
[forcedsplits_filename: ]
[refit_decay_rate: 0.9]
[cegb_tradeoff: 1]
[cegb_penalty_split: 0]
[cegb_penalty_feature_lazy: ]
[cegb_penalty_feature_coupled: ]
[path_smooth: 0]
[interaction_constraints: ]
[verbosity: -1]
[saved_feature_importance_type: 0]
[use_quantized_grad: 0]
[num_grad_quant_bins: 4]
[quant_train_renew_leaf: 0]
[stochastic_rounding: 1]
[linear_tree: 0]
[max_bin: 255]
[max_bin_by_feature: ]
[min_data_in_bin: 3]
[bin_construct_sample_cnt: 200000]
[data_random_seed: 175]
[is_enable_sparse: 1]
[enable_bundle: 1]
[use_missing: 1]
[zero_as_missing: 0]
[feature_pre_filter: 1]
[pre_partition: 0]
[two_round: 0]
[header: 0]
[label_column: ]
[weight_column: ]
[group_column: ]
[ignore_column: ]
[categorical_feature: 0]
[forcedbins_filename: ]
[precise_float_parser: 0]
[parser_config_file: ]
[objective_seed: 16083]
[num_class: 1]
[is_unbalance: 0]
[scale_pos_weight: 1]
[sigmoid: 1]
[boost_from_average: 1]
[reg_sqrt: 0]
[alpha: 0.9]
[fair_c: 1]
[poisson_max_delta_step: 0.7]
[tweedie_variance_power: 1.5]
[lambdarank_truncation_level: 30]
[lambdarank_norm: 1]
[label_gain: ]
[lambdarank_position_bias_regularization: 0]
[eval_at: ]
[multi_error_top_k: 1]
[auc_mu_weights: ]
[num_machines: 1]
[local_listen_port: 12400]
[time_out: 120]
[machine_list_filename: ]
[machines: ]
[gpu_platform_id: -1]
[gpu_device_id: -1]
[gpu_device_id_list: ]
[gpu_use_dp: 0]
[num_gpu: 1]

end of parameters

pandas_categorical:[["122048", "122613", "122658", "129964", "130072", "130238", "131672", "132430", "133300", "133957", "134040", "134494", "135081", "9000000", "9000001", "9000002", "9000003", "9000004", "9000005", "9000006", "9000007", "9000008", "9000009", "9000010", "9000011", "9000012", "9000013", "9000014", "9000015", "9000016", "9000017", "9000018", "9000019", "9000020", "9000021", "9000022", "9000023", "9000024", "9000025"]]
