tree
version=v4
num_class=1
num_tree_per_iteration=1
label_index=0
max_feature_idx=26
objective=regression_l1
feature_names=tr_id cur_dev_s time_to_target_s hour day_of_week target_lon target_lat last_lon last_lat last_speed last_heading telemetry_age_s speed_mean_1m speed_mean_3m speed_mean_5m speed_std_5m idle_ratio_5m location_count_5m distance_to_target_m movement_5m_m planned_stops_to_target planned_stops_next_5m next_stop_plan_s last_stop_plan_age_s plan_route_distance_m required_route_speed_kmh route_to_straight_ratio
feature_infos=-1:13:14:27:28:32:31:19:20:37:38:7:33:34:0:9:26:25:3:30:29:18:17:12:23:24:16:15:10:5:6:8:2:1:22:21:4:35:36 [-404:661] [603.09427600000004:900] [0:23] none [37.148758000000001:37.865916689999999] [55.518080429999998:55.984216420000003] [37.148843579409593:37.866410152728328] [55.516279458077463:55.984181493600303] [0:120] [0:359] [0:1665.0575180000001] [0:112.45454545454545] [0:110.14999999999999] [0:110.14999999999999] [0:55.384124300107842] [0:1] [0:105] [3.3555114066794181:33159.427734810328] [0:35216.563600751368] [1:14] [0:7] [3.0942762610000001:900] [0:14892.057518225] [6.235192971987999:37499.100861586834] [0.027811068218451133:213.73921154011396] [0.9999999999986896:169.73361127001428]
tree_sizes=1335 1417 1411 1426 1416 1420 1451 1465 1462 1452 1461 1423 1458 1462 1453 1432 1458 1467 1457 1464 1428 1459 1464 1461 1466 1459 1464 1459 1457 1464 1452 1462 1469 1458 1465 1467 1445 1462 1459 1469 1464 1451 1449 1466 1461 1459 1452 1457 1446 1466 1463 1468 1453 1444 1470 1452 1461 1456 1450 1461 1417 1463 1438 1433 1466 1456 1447 1455 1472 1465 1476 1441 1448 1457 1444 1466 1442 1448 1462 1466 1478 1445 1463 1467 1438 1469 1460 1465 1462 1454 1461 1462 1449 1453 1455 1463 1474 1457 1468 1453 1458 1453 1470 1439 1485 1472 1433 1475 1474 1471 1467 1452 1473 1479 1466 1425 1476 1476 1460 1475 1472 1423 1448 1462 1484 1458 1466 1470 1457 1448 1461 1428 1469 1466 1446 1474 1482 1448 1448 1472 1454 1459 1474 1469 1476 1463 1476 1456 1444 1425 1452 1446 1428 1439 1460 1484 1418 1477 1468 1476 1465 1478 1465 1474 1468 1480 1422 1434 1466 1467 1463 1443 1437 1444 1459 1479 1427 1455 1462 1471 1465 1441 1441 1483 1433 1447 1438 1472 1482 1467 1439 1461 1476 1460 1461 1467 1475 1438 1449 1479 1438 1437 1414 1449 1464 1453 1416 1482 1440 1438 1447 1457 1469 1467 1423 1472 1463 1456 1451 1452 1452 1470 1463 1455 1469 1471 1441 1474 1471 1471 1469 1459 1476 1444 1462 1463 1496 1488 1455 1438 1423 1470 1465 1465 1460 1441 1459 1469 1421 1473 1472 1459 1468 1474 1461 1484 1437 1449 1457 1450 1445 1461 1471 1443 1409 1462 1445 1431 1461 1454 1468 1457 1470 1468 1450 1453 1471 1473 1466 1468 1439 1451 1472 1466 1454 1468 1448 1437 1463 1478 1462 1439 1452 1472 1465 1451 1439 1475 1476 1478 1462 1468 1435 1444 1464 1452 1475 1448 1462 1491 1480 1437 1473 1442 1472 1427 1456 1475 1473 1465

Tree=0
num_leaves=15
num_cat=3
split_feature=1 20 0 0 23 1 18 10 0 5 23 8 5 20
split_gain=652.442 136.869 124.025 107.2 95.9346 67.762 33.2324 25.3478 24.735 24.6148 31.7927 24.4999 22.4533 21.9424
threshold=26.500000000000004 6.5000000000000009 0 1 217.54711687600005 136.50000000000003 2151.8400730733524 1.0000000180025095e-35 2 37.414099515000011 415.88592798250005 55.662132189635635 37.480191280000007 8.5000000000000018
decision_type=2 2 9 9 8 2 10 10 9 2 10 10 2 2
left_child=2 3 -1 -2 6 8 12 -6 -3 -5 -11 -9 -4 -14
right_child=1 5 4 9 7 -7 -8 11 -10 10 -12 -13 13 -15
leaf_value=25.640000000000001 26.16 24.699999999999999 25.280000000000001 27.760000000000002 22.859999999999999 31.060000000000002 22.760000000000002 25.32 26.280000000000001 22.640000000000001 24.379999999999999 23.800000000000001 21.68 23.5
leaf_weight=238 313 352 65 35 54 602 767 95 552 275 86 198 556 246
leaf_count=238 313 352 65 35 54 602 767 95 552 275 86 198 556 246
internal_value=24.0001 24.0155 23.9848 24.001 23.9816 24.0223 23.9774 24.0006 24.0153 23.9873 23.9838 24.0053 23.9829 23.9811
internal_weight=4434 2215 2219 709 1981 1506 1634 347 904 396 361 293 867 802
internal_count=4434 2215 2219 709 1981 1506 1634 347 904 396 361 293 867 802
cat_boundaries=0 1 3 5
cat_threshold=2013266304 2556438160 7 2174345824 64
is_linear=0
shrinkage=1


Tree=1
num_leaves=15
num_cat=4
split_feature=1 20 0 0 23 1 18 14 0 0 6 23 5 3
split_gain=588.162 123.753 115.667 103.81 91.1477 55.8891 32.3325 29.8611 28.1042 24.8537 23.3373 21.1527 21.079 23.4482
threshold=26.500000000000004 6.5000000000000009 0 1 209.82855794900004 153.50000000000003 2151.8400730733524 7.97009090909091 2 3 55.711421800000004 265.74001962850008 37.480191280000007 10.500000000000002
decision_type=2 2 9 9 8 2 10 10 9 9 2 10 2 2
left_child=2 3 -1 -2 6 9 12 -5 -6 10 -3 -7 -4 -14
right_child=1 5 4 7 8 11 -8 -9 -10 -11 -12 -13 13 -15
leaf_value=1.5744 2.0736000000000003 0.97200000000000009 1.2287999999999999 0.079600000000000004 0.82720000000000005 8.0375999999999994 -1.1904000000000001 -1.2856000000000001 -0.39200000000000002 2.2488000000000001 -0.70799999999999996 0.15759999999999991 -0.98719999999999997 -1.74
leaf_weight=238 313 328 65 150 110 480 763 246 245 614 41 43 303 495
leaf_count=238 313 328 65 150 110 480 763 246 245 614 41 43 303 495
internal_value=-5.40906e-05 0.0145176 -0.0145995 0.000730337 -0.0177131 0.020994 -0.0218048 -0.0127139 0.000558659 0.0152941 0.00638743 0.0315589 -0.0163972 -0.0181773
internal_weight=4434 2215 2219 709 1981 1506 1626 396 355 983 369 523 863 798
internal_count=4434 2215 2219 709 1981 1506 1626 396 355 983 369 523 863 798
cat_boundaries=0 1 3 5 7
cat_threshold=2013266304 2556438160 7 2156069376 7 2174345760 64
is_linear=0
shrinkage=0.04


Tree=2
num_leaves=15
num_cat=4
split_feature=1 20 0 0 23 1 18 5 0 0 25 10 23 23
split_gain=560.825 125.387 110.017 97.7612 82.8693 54.4391 36.6636 25.6773 25.0493 23.5929 23.629 22.3636 20.4401 20.313
threshold=26.500000000000004 6.5000000000000009 0 1 209.82855794900004 153.50000000000003 2151.8400730733524 37.414099515000011 2 3 15.775404224691799 1.0000000180025095e-35 265.74001962850008 415.88592798250005
decision_type=2 2 9 9 8 2 10 2 9 9 10 10 10 10
left_child=2 3 -1 -2 6 9 -4 -5 -6 -3 -11 -10 -7 -9
right_child=1 5 4 7 8 12 -8 13 11 10 -12 -13 -14 -15
leaf_value=1.5114240000000001 2.010656 2.5388479999999998 -1.307712 3.6610239999999998 0.79411199999999993 7.7160960000000003 -1.142784 -1.1814800000000001 -2.1987200000000002 -0.11961600000000011 1.255984 -0.13632000000000005 0.15129599999999996 0.10161600000000007
leaf_weight=238 328 447 863 35 110 480 763 268 40 200 336 205 43 78
leaf_count=238 328 447 863 35 110 480 763 268 40 200 336 205 43 78
internal_value=-7.21208e-05 0.0141569 -0.0142754 0.000280899 -0.0173119 0.0206759 -0.0212155 -0.0132995 0.000111732 0.0150507 0.00874317 -0.00697674 0.0311027 -0.0169628
internal_weight=4434 2215 2219 709 1981 1506 1626 381 355 983 536 245 523 346
internal_count=4434 2215 2219 709 1981 1506 1626 381 355 983 536 245 523 346
cat_boundaries=0 1 3 5 7
cat_threshold=2013266304 2556438160 39 2156069376 7 2013533576 38
is_linear=0
shrinkage=0.04


Tree=3
num_leaves=15
num_cat=3
split_feature=1 20 0 0 23 1 18 14 0 10 26 6 10 18
split_gain=523.079 123.937 105.397 93.3088 78.1348 53.2518 35.1969 29.3048 24.9859 23.6583 23.4741 29.7802 21.7907 20.0831
threshold=26.500000000000004 6.5000000000000009 0 1 209.82855794900004 153.50000000000003 2151.8400730733524 7.97009090909091 2 26.500000000000004 1.2862159797772044 55.711421800000004 206.50000000000003 3626.2202811657712
decision_type=2 2 9 9 8 2 10 10 9 10 10 2 10 10
left_child=2 3 -1 -2 6 10 -4 -5 -6 -10 11 12 -3 -14
right_child=1 5 4 7 8 -7 -8 -9 9 -11 -12 -13 13 -15
leaf_value=1.4509670399999999 1.91022976 1.8457446399999997 -1.25540352 0.097551360000000073 0.88234752000000005 6.7674521600000004 -1.0970726400000002 -1.2269168000000001 -1.6812191999999999 -0.010867199999999997 1.88288064 -1.0163673600000001 -0.91711936000000005 1.4616940799999998
leaf_weight=238 313 216 863 150 118 523 763 246 56 181 519 71 81 96
leaf_count=238 313 216 863 150 118 523 763 246 56 181 519 71 81 96
internal_value=-0.000342574 0.0133995 -0.0140594 -0.000393258 -0.0170311 0.0198807 -0.0208226 -0.0131051 -0.000111732 -0.00752 0.0143205 0.00770878 0.0120202 0.00155556
internal_weight=4434 2215 2219 709 1981 1506 1626 396 355 237 983 464 393 177
internal_count=4434 2215 2219 709 1981 1506 1626 396 355 237 983 464 393 177
cat_boundaries=0 1 3 5
cat_threshold=2013266304 2556438160 7 2214789632 7
is_linear=0
shrinkage=0.04


Tree=4
num_leaves=15
num_cat=4
split_feature=1 20 0 0 23 1 18 23 5 23 26 6 0 0
split_gain=495.974 117.622 95.2127 85.7721 78.5766 48.1382 34.1398 27.0551 25.5358 27.5883 23.3902 30.1939 19.9396 19.7937
threshold=26.500000000000004 6.5000000000000009 0 1 217.54711687600005 169.50000000000003 2151.8400730733524 294.12727528850007 37.414099515000011 415.88592798250005 1.2862159797772044 55.711421800000004 2 3
decision_type=2 2 9 9 8 2 10 10 2 10 10 2 9 9
left_child=2 3 -1 -2 6 10 -4 -7 -5 -10 11 13 -6 -3
right_child=1 5 4 8 12 7 -8 -9 9 -11 -12 -13 -14 -15
leaf_value=1.3929283584000001 1.7938205696 -0.25592514559999996 -1.1978273792 3.5636597119999998 0.7270536192 7.8567540736000003 -1.0531897344000001 -0.045453926399999886 -1.2655255679999999 0.21364930560000006 1.8819788544 -1.0957126656 -0.33043251200000001 1.4787215744000002
leaf_weight=238 325 107 867 45 108 418 767 41 260 79 547 75 239 318
leaf_count=238 325 107 867 45 108 418 767 41 260 79 547 75 239 318
internal_value=-0.000450755 0.0129306 -0.0138074 -0.000505618 -0.0166299 0.0192445 -0.0203787 0.0300433 -0.0130982 -0.017193 0.0144381 0.00811133 0.000571429 0.012243
internal_weight=4434 2215 2219 709 1981 1506 1634 459 384 339 1047 500 347 425
internal_count=4434 2215 2219 709 1981 1506 1634 459 384 339 1047 500 347 425
cat_boundaries=0 1 3 5 7
cat_threshold=2013266304 2554357392 7 2156069376 7 2147484160 65
is_linear=0
shrinkage=0.04


Tree=5
num_leaves=15
num_cat=0
split_feature=1 20 18 5 6 8 5 1 3 23 15 23 17 6
split_gain=464.407 114.023 74.586 79.8736 57.1715 56.3227 50.3106 48.2626 29.1089 26.1565 24.7791 23.4002 22.154 22.944
threshold=26.500000000000004 6.5000000000000009 1919.3113241791325 37.533866470000014 55.65948546500001 55.620752877277333 37.414099515000011 169.50000000000003 12.500000000000002 294.12727528850007 13.452182436580168 714.86555305900004 34.500000000000007 55.740878340000002
decision_type=2 2 8 2 2 8 2 2 2 10 8 10 10 2
left_child=2 4 3 -1 11 -4 -6 -3 10 -9 -5 -2 -8 -14
right_child=1 7 5 8 6 -7 12 9 -10 -11 -12 -13 13 -15
leaf_value=0.65721122406400001 0.76206774681599998 1.3284774538239998 0.90307453952000005 -0.25801521151999995 2.4020677468159999 -0.97106214502400012 -1.1148966666240001 7.5424839106560002 -1.3271622840320001 -0.043635769343999868 -3.5999622840320002 2.805103333376 2.3474243207680003 -1.3579322531840001
leaf_weight=397 186 1047 102 371 83 935 253 418 359 41 55 79 64 44
leaf_count=397 186 1047 102 371 83 935 253 418 359 41 55 79 64 44
internal_value=-0.000450755 0.0124977 -0.0133753 -0.00648101 -0.000730337 -0.0211923 -0.00948546 0.0187144 -0.0138579 0.0295238 -0.00671329 0.0138806 -0.0159341 -0.000720721
internal_weight=4434 2215 2219 1182 709 1037 444 1506 785 459 426 265 361 108
internal_count=4434 2215 2219 1182 709 1037 444 1506 785 459 426 265 361 108
is_linear=0
shrinkage=0.04


Tree=6
num_leaves=15
num_cat=2
split_feature=1 20 0 0 18 1 16 24 10 25 6 25 6 23
split_gain=446.461 106.685 91.7608 81.4591 66.5248 50.6062 44.2455 35.8481 32.7405 28.6566 28.0621 25.4074 21.8597 21.573
threshold=26.500000000000004 6.5000000000000009 0 1 1919.3113241791325 193.50000000000003 0.39208074534161497 6139.0391658558519 4.5000000000000009 14.673109663426255 55.650468480000008 14.978819846426456 55.686098940000008 714.86555305900004
decision_type=2 2 9 9 8 2 10 8 10 10 2 10 2 10
left_child=2 3 7 13 6 11 9 -1 -8 -4 -10 -3 -12 -2
right_child=1 5 4 -5 -6 -7 8 -9 10 -11 12 -13 -14 -15
leaf_value=1.1542683676671999 1.17987790546432 0.41356060207103978 -2.2504757926707204 -0.77020996501504002 -1.0122196592230401 7.5207845542297607 -0.6669536755712 -0.77221965922304014 1.3902987399168001 -0.099753675571199948 -2.3397536755711998 1.79914716207104 0.57310539694080009 2.8498636134809603
leaf_weight=330 274 298 428 381 847 375 82 53 106 165 73 833 135 54
leaf_count=330 274 298 428 381 847 375 82 53 106 165 73 833 135 54
internal_value=-0.000631057 0.0120649 -0.0133033 -0.000730337 -0.0169605 0.0180782 -0.00995968 0.00454545 0.000401003 -0.0168456 0.00630915 0.0137919 -0.00227488 0.013607
internal_weight=4434 2215 2219 709 1836 1506 989 383 396 593 314 1131 208 328
internal_count=4434 2215 2219 709 1836 1506 989 383 396 593 314 1131 208 328
cat_boundaries=0 2 4
cat_threshold=2013397376 6 2556438160 39
is_linear=0
shrinkage=0.04


Tree=7
num_leaves=15
num_cat=3
split_feature=1 25 0 0 13 10 24 24 1 20 26 18 8 0
split_gain=422.694 106.113 82.9282 77.2734 65.0498 56.3068 42.9829 34.8654 30.6521 30.5642 27.7563 30.2102 26.8496 26.0018
threshold=26.500000000000004 14.978819846426456 0 1 8.8141369047619076 1.0000000180025095e-35 11098.814790910636 6139.0391658558519 188.50000000000003 9.5000000000000018 1.3162595985977654 4624.9935482237161 55.801788000000009 2
decision_type=2 10 9 9 8 10 10 8 2 2 10 10 10 9
left_child=2 3 7 -2 5 -4 8 -1 10 -6 11 -3 -10 -7
right_child=1 6 4 -5 9 13 -8 -9 12 -11 -12 -13 -14 -15
leaf_value=1.1080976329605119 1.6180340999926786 0.34920687558819835 -0.65173087285411857 -0.72237126201180157 -1.8117308728541184 -0.78330655265587201 -0.87081007927521281 -0.74133087285411847 7.1799531720605696 -0.07631014475612162 2.3271812755881984 2.938789920724787 -0.071814840014438414 0.6709206253928448
leaf_weight=330 326 405 239 461 1104 109 41 53 389 108 397 151 45 276
leaf_count=330 326 405 239 461 1104 109 41 53 389 108 397 151 45 276
internal_value=-0.000504846 0.0118485 -0.0128353 5.06329e-05 -0.0163115 -0.00586922 0.0183368 0.00414141 0.0195396 -0.0217942 0.0154393 0.00958855 0.0283753 0.00360825
internal_weight=4434 2215 2219 787 1836 624 1428 383 1387 1212 953 556 434 385
internal_count=4434 2215 2219 787 1836 624 1428 383 1387 1212 953 556 434 385
cat_boundaries=0 2 4 6
cat_threshold=2013397376 6 2550146432 39 1585193 64
is_linear=0
shrinkage=0.04


Tree=8
num_leaves=15
num_cat=3
split_feature=0 24 25 13 0 0 24 24 26 3 26 25 12 25
split_gain=259.485 66.0147 66.5631 115.218 60.6268 56.3211 43.0092 39.7576 39.1445 30.0004 28.1917 27.2897 24.7328 20.3129
threshold=0 18200.852344424067 16.45379889950296 8.8141369047619076 1 2 1719.8231232398032 8547.2136058645156 1.1397266688342096 7.5000000000000009 1.1545928211051528 21.0013711308914 0.23500000000000004 18.122331687668574
decision_type=9 10 10 8 9 9 10 10 10 2 10 10 10 10
left_child=6 2 3 5 10 -2 9 -8 11 -1 -4 -6 -7 -10
right_child=1 -3 4 -5 8 12 7 -9 13 -11 -12 -13 -14 -15
leaf_value=2.3126995457832531 1.2041004923930541 -0.62566163793995377 -0.1050855282876417 -1.5029641963935234 -1.0445281194353297 -0.84287011393011702 2.8572857007518513 -0.62566163793995377 0.59982202456467071 -0.8654190796044432 -0.66786351343920758 3.5948503927233908 0.66079368897036295 3.5179901238083584
leaf_weight=66 347 167 438 1162 114 247 983 41 201 152 154 39 91 232
leaf_count=66 347 167 438 1162 114 247 983 41 201 152 154 39 91 232
internal_value=-0.000504846 -0.00653978 -0.00519155 -0.00992432 0.00223539 0.0030814 0.0149163 0.0184615 0.0112187 -0.00108597 -0.0067438 -0.00589744 -0.00843305 0.0175229
internal_weight=4434 3192 3025 1847 1178 685 1242 1024 586 218 592 153 338 433
internal_count=4434 3192 3025 1847 1178 685 1242 1024 586 218 592 153 338 433
cat_boundaries=0 2 3 5
cat_threshold=2013267328 6 31580195 2189824576 97
is_linear=0
shrinkage=0.04


Tree=9
num_leaves=15
num_cat=3
split_feature=1 20 0 0 18 1 16 20 23 23 10 8 0 26
split_gain=387.657 97.4272 72.3241 72.2478 67.7007 47.332 36.8294 28.1713 27.1185 25.0134 24.1062 25.4085 21.0969 21.3637
threshold=26.500000000000004 6.5000000000000009 0 1 2151.8400730733524 193.50000000000003 0.39208074534161497 8.5000000000000018 714.86555305900004 165.72670115900004 2.5000000000000004 55.662132189635635 2 1.4200277101899652
decision_type=2 2 9 9 8 2 10 2 10 10 10 10 9 10
left_child=3 2 8 -1 6 12 7 -5 -2 -7 -8 -12 -3 -14
right_child=1 5 -4 4 -6 9 10 -9 -10 -11 11 -13 13 -15
leaf_value=1.1531562700351432 0.80290036581229007 0.41010114358208372 -0.72584819684938917 -2.0043468410944656 -0.83254709740238553 7.5184636171480728 -0.587413870196139 -0.032592554902366115 2.6637110573363021 -0.16011206570175346 1.2476895011563034 -0.1657726832072359 1.1571768310907127 2.3719228869525528
leaf_weight=238 281 380 366 528 802 336 97 197 62 39 126 231 417 334
leaf_count=238 281 380 366 528 802 336 97 197 62 39 126 231 417 334
internal_value=-0.000558936 0.0112714 -0.000955056 -0.0123672 -0.0148245 0.0170179 -0.00876481 -0.0143407 0.0120225 0.0293122 0.000175055 0.005 0.0128748 0.0167016
internal_weight=4434 2215 709 2219 1981 1506 1179 725 343 375 454 357 1131 751
internal_count=4434 2215 709 2219 1981 1506 1179 725 343 375 454 357 1131 751
cat_boundaries=0 2 3 5
cat_threshold=2556438160 103 2013266304 60678688 64
is_linear=0
shrinkage=0.04


Tree=10
num_leaves=15
num_cat=3
split_feature=1 20 0 0 13 1 10 18 23 20 1 0 1 25
split_gain=355.267 94.2259 68.3747 61.0313 60.0198 50.0622 45.5067 32.7358 30.2816 28.6766 27.5473 22.4442 20.7398 19.4669
threshold=26.500000000000004 6.5000000000000009 0 1 8.9316770186335432 76.500000000000014 1.0000000180025095e-35 2151.8400730733524 184.06718986600004 8.5000000000000018 224.50000000000003 2 196.50000000000003 21.709932149907825
decision_type=2 2 9 9 8 2 10 8 10 2 2 9 2 8
left_child=2 3 13 -2 6 -3 -4 9 10 -6 -7 -8 -5 -1
right_child=1 5 4 12 7 8 11 -9 -10 -11 -12 -13 -14 -15
leaf_value=1.0910653841881888 1.5307843511797985 0.56184188164038207 -0.56733328852626019 -1.1508081561255179 -1.9851813354484342 2.1023520948083165 -0.78084379367209122 -1.5350099077272814 -0.23558640732661018 -0.02901417980119483 7.8777250724621499 0.68777170853843983 0.13045212498658701 -0.57492643672998112
leaf_weight=252 325 502 239 260 509 660 111 530 69 194 275 290 124 94
leaf_count=252 325 502 239 260 509 660 111 530 69 194 275 290 124 94
internal_value=-0.000594997 0.0107304 -0.0118992 -0.00129213 -0.0148674 0.0163817 -0.00497667 -0.0200971 0.0215293 -0.0143343 0.0234115 0.00326733 -0.0118892 0.00445682
internal_weight=4434 2215 2219 709 1873 1506 640 1233 1004 703 935 401 384 346
internal_count=4434 2215 2219 709 1873 1506 640 1233 1004 703 935 401 384 346
cat_boundaries=0 2 4 6
cat_threshold=2017460608 6 2554357392 7 1585193 64
is_linear=0
shrinkage=0.04


Tree=11
num_leaves=15
num_cat=0
split_feature=1 20 18 1 8 6 5 5 20 23 23 1 23 17
split_gain=336.287 91.5632 63.6773 50.0817 46.8586 45.2961 43.127 41.4354 29.2692 29.2574 23.3565 22.9847 19.6152 18.2559
threshold=26.500000000000004 6.5000000000000009 2151.8400730733524 76.500000000000014 55.620752877277333 55.65948546500001 37.414099515000011 37.533866470000014 8.5000000000000018 124.06718986600002 2868.0470030985002 224.50000000000003 714.86555305900004 34.500000000000007
decision_type=2 2 8 2 8 2 2 2 2 10 8 2 10 10
left_child=2 5 7 -3 -4 12 -7 -1 10 11 -9 -5 -2 -8
right_child=1 3 4 9 -6 6 13 8 -10 -11 -12 -13 -14 -15
leaf_value=0.35862522854389056 0.36648383562244818 0.53936820637476668 0.7731729810958109 2.0480910689268659 -0.75086082897217521 2.0371828289915013 -0.91810359795545571 -1.5076091806741783 0.013777249111496951 0.033714462884795467 0.40022667691815661 7.5626160695636644 2.4290764605712964 -0.041632979367485348
leaf_weight=465 186 502 94 640 798 83 253 556 248 99 58 265 79 108
leaf_count=465 186 502 94 640 798 83 253 556 248 99 58 265 79 108
internal_value=-0.000685148 0.0103336 -0.0116832 0.0159046 -0.019933 -0.00151685 -0.00930649 -0.00610526 -0.0112832 0.0210526 -0.0159481 0.023304 0.0114925 -0.0152747
internal_weight=4434 2215 2219 1506 892 709 444 1327 862 1004 614 905 265 361
internal_count=4434 2215 2219 1506 892 709 444 1327 862 1004 614 905 265 361
is_linear=0
shrinkage=0.04


Tree=12
num_leaves=15
num_cat=1
split_feature=1 25 0 18 8 23 5 1 15 20 10 17 5 3
split_gain=316.766 87.2817 68.4211 60.9876 44.9945 41.7909 38.009 31.1141 29.0462 27.9051 24.8483 22.2626 23.2122 22.0608
threshold=26.500000000000004 15.775404224691799 0 2151.8400730733524 55.620752877277333 165.72670115900004 37.480191280000007 244.50000000000003 11.313460787049861 5.5000000000000009 206.50000000000003 54.500000000000007 37.477560335000007 9.5000000000000018
decision_type=2 10 9 8 8 10 2 2 8 2 10 10 2 2
left_child=3 2 -2 6 -5 7 -1 10 -8 -9 -3 12 -12 -4
right_child=1 5 13 4 -6 -7 8 9 -10 -11 11 -13 -14 -15
leaf_value=0.87859939559360589 1.0974864138314999 2.1779959806442784 -0.085840227500292909 0.74224606185197839 -0.72082639581328811 -0.7225615158895099 -0.39158346390530246 -0.14263328009159013 -2.0415841122926115 7.898606275942698 2.8410338852081209 -1.5628539057440884 0.21329691971595155 -1.1941744855016447
leaf_weight=269 494 578 200 94 798 60 747 35 311 247 125 62 180 234
leaf_count=269 494 578 200 94 798 60 747 35 311 247 125 62 180 234
internal_value=-0.000649087 0.0100451 0.000687433 -0.0113231 -0.0193966 0.0167752 -0.00586466 0.018374 -0.00927427 0.0300351 0.0148101 0.00659459 0.011039 -0.0107383
internal_weight=4434 2215 928 2219 892 1287 1327 1227 1058 282 945 367 305 434
internal_count=4434 2215 928 2219 892 1287 1327 1227 1058 282 945 367 305 434
cat_boundaries=0 2
cat_threshold=3087009664 103
is_linear=0
shrinkage=0.04


Tree=13
num_leaves=15
num_cat=2
split_feature=1 25 0 18 5 24 26 0 20 3 15 1 25 10
split_gain=294.716 84.4267 62.3248 62.0062 41.8941 40.7594 33.6822 33.4288 30.1643 23.579 22.874 22.452 21.6101 21.4922
threshold=26.500000000000004 18.248105615338002 0 1919.3113241791325 37.533866470000014 11098.814790910636 1.4340210317229765 1 8.5000000000000018 6.5000000000000009 9.3093166206886604 169.50000000000003 14.673109663426255 206.50000000000003
decision_type=2 10 9 8 2 10 10 9 2 2 10 2 10 10
left_child=3 2 6 4 -1 11 -2 -5 9 -6 -4 13 -12 -3
right_child=1 5 10 7 8 -7 -8 -9 -10 -11 12 -13 -14 -15
leaf_value=0.5594696164905244 0.32103839123378508 2.3238765426010519 0.33834126081646448 -1.0464114736956827 -0.041729700776150944 -0.8337308194560098 3.0967669842663774 -0.5677391200930707 0.088912893565162895 -1.9054560140444274 -1.5392643833582778 5.6606600594944592 -0.076206025207922037 0.35652212257132421
leaf_weight=397 352 273 311 337 130 41 266 700 214 441 177 393 203 199
leaf_count=397 352 273 311 337 130 41 266 700 214 441 177 393 203 199
internal_value=-0.000847419 0.00946799 0.00295732 -0.0111431 -0.00486076 0.0188339 0.0120444 -0.0182692 -0.010203 -0.0149826 -0.00528409 0.0206912 -0.011906 0.0146526
internal_weight=4434 2215 1309 2219 1182 906 618 1037 785 571 691 865 380 472
internal_count=4434 2215 1309 2219 1182 906 618 1037 785 571 691 865 380 472
cat_boundaries=0 2 4
cat_threshold=4160750976 7 2147485223 97
is_linear=0
shrinkage=0.04


Tree=14
num_leaves=15
num_cat=2
split_feature=1 20 18 1 0 8 5 0 20 23 3 7 6 1
split_gain=267.541 81.2253 61.5848 49.6327 47.6413 38.5646 36.2467 29.1142 26.9113 22.4114 21.4767 17.3173 22.094 17.0129
threshold=26.500000000000004 6.5000000000000009 1919.3113241791325 76.500000000000014 0 55.620752877277333 37.533866470000014 1 8.5000000000000018 2868.0470030985002 5.5000000000000009 37.379233439029967 55.646745290000005 231.50000000000003
decision_type=2 2 8 2 9 8 2 9 2 8 2 10 2 2
left_child=2 4 6 -3 -2 -4 -1 -5 9 10 -8 -9 -13 -6
right_child=1 3 5 7 13 -7 8 11 -10 -11 -12 12 -14 -15
leaf_value=0.53709083183090345 1.3785084418807612 0.37592514853817138 0.57959365691107934 5.0111246014892679 -0.90045769591870173 -0.67718222164801201 0.18273084625916725 7.0337340380310067 0.08535637782255634 0.43882466269405412 -1.9128527576174759 2.5200896875617014 0.40103073098417324 0.14182480293253732
leaf_weight=397 307 502 102 483 301 935 79 38 214 58 434 170 313 101
leaf_count=397 307 502 102 483 301 935 79 38 214 58 434 170 313 101
internal_value=-0.000973631 0.00885482 -0.0107831 0.0141021 -0.00230337 -0.0178846 -0.00452321 0.0192254 -0.00949239 -0.014007 -0.0166667 0.0117603 0.00979424 -0.0111807
internal_weight=4434 2215 2219 1506 709 1037 1182 1004 785 571 513 521 483 402
internal_count=4434 2215 2219 1506 709 1037 1182 1004 785 571 513 521 483 402
cat_boundaries=0 2 4
cat_threshold=2556429968 71 2113929664 6
is_linear=0
shrinkage=0.04


Tree=15
num_leaves=15
num_cat=0
split_feature=1 20 18 1 8 6 7 5 19 24 10 23 25 26
split_gain=250.157 79.2709 61.3625 48.2523 42.2693 39.9902 42.8036 27.3932 31.3538 26.5931 24.0762 21.6544 20.505 24.9023
threshold=26.500000000000004 6.5000000000000009 2151.8400730733524 218.50000000000003 55.620752877277333 55.65948546500001 37.376489388900275 37.480191280000007 931.27692426724423 348.07122113494921 20.500000000000004 714.86555305900004 15.995380849170104 1.340659943253441
decision_type=2 2 8 2 8 2 10 2 8 10 10 10 10 10
left_child=2 5 7 12 -4 11 -7 9 10 -1 -9 -2 -3 -14
right_child=1 3 4 -5 -6 6 -8 8 -10 -11 -12 -13 13 -15
leaf_value=-0.95566008498323285 0.19432195731489685 0.26072731083952733 0.71208203790517899 6.0772957893040607 -0.64219648631111326 4.4794892410663705 -0.74247319358371211 -0.62795571883028289 -1.6148626024980774 1.2074079659675929 0.087430021345939579 2.2200320722706026 0.82013294907330558 2.1705400901592133
leaf_weight=45 186 445 94 315 798 38 406 128 455 224 475 79 477 269
leaf_count=45 186 445 94 315 798 38 406 128 455 224 475 79 477 269
internal_value=-0.00100969 0.00849414 -0.010495 0.0136779 -0.0185922 -0.00252809 -0.0098434 -0.00502256 -0.00791706 0.00632353 -0.00191419 0.00970149 0.00994975 0.013992
internal_weight=4434 2215 2219 1506 892 709 444 1327 1058 269 603 265 1191 746
internal_count=4434 2215 2219 1506 892 709 444 1327 1058 269 603 265 1191 746
is_linear=0
shrinkage=0.04


Tree=16
num_leaves=15
num_cat=2
split_feature=1 25 18 0 8 24 26 0 19 1 8 10 7 8
split_gain=239.819 73.5933 60.8387 53.6105 41.6752 36.9506 30.4741 29.6285 27.2499 21.2165 21.112 20.9408 19.1963 18.9743
threshold=26.500000000000004 18.248105615338002 2151.8400730733524 0 55.620752877277333 11098.814790910636 1.4200277101899652 1 887.52325932765848 204.50000000000003 55.741886586594511 20.500000000000004 37.356163412270099 55.646430351695841
decision_type=2 10 8 9 8 10 10 9 8 2 10 10 8 10
left_child=2 3 7 6 -4 9 -2 -1 11 -3 -5 -9 -6 -13
right_child=1 5 4 10 12 -7 -8 8 -10 -11 -12 13 -14 -15
leaf_value=0.85472011934026337 0.3277579156887151 1.594320253923095 0.68359875638897194 -0.18108269373455485 0.13559292667035294 -0.82582299660965131 2.5972722150354621 -0.58406258645299214 -1.4832123299390947 5.7616415522412288 -0.92854320058249129 0.92167001905739843 -0.69008858776551973 -0.20489769820163187
leaf_weight=226 355 554 94 602 43 41 245 132 483 311 107 138 755 348
leaf_count=226 355 554 94 602 43 41 245 132 483 311 107 138 755 348
internal_value=-0.00106378 0.00824166 -0.010351 0.00216463 -0.0184134 0.0169857 0.010832 -0.00490226 -0.0075763 0.0187558 -0.00526316 -0.00206119 -0.0213733 0.00179959
internal_weight=4434 2215 2219 1309 892 906 600 1327 1101 865 709 618 798 486
internal_count=4434 2215 2219 1309 892 906 600 1327 1101 865 709 618 798 486
cat_boundaries=0 2 4
cat_threshold=3087009664 7 2013528452 6
is_linear=0
shrinkage=0.04


Tree=17
num_leaves=15
num_cat=3
split_feature=1 20 0 15 0 7 6 18 10 15 25 7 24 0
split_gain=223.321 71.2533 65.9629 58.8037 40.8484 33.3434 40.8213 31.3828 24.6078 22.6807 26.5656 33.1519 21.9631 20.1328
threshold=57.500000000000007 6.5000000000000009 0 10.950051443145616 1 37.376489388900275 55.740878340000002 1872.1852371208786 26.500000000000004 1.1172350697719169 14.723565541463149 37.734623707363433 6139.0391658558519 2
decision_type=2 2 9 8 9 10 2 10 10 10 10 10 8 9
left_child=2 5 12 7 -3 -2 13 8 -4 -10 11 -11 -1 -7
right_child=1 4 3 -5 -6 6 -8 -9 9 10 -12 -13 -14 -15
leaf_value=0.83161245259780114 4.3379946202772546 3.5063566139350804 -0.57470704227128322 -1.2057042271839711 0.62712424262549493 1.3456830998430065 -0.78607357485752427 -0.38436036160307069 0.88410850241519667 -1.1990856052778152 0.69768345848010627 1.6422002454222036 -0.50999314659304174 -0.64054809953357761
leaf_weight=447 35 656 175 914 533 212 124 447 197 236 116 63 55 224
leaf_count=447 35 656 175 914 533 212 124 447 197 236 116 63 55 224
internal_value=-0.00117196 0.00975937 -0.00853374 -0.0115502 0.0154027 -0.00153846 -0.00397869 -0.00588521 -0.00106329 0.00273171 -0.00258373 -0.00887417 0.00450485 0.00182232
internal_weight=4434 1784 2650 2148 1189 595 560 1234 787 612 415 299 502 436
internal_count=4434 1784 2650 2148 1189 595 560 1234 787 612 415 299 502 436
cat_boundaries=0 2 4 6
cat_threshold=2013397376 6 2113938881 6 2415921024 71
is_linear=0
shrinkage=0.04


Tree=18
num_leaves=15
num_cat=4
split_feature=1 20 0 13 0 20 0 0 24 2 6 25 18 1
split_gain=210.699 65.7206 62.2756 56.3931 48.4173 46.8269 37.3621 30.8359 23.278 21.2807 19.4067 21.0306 18.5061 17.9254
threshold=57.500000000000007 6.5000000000000009 0 8.9316770186335432 1 8.5000000000000018 2 3 6139.0391658558519 666.52870850000011 55.643770265000008 18.248105615338002 2151.8400730733524 -73.499999999999986
decision_type=2 2 9 8 9 2 9 9 8 2 2 10 10 2
left_child=2 7 8 4 -4 -5 -3 -2 -1 12 -8 -12 13 -7
right_child=1 6 3 5 -6 9 10 -9 -10 -11 11 -13 -14 -15
leaf_value=0.72299030802950082 -0.70521826318385172 3.5332047614502442 0.73751117748375639 -1.4405146571089489 -0.36730979689695986 -0.53438953694231806 2.2450651365441749 0.74665020996316178 -0.74661336622588859 -0.80280070975900664 -0.29885761163079932 1.2312490837813068 -0.32044195687159088 1.3705341189010014
leaf_weight=429 221 610 320 1057 418 52 145 374 36 154 231 203 94 90
leaf_count=429 221 610 320 1057 418 52 145 374 36 154 231 203 94 90
internal_value=-0.00117196 0.009446 -0.00832265 -0.0111192 -0.00215924 -0.0157517 0.0148658 -0.00140468 0.00493724 -0.00386768 0.00709459 0.00292906 0.00368201 0.0126897
internal_weight=4434 1784 2650 2185 738 1447 1189 595 465 390 579 434 236 142
internal_count=4434 1784 2650 2185 738 1447 1189 595 465 390 579 434 236 142
cat_boundaries=0 2 4 6 8
cat_threshold=2017460608 6 2256994880 97 2113930689 6 1679687948 32
is_linear=0
shrinkage=0.04


Tree=19
num_leaves=15
num_cat=4
split_feature=1 20 18 1 0 0 0 0 23 15 6 25 26 20
split_gain=193.071 68.0985 56.6856 51.8109 39.8356 38.76 27.0127 26.6725 22.8254 22.1696 20.0133 20.5012 20.3196 18.6175
threshold=26.500000000000004 6.5000000000000009 2151.8400730733524 218.50000000000003 0 1 2 3 714.86555305900004 11.475619129581421 55.647441485000009 17.707558439925833 1.2640782896823082 8.5000000000000018
decision_type=2 2 8 2 9 9 9 9 10 10 2 10 10 2
left_child=2 5 6 7 -4 8 -1 -3 -2 13 -9 12 -12 -8
right_child=1 3 4 -5 -6 -7 9 10 -10 -11 11 -13 -14 -15
leaf_value=0.75834720414156065 0.18447087459356212 2.1199654758169078 -0.31172839122132501 5.322155840626837 -0.81344044940717397 -0.6531040683303907 -0.38481280100580362 0.87897145443087188 2.1944271403599833 -1.7081470813698141 -2.1609484216701889 0.57300435307096442 -0.056967359556420551 0.18767984725309411
leaf_weight=226 288 443 339 315 553 354 602 290 67 303 74 224 160 196
leaf_count=226 288 443 339 315 553 354 602 290 67 303 74 224 160 196
internal_value=-0.00122605 0.00712353 -0.00955896 0.0119284 -0.0173408 -0.00308989 -0.00430075 0.0080737 0.00619565 -0.00685817 0.00325887 -0.00190889 -0.0101266 -0.00339576
internal_weight=4434 2215 2219 1506 892 709 1327 1191 355 1101 748 458 234 798
internal_count=4434 2215 2219 1506 892 709 1327 1191 355 1101 748 458 234 798
cat_boundaries=0 2 4 6 8
cat_threshold=476463232 26 2554357392 103 2013528452 6 2046956800 6
is_linear=0
shrinkage=0.04


Tree=20
num_leaves=15
num_cat=0
split_feature=1 20 18 1 7 6 8 5 24 15 25 5 20 23
split_gain=186.448 62.3969 54.8705 52.0221 35.6152 37.2318 35.295 25.9421 27.1619 23.7306 20.9098 22.5924 21.2344 20.9054
threshold=26.500000000000004 6.5000000000000009 2151.8400730733524 218.50000000000003 37.376489388900275 55.65948546500001 55.620752877277333 37.480191280000007 348.07122113494921 11.475619129581421 14.064304042220879 37.444907120000011 8.5000000000000018 75.906804611500021
decision_type=2 2 8 2 10 2 8 2 10 10 10 2 2 10
left_child=2 4 7 10 -2 -6 -4 8 -1 -9 -3 -12 13 -13
right_child=1 3 6 -5 5 -7 -8 9 -10 -11 11 12 -14 -15
leaf_value=-1.0326383855834087 4.0816747965899758 -0.11702409196658138 0.60653983135717371 5.1092696070017629 1.1401466363431638 -0.67952333145517263 -0.50504046724733886 -0.17822913201435975 1.0526832856274684 -1.7872549074306785 2.8595675447952136 0.56322875000400474 1.401744463939556 -1.343292428117066
leaf_weight=45 47 205 94 315 256 406 798 768 224 290 189 395 310 92
leaf_count=45 47 205 94 315 256 406 798 768 224 290 189 395 310 92
internal_value=-0.00140636 0.00679892 -0.00959496 0.0113983 -0.00297753 -0.00541353 -0.0172514 -0.00442105 0.00661765 -0.00723845 0.00753769 0.00994944 0.00695 0.00171429
internal_weight=4434 2215 2219 1506 709 662 892 1327 269 1058 1191 986 797 487
internal_count=4434 2215 2219 1506 709 662 892 1327 269 1058 1191 986 797 487
is_linear=0
shrinkage=0.04


Tree=21
num_leaves=15
num_cat=2
split_feature=1 18 1 20 0 20 5 0 20 10 26 19 23 23
split_gain=167.312 59.0839 58.9246 45.1337 42.577 46.4363 25.9196 24.6889 23.5468 20.8801 24.203 20.9057 18.219 18.1604
threshold=1.0000000180025095e-35 2151.8400730733524 244.50000000000003 4.5000000000000009 0 8.5000000000000018 37.533866470000014 1 9.5000000000000018 203.50000000000003 1.4637289254380279 617.40061820628705 180.91653547100003 4290.1281345435009
decision_type=2 8 2 2 9 2 2 9 2 10 10 10 10 8
left_child=1 6 4 -4 9 -6 -1 -3 13 -2 11 -11 -5 -8
right_child=2 7 3 12 5 -7 8 -9 -10 10 -12 -13 -14 -15
leaf_value=0.23720078324717592 1.17644448211186 -0.23548451419419647 -0.44063184324809362 6.3153962350428312 -0.40994931046756378 0.63015919817159283 -1.0007904080960928 -0.6883212842577271 0.76258725119100323 1.3125323596200391 2.3601467957178341 -0.66598324722372459 0.15226108397464203 0.84407615146939663
leaf_weight=364 646 114 79 287 889 274 592 562 68 89 87 280 49 54
leaf_count=364 646 114 79 287 889 274 592 562 68 89 87 280 49 54
internal_value=-0.00142439 -0.0110188 0.00486023 0.0186603 0.00231041 -0.00302721 -0.00518039 -0.0202651 -0.00959554 0.00789238 0.00139434 -0.00311828 0.0250147 -0.0119569
internal_weight=4434 1754 2680 415 2265 1163 1078 676 714 1102 456 369 336 646
internal_count=4434 1754 2680 415 2265 1163 1078 676 714 1102 456 369 336 646
cat_boundaries=0 2 4
cat_threshold=2550416784 39 201719936 16
is_linear=0
shrinkage=0.04


Tree=22
num_leaves=15
num_cat=3
split_feature=1 1 18 0 17 0 0 24 2 7 23 10 18 1
split_gain=159.822 57.9534 57.2491 38.759 30.0964 26.8291 24.9912 23.6931 31.4488 21.5011 21.3849 18.3999 20.1263 14.701
threshold=1.0000000180025095e-35 244.50000000000003 2151.8400730733524 0 20.500000000000004 1 2 2518.8260986340506 644.09319500000004 37.398450682281542 576.29866038200009 211.50000000000003 1523.717934919749 77.500000000000014
decision_type=2 2 8 9 10 9 9 10 2 10 10 10 10 2
left_child=2 3 5 9 -3 -1 -4 10 -9 -2 -5 -11 -13 -14
right_child=1 4 6 7 -6 -7 -8 8 -10 11 -12 12 13 -15
leaf_value=-0.72977675236807127 2.7402531069130265 -0.25242234576396727 -0.38963825631481058 -1.1834771177233925 4.4512674976246167 0.12144731774800112 -0.59792861921112095 0.96472862023016814 -0.1704645368916673 0.9638987630618957 0.36877601431677876 1.3068921635787905 -1.3185887690055611 0.12901062466812832
leaf_weight=640 87 65 265 290 350 438 411 213 580 632 80 89 112 182
leaf_count=640 87 65 265 290 350 438 411 213 580 632 80 89 112 182
internal_value=-0.0015506 0.00459187 -0.0109277 0.00206349 0.0182775 -0.00518039 -0.0200295 -0.00302721 0.000854271 0.00739013 -0.0113673 0.00577603 -0.0011399 -0.00619529
internal_weight=4434 2680 1754 2265 415 1078 676 1163 793 1102 370 1015 383 294
internal_count=4434 2680 1754 2265 415 1078 676 1163 793 1102 370 1015 383 294
cat_boundaries=0 2 4 6
cat_threshold=2550416784 39 110654475 97 524689536 28
is_linear=0
shrinkage=0.04


Tree=23
num_leaves=15
num_cat=4
split_feature=1 18 1 20 0 20 7 23 0 0 0 26 26 10
split_gain=150.929 58.3069 54.1646 42.0122 37.4746 38.729 25.954 27.6939 30.3005 25.4777 24.8912 24.4798 21.5391 22.9231
threshold=1.0000000180025095e-35 2151.8400730733524 244.50000000000003 4.5000000000000009 0 7.5000000000000009 37.373646810293664 563.28145062550016 1 2 3 1.4248905889695911 1.2745746796106603 227.50000000000003
decision_type=2 8 2 2 9 2 10 10 9 9 9 10 10 10
left_child=1 10 4 -4 11 6 -6 8 -8 -3 -1 -2 13 -7
right_child=2 9 3 -5 5 12 7 -9 -10 -11 -12 -13 -14 -15
leaf_value=-0.70172493144637427 0.56374849772869695 -0.37405272606221818 -0.59598226910459273 4.9168438233435365 3.6966293773718917 0.38182482217926761 -0.14113361512571079 0.55094711525655604 -1.1504018272119414 -0.57401147444267608 0.10707790935990893 2.435674822720745 0.64992007526210105 -0.80704759673035442
leaf_weight=630 580 265 79 336 37 196 242 103 336 411 448 230 419 122
leaf_count=630 580 265 79 336 37 196 242 103 336 411 448 230 419 122
internal_value=-0.00149651 -0.010609 0.00447261 0.0177033 0.00202822 -0.00182561 -0.00843273 -0.0102339 -0.0136317 -0.0197938 -0.00481036 0.00884569 0.00459459 -0.00323988
internal_weight=4434 1754 2680 415 2265 1455 718 681 578 676 1078 810 737 318
internal_count=4434 1754 2680 415 2265 1455 718 681 578 676 1078 810 737 318
cat_boundaries=0 2 3 5 7
cat_threshold=402916752 7 2148065801 524689536 28 102282251 97
is_linear=0
shrinkage=0.04


Tree=24
num_leaves=15
num_cat=4
split_feature=1 20 0 18 19 23 0 1 10 6 25 0 24 0
split_gain=149.057 62.9662 56.1718 54.3741 39.0747 37.2607 35.8923 34.7207 29.5159 26.9708 26.4758 26.2257 26.0877 24.5619
threshold=76.500000000000014 5.5000000000000009 0 2151.8400730733524 864.73207637467385 184.06718986600004 1 2.5000000000000004 26.500000000000004 55.647441485000009 14.673109663426255 2 3319.5415389545274 3
decision_type=2 2 9 8 8 10 9 2 10 2 10 9 10 9
left_child=2 11 -1 4 8 6 -3 -5 -4 -10 13 -2 -9 -6
right_child=1 5 3 7 10 -7 -8 12 9 -11 -12 -13 -14 -15
leaf_value=0.29277869340132345 -0.97176443437543814 4.1116156066763185 -0.41582798467500171 -0.58867714603476406 -0.1014059591527343 -0.60305812077412979 1.1171554839491558 -1.2584894146119314 1.0648996872563823 -0.073091695915687899 -0.029697563182712373 0.039703350457515066 0.1691112057109615 -2.1552424525554033
leaf_weight=667 101 394 180 555 125 98 689 126 226 347 198 238 180 310
leaf_count=667 101 394 180 555 125 98 689 126 226 347 198 238 180 310
internal_value=-0.00142439 0.00871963 -0.00671923 -0.00971681 -0.00483801 0.0130743 0.0152118 -0.0176389 0.00132275 0.00576389 -0.0121384 -0.00643275 -0.00673139 -0.0176256
internal_weight=4434 1520 2914 2247 1386 1181 1083 861 753 573 633 339 306 435
internal_count=4434 1520 2914 2247 1386 1181 1083 861 753 573 633 339 306 435
cat_boundaries=0 2 4 5 7
cat_threshold=2013659520 6 1979712832 6 1276903428 25255939 64
is_linear=0
shrinkage=0.04


Tree=25
num_leaves=15
num_cat=3
split_feature=1 18 25 0 1 6 26 6 0 10 8 8 3 0
split_gain=140.89 51.8268 51.1328 43.5796 36.5283 31.9459 30.9296 28.3102 27.348 24.3258 24.1522 29.6553 22.7318 22.5148
threshold=1.0000000180025095e-35 2151.8400730733524 16.57696543240041 0 244.50000000000003 55.752479855000011 1.340659943253441 55.651852825000006 1 203.50000000000003 55.685310854836708 55.733418836703386 14.500000000000002 2
decision_type=2 8 10 9 2 2 10 2 9 10 10 10 2 9
left_child=1 13 3 -2 6 -6 9 -5 -3 -4 -9 12 -12 -1
right_child=2 8 4 7 5 -7 -8 10 -10 -11 11 -13 -14 -15
leaf_value=-0.67073226635189176 0.726867915977646 -0.33092398636760095 0.62117059726228729 0.46206006553387652 5.4328723011232878 -0.56635367307459039 1.7510104380604334 -1.8916948213169871 -0.56054061868828808 -0.36726804426822357 1.2852290994016664 -1.0770654597519265 -0.632432344331188 0.12305325159452511
leaf_weight=626 397 254 422 312 249 41 311 188 422 333 152 212 63 452
leaf_count=626 397 254 422 312 249 41 311 188 422 333 152 212 63 452
internal_value=-0.00162272 -0.0104269 0.00414461 -0.00144687 0.00959529 0.022116 0.00613658 -0.00617021 -0.0190869 0.00174142 -0.0111974 -0.00586047 0.00458716 -0.00495837
internal_weight=4434 1754 2680 1324 1356 290 1066 927 676 755 615 427 215 1078
internal_count=4434 1754 2680 1324 1356 290 1066 927 676 755 615 427 215 1078
cat_boundaries=0 2 4 6
cat_threshold=411305344 7 524689536 20 102265867 97
is_linear=0
shrinkage=0.04


Tree=26
num_leaves=15
num_cat=2
split_feature=0 8 6 0 13 10 20 26 3 5 24 20 18 5
split_gain=102.596 43.0092 42.7703 42.7122 34.4255 41.8898 32.508 20.2731 25.4934 31.9652 20.0226 22.0126 19.5756 19.1935
threshold=0 55.734335456969006 55.651852825000006 1 8.8141369047619076 26.500000000000004 8.5000000000000018 1.2085286245757063 12.500000000000002 37.69492579500001 8547.2136058645156 7.5000000000000009 3111.4680605549834 37.747121420000006
decision_type=9 8 2 9 10 10 2 10 2 2 10 2 10 2
left_child=1 10 4 -4 5 -2 12 -5 -9 -10 11 -1 13 -6
right_child=2 -3 3 7 6 -7 -8 8 9 -11 -12 -13 -14 -15
leaf_value=0.67936295768778709 -0.18117515289150593 -0.1609502136228616 -1.9334033783406508 -0.44041393525824218 -1.0729950832754345 1.4026698578101529 0.47498992654271449 0.28057986166497856 -1.2824744949454765 1.1427307561068147 -0.31018527622824638 2.4725054031396958 0.61086061938385328 0.72466600969550499
leaf_weight=517 158 472 390 661 397 302 159 392 188 85 41 559 74 39
leaf_count=517 158 472 390 661 397 302 159 392 188 85 41 559 74 39
internal_value=-0.00124408 0.00686642 -0.00578027 -0.00977312 0.00024735 0.00863931 -0.00553571 -0.00615385 -0.00125749 -0.0105797 0.0111786 0.0122335 -0.0104483 -0.0136674
internal_weight=4434 1589 2845 1716 1129 460 669 1326 665 273 1117 1076 510 436
internal_count=4434 1589 2845 1716 1129 460 669 1326 665 273 1117 1076 510 436
cat_boundaries=0 2 4
cat_threshold=2051147140 6 2147488257 97
is_linear=0
shrinkage=0.04


Tree=27
num_leaves=15
num_cat=2
split_feature=1 1 0 2 9 7 17 0 8 6 10 10 1 26
split_gain=117.693 53.185 40.4352 26.2639 25.4682 24.2214 19.9632 19.1261 17.2282 21.4658 18.2147 18.2303 16.4306 16.3824
threshold=-19.499999999999996 193.50000000000003 0 665.53866950000008 7.0500000000000007 37.373646810293664 20.500000000000004 1 55.733874678138072 55.721496830000014 212.50000000000003 7.5000000000000009 320.50000000000006 1.228048286061012
decision_type=2 2 9 2 8 8 10 9 8 2 10 10 2 10
left_child=4 2 5 13 7 -2 12 -1 9 10 11 -7 -3 -4
right_child=1 6 3 -5 -6 8 -8 -9 -10 -11 -12 -13 -14 -15
leaf_value=0.37900620561242693 3.0583215008062754 1.3105237949136528 -0.11688931881483404 -0.36374934108311324 -2.0415361215514851 -0.35784634750655048 2.7409141701120694 -0.67295687433064144 -0.15695663011825489 3.3949083854598259 -0.27680946324800176 1.0133633951563235 -0.56175968319609282 0.21864448037901796
leaf_weight=100 102 55 467 549 563 39 502 431 196 70 309 485 37 529
leaf_count=100 102 55 467 549 563 39 502 431 196 70 309 485 37 529
internal_value=-0.00088348 0.00284774 0.000494725 -0.00377407 -0.0122516 0.00596376 0.0136683 -0.0059176 0.00424682 0.00657837 0.00473684 0.00925996 -0.00336842 8.00801e-05
internal_weight=4434 3340 2746 1545 1094 1201 594 531 1099 903 833 524 92 996
internal_count=4434 3340 2746 1545 1094 1201 594 531 1099 903 833 524 92 996
cat_boundaries=0 2 4
cat_threshold=3087402396 38 3623879232 2
is_linear=0
shrinkage=0.04


Tree=28
num_leaves=15
num_cat=2
split_feature=1 20 0 18 0 20 23 14 6 10 7 7 6 1
split_gain=109.034 55.3714 49.822 35.7163 34.408 29.6386 23.4714 22.438 22.283 21.6732 24.6655 18.8865 25.6985 21.3333
threshold=76.500000000000014 5.5000000000000009 0 1632.4998801752756 1 8.5000000000000018 182.47222463100005 16.014923619271446 55.666275260000006 38.500000000000007 37.740048653084905 37.379233439029967 55.721937955000008 336.50000000000006
decision_type=2 2 9 8 9 2 10 10 2 10 10 10 2 2
left_child=2 8 -1 7 6 -5 -3 9 -2 -4 -11 -6 13 -13
right_child=1 4 3 5 11 -7 -8 -9 -10 10 -12 12 -14 -15
leaf_value=0.03896725615278783 0.86433714149852792 3.5884910659759259 -0.42589380365598062 -1.1015787874501255 4.2987667548000115 -0.090073677566977969 -0.44195419385746176 -1.2416404461269535 -0.65270535407053165 -0.10636575163692498 1.3057771347591063 0.3562066265824757 -1.4727949385244472 6.9843850214803025
leaf_weight=969 113 459 166 680 43 347 48 223 226 387 142 548 40 43
leaf_count=969 113 459 166 680 43 347 48 223 226 387 142 548 40 43
internal_value=-0.00090151 0.00777413 -0.00543024 -0.00909091 0.0118581 -0.0142524 0.0196154 -0.00338762 -0.00643275 0.00017192 0.00413534 0.00558952 0.00384858 0.00599327
internal_weight=4434 1520 2914 1945 1181 1027 507 918 339 695 529 674 631 591
internal_count=4434 1520 2914 1945 1181 1027 507 918 339 695 529 674 631 591
cat_boundaries=0 2 4
cat_threshold=2017854364 22 1979712960 6
is_linear=0
shrinkage=0.04


Tree=29
num_leaves=15
num_cat=2
split_feature=1 1 0 20 20 18 10 15 25 5 0 3 25 25
split_gain=113.521 47.2714 36.8036 32.6448 25.5087 25.3918 22.7127 28.7736 29.5878 22.31 20.4565 19.5091 21.4776 18.5171
threshold=-19.499999999999996 244.50000000000003 0 4.5000000000000009 8.5000000000000018 2151.8400730733524 43.500000000000007 7.6353697424773488 18.493411498727237 37.634490690000007 1 14.500000000000002 7.9419825891718503 15.256229103232327
decision_type=2 2 9 2 2 8 10 10 10 2 9 2 10 10
left_child=5 2 -2 -3 6 -1 -4 -8 10 -6 11 12 -9 -11
right_child=1 3 4 -5 9 -7 7 8 -10 13 -12 -13 -14 -15
leaf_value=-0.59365539230558839 0.5924202374185884 -0.47343562957329782 -0.29229442218904667 4.2521876115079396 -0.048436264030588795 -2.0437826414792664 0.55657305600886364 -1.4522218805268845 0.082263256200796595 -0.28400779215861593 -1.1432466956666902 -2.3182579862466461 0.27116284561051773 1.059678960840972
leaf_weight=728 1014 79 327 336 240 366 280 35 216 49 342 46 190 186
leaf_count=728 1014 79 327 336 240 366 280 35 216 49 342 46 190 186
internal_value=-0.000649087 0.00301526 0.00121585 0.0155981 -0.00205821 -0.011814 -0.0047255 -0.00197842 -0.00572115 0.00594142 -0.0101948 -0.0015493 0.00333333 0.0146218
internal_weight=4434 3340 2925 415 1911 1094 1436 1109 829 475 613 271 225 235
internal_count=4434 3340 2925 415 1911 1094 1436 1109 829 475 613 271 225 235
cat_boundaries=0 2 3
cat_threshold=939656596 38 1100759083
is_linear=0
shrinkage=0.04


Tree=30
num_leaves=15
num_cat=3
split_feature=1 20 0 6 0 7 7 8 3 7 7 3 2 0
split_gain=102.934 51.9628 41.3654 32.9604 29.2602 26.8994 30.2614 22.5917 21.9356 32.7928 21.2373 21.0471 18.6874 18.3376
threshold=76.500000000000014 5.5000000000000009 0 55.651852825000006 1 37.854754224249923 37.702326335653296 55.734335456969006 17.500000000000004 37.521261500000001 37.682438366796376 9.5000000000000018 659.0834645000001 2
decision_type=2 2 9 2 9 10 8 10 2 10 10 2 2 9
left_child=2 13 -1 8 -3 6 10 -7 9 -4 -5 -11 -12 -2
right_child=1 4 3 5 -6 7 -8 -9 -10 11 12 -13 -14 -15
leaf_value=0.018092084078786569 -0.93051317376058962 3.043785335071115 -2.144542714392724 -0.34103498218676409 0.62433279192610092 1.3484755756600697 -2.7677611942429503 -1.6053264502432054 1.1916268251904343 0.91850116230206424 0.83762253299259426 -0.23315944188397375 -0.61868943656251318 0.031959430492551455
leaf_weight=1135 101 475 89 581 706 87 332 39 97 172 83 254 45 238
leaf_count=1135 101 475 89 581 706 87 332 39 97 172 83 254 45 238
internal_value=-0.00086545 0.00756402 -0.00526568 -0.00904018 0.0115203 -0.0130256 -0.0151341 0.00434109 -0.00156098 -0.00486486 -0.0103933 -0.00018648 0.00427481 -0.00619883
internal_weight=4434 1520 2914 1779 1181 1167 1041 126 612 515 709 426 128 339
internal_count=4434 1520 2914 1779 1181 1167 1041 126 612 515 709 426 128 339
cat_boundaries=0 2 4 5
cat_threshold=2034697114 22 905971136 6 1276903428
is_linear=0
shrinkage=0.04


Tree=31
num_leaves=15
num_cat=3
split_feature=1 0 7 6 25 0 20 1 18 3 7 19 16 0
split_gain=101.275 42.9155 26.3066 26.2716 30.3793 38.0328 24.8325 30.5219 23.7422 22.1678 20.5863 20.3823 19.7117 18.8115
threshold=-19.499999999999996 0 37.376489388900275 55.644023925000006 15.995380849170104 1 7.5000000000000009 87.500000000000014 2151.8400730733524 5.5000000000000009 37.379233439029967 252.43807680776465 0.38348416289592763 2
decision_type=2 9 8 2 10 9 2 2 8 2 10 10 10 9
left_child=8 2 -2 -3 -5 -6 9 12 13 -4 -7 -10 -8 -1
right_child=1 3 6 4 5 10 7 -9 11 -11 -12 -13 -14 -15
leaf_value=0.41688240885584704 3.1263800171188336 0.33417426653907328 1.8276442573587945 -0.79022279188108657 0.59933910544668134 1.0600241171608407 0.63521189580659387 3.5316420656460865 -0.040749006718280578 -0.12389291674973618 -0.14904533508531587 -2.4883831220407671 -0.29981834518306577 -0.79714682032546413
leaf_weight=106 116 589 109 619 337 69 201 311 76 564 351 290 74 622
leaf_count=106 116 589 109 619 337 69 201 311 76 564 351 290 74 622
internal_value=-0.000685148 0.00277595 0.00815562 -0.00103134 -0.00406091 0.00131579 0.00649762 0.0124958 -0.0112306 0.0012426 -0.00665127 -0.0195122 0.00273381 -0.0070041
internal_weight=4434 3340 1375 1965 1376 757 1259 586 1094 673 420 366 275 728
internal_count=4434 3340 1375 1965 1376 757 1259 586 1094 673 420 366 275 728
cat_boundaries=0 2 3 5
cat_threshold=973211030 38 1159225416 1484849184 6
is_linear=0
shrinkage=0.04


Tree=32
num_leaves=15
num_cat=2
split_feature=1 1 0 2 0 6 24 7 8 18 3 26 19 26
split_gain=87.5623 38.7426 27.7135 24.6154 24.0028 22.5971 21.9214 21.6588 22.8178 18.0079 15.5952 15.2926 22.5857 20.0517
threshold=-4.4999999999999991 253.50000000000003 0 657.52777450000008 1 55.752479855000011 2518.8260986340506 37.376489388900275 55.733874678138072 2151.8400730733524 5.5000000000000009 1.3267151063579281 4.2011948021448831 1.0874355643124334
decision_type=2 2 9 2 9 2 10 8 8 8 2 10 10 10
left_child=4 2 7 6 -1 -3 -4 -2 11 -6 -11 13 -13 -9
right_child=1 5 3 -5 9 -7 -8 8 -10 10 -12 12 -14 -15
leaf_value=-0.048148006124213348 2.8326016509387375 3.3412087268351103 -0.46652590574269975 -0.15712068682721411 -0.6197618822782659 -0.60914906343037201 0.57678478770758179 0.58610490346872179 -0.27217156794799735 -0.10353819188020374 -2.0818653222997416 -0.30978831237262916 0.96907845071991239 -0.37629846241825138
leaf_weight=432 112 348 200 621 642 38 333 390 193 56 256 44 421 348
leaf_count=432 112 348 200 621 642 38 333 390 193 56 256 44 421 348
internal_value=-0.000775299 0.0030154 0.00129081 -0.00335904 -0.00910007 0.0148072 0.00291045 0.00483892 0.00348821 -0.012575 -0.0205714 0.00553897 0.0111966 0.00194332
internal_weight=4434 3048 2662 1154 1386 386 533 1508 1396 954 312 1203 465 738
internal_count=4434 3048 2662 1154 1386 386 533 1508 1396 954 312 1203 465 738
cat_boundaries=0 2 4
cat_threshold=3095807902 38 2097546144 6
is_linear=0
shrinkage=0.04


Tree=33
num_leaves=15
num_cat=3
split_feature=1 0 25 15 0 0 13 9 20 20 1 22 24 22
split_gain=81.9614 38.1889 22.6498 30.2395 28.0851 24.1667 21.6286 20.2745 20.5907 17.819 33.2974 20.4819 20.4351 17.5399
threshold=-19.499999999999996 0 15.995380849170104 9.2028463978787123 1 2 0.67500000000000004 7.0500000000000007 9.5000000000000018 7.5000000000000009 84.500000000000014 55.932810134000007 5254.410650026749 25.073155991000004
decision_type=2 9 10 8 9 9 10 8 2 2 2 2 10 2
left_child=7 9 3 4 6 -4 -3 13 -9 11 12 -2 -11 -1
right_child=1 2 5 -5 -6 -7 -8 8 -10 10 -12 -13 -14 -15
leaf_value=0.61309167671029996 -1.131376632446053 -1.1656790231508862 0.86749209328923971 -0.90340680929152573 0.81451720700855446 -0.017520476455747884 0.49848138243075196 -1.9701446508132032 0.73438447825261588 0.58867512728301041 3.322797513248378 0.22783531796461945 -0.36632456108277744 -0.50910692726855344
leaf_weight=80 95 121 326 523 255 715 109 517 46 225 325 589 57 451
leaf_count=80 95 121 326 523 255 715 109 517 46 225 325 589 57 451
internal_value=-0.000576966 0.00253664 -0.000872939 -0.00514342 0.00204918 0.0032567 -0.00790123 -0.0100638 -0.0153357 0.00788344 0.012918 0.00349345 0.00280702 -0.00441948
internal_weight=4434 3340 2049 1008 485 1041 230 1094 563 1291 607 684 282 531
internal_count=4434 3340 2049 1008 485 1041 230 1094 563 1291 607 684 282 531
cat_boundaries=0 2 3 4
cat_threshold=973079958 38 1075404873 3289923656
is_linear=0
shrinkage=0.04


Tree=34
num_leaves=15
num_cat=2
split_feature=1 20 0 23 0 18 19 10 6 20 20 1 7 5
split_gain=75.3503 45.4545 36.6865 35.5707 29.8514 27.1891 23.9449 28.8341 21.5696 16.93 15.5045 15.0331 15.0823 13.6807
threshold=76.500000000000014 5.5000000000000009 0 83.281450625500014 1 1632.4998801752756 864.73207637467385 38.500000000000007 55.666275260000006 8.5000000000000018 7.5000000000000009 -40.499999999999993 37.816259500000008 37.727934540000007
decision_type=2 2 9 10 9 8 10 10 2 2 2 2 8 2
left_child=2 8 -1 4 -3 6 7 -4 -2 11 -5 -7 -13 -11
right_child=1 3 5 10 -6 9 -8 -9 -10 13 -12 12 -14 -15
leaf_value=0.014027862525716675 0.70961665867981705 2.691091468345765 -0.60749920366190169 -1.1777085883423133 0.72620607492223088 -2.7060992555061878 -0.93714484828663103 0.56189096857917276 -0.60184706008112365 -0.13316025760336747 1.2799523047964316 -0.20773729778282995 -3.0752624607657273 2.7366442352004547
leaf_weight=1125 113 459 123 119 438 179 350 376 226 281 165 404 39 37
leaf_count=1125 113 459 123 119 438 179 350 376 226 281 165 404 39 37
internal_value=-0.000540906 0.00667104 -0.00430579 0.0103716 0.0142667 -0.00783574 -0.00267606 0.00294821 -0.00619883 -0.0125557 -0.00195122 -0.016384 -0.012287 -0.00498442
internal_weight=4434 1520 2914 1181 897 1789 849 499 339 940 284 622 443 318
internal_count=4434 1520 2914 1181 897 1789 849 499 339 940 284 622 443 318
cat_boundaries=0 2 4
cat_threshold=2034697116 22 1988642240 6
is_linear=0
shrinkage=0.04


Tree=35
num_leaves=15
num_cat=2
split_feature=1 1 0 20 2 24 7 8 6 10 19 10 0 9
split_gain=70.5053 38.7198 30.4596 26.9352 21.6507 19.1415 18.5287 26.4659 25.0316 19.7638 25.7564 21.2138 18.0844 17.967
threshold=-20.499999999999996 253.50000000000003 0 4.5000000000000009 657.52777450000008 2468.8261464300663 37.379233439029967 55.733874678138072 55.721496830000014 211.50000000000003 893.53377286177022 7.5000000000000009 1 2.6500000000000008
decision_type=2 2 9 2 2 10 8 8 2 10 10 10 9 8
left_child=12 2 6 -3 5 -4 -2 8 9 11 -11 -8 -1 -14
right_child=1 3 4 -5 -6 -7 7 -9 -10 10 -12 -13 13 -15
leaf_value=0.026169639904027663 1.609490518681105 -0.41931924645679575 -0.51549445946777439 4.0908485204772056 -0.19453406143551402 0.26310895041308863 -0.2596004973091951 -0.2975330259502415 2.9362088318872233 0.5537553207116912 -0.72693829189983772 0.77738185769366652 -0.22368313566174988 -1.8455771348488361
leaf_weight=241 169 74 222 312 695 471 58 253 89 172 237 601 312 528
leaf_count=241 169 74 222 312 695 471 58 253 89 172 237 601 312 528
internal_value=-0.000540906 0.0023242 0.000767677 0.0141902 -0.00354033 0.00143678 0.00454774 0.00305732 0.00562069 0.00388422 -0.00300971 0.0081571 -0.00940959 -0.0120985
internal_weight=4434 3353 2967 386 1388 693 1579 1410 1157 1068 409 659 1081 840
internal_count=4434 3353 2967 386 1388 693 1579 1410 1157 1068 409 659 1081 840
cat_boundaries=0 2 4
cat_threshold=3125151646 38 1560674688 6
is_linear=0
shrinkage=0.04


Tree=36
num_leaves=15
num_cat=4
split_feature=1 20 0 23 15 0 1 0 23 18 0 10 8 6
split_gain=65.0932 43.7962 34.0407 30.9906 30.3763 28.0911 20.9876 17.6901 18.9242 16.8035 23.052 20.7557 24.4396 16.8659
threshold=76.500000000000014 5.5000000000000009 0 83.281450625500014 10.969962919774408 1 -27.499999999999996 2 294.12727528850007 1632.4998801752756 3 46.500000000000007 55.682277380960379 55.734511700000006
decision_type=2 2 9 10 10 9 2 9 10 8 9 10 10 2
left_child=2 7 -1 5 9 -3 -6 -2 -9 11 -11 -4 -13 -14
right_child=1 3 4 -5 6 -7 -8 8 -10 10 -12 12 13 -15
leaf_value=0.098250181883966545 -0.85425710268964028 2.5605994019241445 -0.30290948576097265 -0.14813868732358365 -2.4019900412598019 0.80451799524616496 -0.27560995198711996 -0.53364570104108666 1.0152374669982513 0.015745393481609457 -0.3541866286102146 0.71853323952635295 -0.75432493964609504 1.30477795716337
leaf_weight=643 101 459 191 284 340 438 559 160 78 246 341 327 190 77
leaf_count=643 101 459 191 284 340 438 559 160 78 246 341 327 190 77
internal_value=-0.000504846 0.00619829 -0.00400411 0.00983108 -0.00628722 0.0134667 -0.0120177 -0.00643275 0 -0.00256 -0.00766102 0.00126904 0.00495812 -0.004
internal_weight=4434 1520 2914 1181 2271 897 899 339 238 1372 587 785 594 267
internal_count=4434 1520 2914 1181 2271 897 899 339 238 1372 587 785 594 267
cat_boundaries=0 2 4 5 7
cat_threshold=1480982932 4 2122335552 6 1276903428 85024810 2
is_linear=0
shrinkage=0.04


Tree=37
num_leaves=15
num_cat=3
split_feature=1 6 25 0 20 0 0 1 25 6 3 10 15 8
split_gain=60.5894 36.839 35.6855 45.8939 27.6355 25.6539 24.4632 24.1262 21.2187 27.4244 26.309 19.3927 19.0781 17.1042
threshold=-4.4999999999999991 55.643770265000008 14.978819846426456 0 8.5000000000000018 1 2 336.50000000000006 18.78313428062496 55.743665670000006 20.500000000000004 36.500000000000007 8.6762588013854067 55.685310854836708
decision_type=2 2 10 9 2 9 9 2 10 2 2 10 10 10
left_child=4 7 5 8 6 13 -1 11 9 -4 -10 -2 -8 -3
right_child=1 2 3 -5 -6 -7 12 -9 10 -11 -12 -13 -14 -15
leaf_value=-0.12000102688476043 -0.066490825181525243 -1.9182931219995931 1.2614831207766442 -0.044604765365683932 0.1119327045065291 -0.0040377679401291293 -0.26953592937651882 5.9123917800096999 3.8848604586804814 -0.69930933533153816 -0.26451304752334159 0.83134561365778381 -2.071288955219202 -0.35697859966870499
leaf_weight=362 169 172 244 719 341 419 238 82 165 55 37 798 445 188
leaf_count=362 169 172 244 719 341 419 238 82 165 55 37 798 445 188
internal_value=-0.000504846 0.00264831 -0.000539461 0.00372854 -0.00742981 -0.00721228 -0.0106489 0.00870722 0.0128405 0.00622517 0.0230244 0.0068866 -0.015 -0.0147989
internal_weight=4434 3048 1999 1220 1386 779 1045 1049 501 299 202 967 683 360
internal_count=4434 3048 1999 1220 1386 779 1045 1049 501 299 202 967 683 360
cat_boundaries=0 2 4 6
cat_threshold=1712849244 6 3289936408 65 1560676256 6
is_linear=0
shrinkage=0.04


Tree=38
num_leaves=15
num_cat=2
split_feature=0 20 14 0 20 7 3 1 1 24 6 8 26 6
split_gain=58.015 34.4978 37.1083 38.8756 31.3267 34.6472 35.6931 29.5954 25.6402 25.5576 16.8178 23.4232 23.642 15.9874
threshold=0 8.5000000000000018 8.7850543478260885 1 7.5000000000000009 37.373646810293664 5.5000000000000009 -2.4999999999999996 94.500000000000014 6260.2718839478248 55.647441485000009 55.680190089561073 1.2119265340839733 55.73962954000001
decision_type=9 2 10 9 2 8 2 2 2 10 2 10 10 2
left_child=4 2 3 -2 5 -1 -7 -4 9 -6 -9 -12 -13 -8
right_child=1 -3 7 -5 8 6 13 10 -10 -11 11 12 -14 -15
leaf_value=2.0868322365857725 0.45499549784481075 0.12760529309722146 -1.6714799744859579 -0.22814060809472556 0.76115241628047714 1.8057134923936389 -0.19115042556691492 0.054726024673273865 3.4359611333293252 -0.4306126723984926 -1.2722085303947115 -0.47027830694794664 0.36570805616721219 -0.71913435081064625
leaf_weight=90 363 736 566 353 370 116 447 256 298 35 223 180 212 189
leaf_count=90 363 736 566 353 370 116 447 256 298 35 223 180 212 189
internal_value=-0.00086545 -0.004204 -0.0067718 0.000667594 0.00536585 0.000189349 -0.00264901 -0.0104722 0.0116147 0.005 -0.00581236 -0.00938511 -0.00344304 -0.00638498
internal_weight=4434 2889 2153 716 1545 842 752 1437 703 405 871 615 392 636
internal_count=4434 2889 2153 716 1545 842 752 1437 703 405 871 615 392 636
cat_boundaries=0 2 4
cat_threshold=2051147152 6 2156139073 113
is_linear=0
shrinkage=0.04


Tree=39
num_leaves=15
num_cat=2
split_feature=1 7 20 0 0 18 6 8 6 13 20 26 18 8
split_gain=56.2999 46.0598 48.9106 49.8693 30.1933 35.5393 16.2171 24.4189 13.8428 15.7176 14.261 15.8181 13.7228 13.4461
threshold=36.500000000000007 37.379233439029967 8.5000000000000018 0 1 2130.9253888063972 55.643489145000011 55.643135837497731 55.686098940000008 19.704761904761906 8.5000000000000018 1.4637289254380279 1598.4396592465434 55.533200111526718
decision_type=2 10 2 9 9 8 2 10 2 10 2 10 10 8
left_child=4 -2 3 -3 13 6 7 -6 -8 10 11 -10 -5 -1
right_child=1 2 -4 12 5 -7 8 -9 9 -11 -12 -13 -14 -15
leaf_value=3.4093999119814917 3.6926498262705487 0.42854560933325447 1.7350231426773206 -0.31596770725905199 -0.14671314110565908 -0.40409805746144695 -0.84490745922239452 0.95466282393285018 0.11616681546175148 -2.3854567043274124 1.0622825250841768 -1.4702111763719583 -0.92295456985748392 0.023160487479465211
leaf_weight=36 112 1011 424 280 245 625 322 94 140 54 67 109 231 684
leaf_count=36 112 1011 424 280 245 625 322 94 140 54 67 109 231 684
internal_value=-0.00091954 0.00392043 0.0024628 -0.000891803 -0.00511139 -0.00805273 -0.00352031 0.00362573 -0.00702158 -0.00171582 0.00175549 -0.00269841 -0.010916 0.00174625
internal_weight=4434 2058 1946 1522 2376 1656 1031 339 692 370 316 249 511 720
internal_count=4434 2058 1946 1522 2376 1656 1031 339 692 370 316 249 511 720
cat_boundaries=0 2 4
cat_threshold=3657459649 7 2034696632 16
is_linear=0
shrinkage=0.04


Tree=40
num_leaves=15
num_cat=3
split_feature=1 0 20 15 0 20 0 1 3 5 25 25 7 7
split_gain=53.8394 36.5283 39.1556 30.7158 33.1789 27.5498 23.4444 21.0069 20.8473 18.8145 18.4451 18.5625 18.1398 22.5314
threshold=253.50000000000003 0 8.5000000000000018 7.6353697424773488 1 4.5000000000000009 2 -52.499999999999993 5.5000000000000009 37.761282995000009 44.257836342443674 2.6612105134828181 37.373646810293664 37.471955782082851
decision_type=2 9 2 8 9 2 9 2 2 2 8 10 10 10
left_child=1 10 3 4 -3 -2 8 -8 -5 -4 11 -1 -13 -14
right_child=5 2 9 6 -6 -7 7 -9 -10 -11 -12 12 13 -15
leaf_value=-0.9427633657223683 -0.37251050829927307 0.29246798136958518 0.051160080915191648 0.083341000437121546 -0.20936551819580301 3.7067499732076943 -2.173243990703515 -0.25964023840970696 -1.5699251459012453 2.6452944300472128 -0.18869026161555078 1.918323571942834 0.074410082553650586 1.3325761301620735
leaf_weight=70 74 347 696 70 293 312 173 801 430 48 109 130 650 231
leaf_count=70 74 347 696 70 293 312 173 801 430 48 109 130 650 231
internal_value=-0.000847419 -0.0022118 -0.00465343 -0.0074445 -0.000124417 0.0133676 -0.0106161 -0.00672746 -0.0176218 0.00321285 0.00365752 0.00527675 0.00666667 0.00457014
internal_weight=4434 4048 2858 2114 640 386 1474 974 500 744 1190 1081 1011 881
internal_count=4434 4048 2858 2114 640 386 1474 974 500 744 1190 1081 1011 881
cat_boundaries=0 2 4 6
cat_threshold=1480983952 6 2256568897 113 100765764 96
is_linear=0
shrinkage=0.04


Tree=41
num_leaves=15
num_cat=0
split_feature=1 1 18 20 6 23 8 25 2 26 3 13 17 5
split_gain=54.364 33.108 25.2913 23.3806 22.7587 34.4392 40.4541 20.1471 25.2828 21.1309 18.4559 16.9625 16.4242 16.3985
threshold=253.50000000000003 -27.499999999999996 1872.1852371208786 4.5000000000000009 55.651852825000006 83.281450625500014 55.670782997725198 16.808058817343039 722.44134250000013 1.2119265340839733 2.5000000000000004 8.4505952380952412 57.500000000000007 37.485234555000005
decision_type=2 2 8 2 2 10 10 10 2 10 2 10 10 2
left_child=1 2 -1 -2 10 6 -6 8 13 -9 -3 -4 -12 -8
right_child=3 4 11 -5 5 -7 7 9 -10 -11 12 -13 -14 -15
leaf_value=-0.24602502111819477 -0.35761008796730215 -0.89220113878063589 0.037401079541775004 3.5584799742793862 -0.61118544622667426 -0.57151222630524845 0.56970522566183268 0.0014882358601337731 -1.0630434426051283 1.7000637073272351 0.61852493572838685 -2.1068172885016083 -0.046346927371360744 -0.39278439878200117
leaf_weight=591 74 46 74 312 220 471 279 314 100 220 890 314 256 273
leaf_count=591 74 46 74 312 220 471 279 314 100 220 890 314 256 273
internal_value=-0.000504846 -0.00187608 -0.00826884 0.0137789 0.000169271 -0.00257447 0.000567779 0.00349874 -0.00122137 0.0092365 0.00448536 -0.0161637 0.00550044 0.00216216
internal_weight=4434 4048 979 386 3069 1877 1406 1186 652 534 1192 388 1146 552
internal_count=4434 4048 979 386 3069 1877 1406 1186 652 534 1192 388 1146 552
is_linear=0
shrinkage=0.04


Tree=42
num_leaves=15
num_cat=2
split_feature=0 6 0 20 16 5 3 24 6 3 5 8 10 20
split_gain=44.8981 26.4824 34.7954 24.8988 20.595 22.0328 19.701 19.436 23.5031 21.4459 33.4373 24.9418 18.9865 18.8196
threshold=0 55.657609310000005 1 8.5000000000000018 0.32071428571428579 37.750818300000013 20.500000000000004 1604.6996585043146 55.715524555000009 11.500000000000002 37.690485660000007 55.728417603172232 26.500000000000004 8.5000000000000018
decision_type=9 2 9 2 8 2 2 10 2 2 2 10 10 2
left_child=1 4 -3 -2 5 13 -5 8 -4 11 -11 -9 -6 -1
right_child=3 2 7 6 12 -7 -8 9 -10 10 -12 -13 -14 -15
leaf_value=-0.96943552095136309 0.016767017926817118 -1.773524141840912 -2.3792633338533751 1.3559834592364524 -0.13622195927410455 1.1556609771931414 -0.077190008285612163 0.40706722175826027 0.23847240385174387 -1.0236389460003124 0.70422110249391934 -0.84453984191863596 0.81847365827692398 0.28428416655137623
leaf_weight=238 2137 282 83 420 104 36 107 312 40 220 86 69 219 81
leaf_count=238 2137 282 83 420 104 36 107 312 40 220 86 69 219 81
internal_value=-0.000558936 -0.00547392 -0.0093516 0.00271946 0.000704846 -0.00592179 0.0104906 -0.00486027 -0.0193651 -0.00226087 -0.0100971 0.0040625 0.00797546 -0.00931677
internal_weight=4434 1770 1092 2664 678 355 527 810 123 687 306 381 323 319
internal_count=4434 1770 1092 2664 678 355 527 810 123 687 306 381 323 319
cat_boundaries=0 2 4
cat_threshold=10072686 120 4612 96
is_linear=0
shrinkage=0.04


Tree=43
num_leaves=15
num_cat=2
split_feature=1 5 26 7 3 20 23 5 20 5 0 1 26 0
split_gain=48.3361 35.3603 29.4292 31.0267 31.6076 25.9268 27.4986 27.368 21.9741 21.6721 20.2425 28.5064 21.2256 18.6967
threshold=253.50000000000003 37.533866470000014 1.6299291849695279 37.379233439029967 21.500000000000004 8.5000000000000018 481.56170640000005 37.622779030000011 4.5000000000000009 37.413966835000004 0 -51.499999999999993 1.1328366015262126 1
decision_type=2 2 10 8 2 2 8 2 2 2 9 2 10 9
left_child=1 2 3 4 -1 6 10 -7 -2 -4 11 -3 -12 -5
right_child=8 5 9 13 -6 7 -8 -9 -10 -11 12 -13 -14 -15
leaf_value=2.0106634100902845 -0.34397636516568275 -2.8606350164082133 -0.42741525654776297 -0.47705619019818701 -0.73127991430288741 -0.66546146778289694 0.16115029351401194 0.27435179860131476 3.4073873067890412 1.3534774988119227 -2.3990418364656705 -0.0035170757158082778 -0.85848585303438452 0.029037522823987558
leaf_weight=162 74 141 79 570 36 77 238 464 312 350 126 487 483 835
leaf_count=162 74 141 79 570 36 77 238 464 312 350 126 487 483 835
internal_value=-0.000306513 -0.00159961 0.00212285 -0.000373599 0.0143284 -0.00534918 -0.00809202 0.00213235 0.013162 0.0113889 -0.0104839 -0.005117 -0.015627 -0.00247159
internal_weight=4434 4048 2032 1603 198 2016 1475 541 386 429 1237 628 609 1405
internal_count=4434 4048 2032 1603 198 2016 1475 541 386 429 1237 628 609 1405
cat_boundaries=0 2 4
cat_threshold=2148065291 17 3758490400 1
is_linear=0
shrinkage=0.04


Tree=44
num_leaves=15
num_cat=3
split_feature=1 1 20 0 20 24 0 25 6 8 8 18 8 0
split_gain=49.4497 28.2643 21.5149 21.431 19.5238 25.0698 17.7429 15.1067 29.0037 21.3273 30.7427 20.8929 18.4889 22.7161
threshold=-4.4999999999999991 253.50000000000003 4.5000000000000009 0 8.5000000000000018 2245.6348765541838 1 15.995380849170104 55.646745290000005 55.685310854836708 55.733418836703386 1919.3113241791325 55.643135837497731 2
decision_type=2 2 2 9 2 8 9 10 2 10 10 10 10 9
left_child=3 6 -3 -1 5 -5 -2 8 -8 -10 11 -11 -9 -14
right_child=1 2 -4 4 -6 -7 7 12 9 10 -12 -13 13 -15
leaf_value=0.17338833390164174 0.17427780567575496 -0.33021731055905551 3.2710918145174794 -0.23836634674384627 0.0040731183240033707 -1.4190672470063561 0.21777208154481664 -0.21813782326994072 -1.2419662578172079 0.97856456137108694 -1.1013645402296934 -1.37705935351586 -0.022070105390010985 0.61915219104805064
leaf_weight=237 942 74 312 362 314 473 346 250 197 156 182 35 218 336
leaf_count=237 942 74 312 362 314 473 346 250 197 156 182 35 218 336
internal_value=3.60604e-05 0.0028843 0.0129563 -0.0062203 -0.00843373 -0.0116945 0.00141088 -0.00101558 -0.00452666 -0.0100524 -0.0043617 0.00680412 0.00297398 0.0070377
internal_weight=4434 3048 386 1386 1149 835 2662 1720 916 570 373 191 804 554
internal_count=4434 3048 386 1386 1149 835 2662 1720 916 570 373 191 804 554
cat_boundaries=0 2 4 6
cat_threshold=1275462016 2 411436310 46 90177633 16
is_linear=0
shrinkage=0.04


Tree=45
num_leaves=15
num_cat=1
split_feature=1 25 6 8 0 18 7 10 2 8 12 7 10 14
split_gain=44.2149 31.7887 36.9687 44.5393 26.891 25.8645 25.2167 19.9082 18.405 17.9997 16.5956 16.245 16.1077 25.1298
threshold=-29.499999999999996 15.497220382494056 55.657609310000005 55.685310854836708 0 2151.8400730733524 37.487946896436732 14.500000000000002 722.44134250000013 55.731685774155331 2.2775000000000003 37.424332177060002 229.50000000000003 8.6964127764127763
decision_type=2 10 2 10 9 10 10 10 2 10 10 10 10 8
left_child=5 2 7 6 8 -1 -4 -2 11 -5 -7 -3 -6 -14
right_child=1 4 3 9 12 10 -8 -9 -10 -11 -12 -13 13 -15
leaf_value=-0.28330216681054793 -0.3702517600741122 2.2241849847185273 0.086149215540632831 0.19320576907800602 0.12260408686372526 0.15280432952811912 -1.9606967374930906 0.60118136430785374 -0.49577708450845659 -0.72908006426225913 -2.2840545337714455 0.90504473017339226 1.5402994942494244 -0.52484384518361771
leaf_weight=639 88 158 35 363 923 62 178 471 66 350 242 487 49 323
leaf_count=639 88 158 35 363 923 62 178 471 66 350 242 487 49 323
internal_value=1.80302e-05 0.00209502 -0.00233871 -0.00723358 0.00537581 -0.00765328 -0.0231481 0.00576512 0.011547 -0.00240223 -0.0171987 0.0137654 0.00186544 -0.00512
internal_weight=4434 3491 1485 926 2006 943 213 559 711 713 304 645 1295 372
internal_count=4434 3491 1485 926 2006 943 213 559 711 713 304 645 1295 372
cat_boundaries=0 2
cat_threshold=1847067996 6
is_linear=0
shrinkage=0.04


Tree=46
num_leaves=15
num_cat=5
split_feature=1 0 0 20 15 0 21 0 0 25 24 3 3 6
split_gain=45.9539 27.1961 22.6615 22.5761 31.8641 23.6536 22.1553 18.0129 17.8794 17.6146 19.1249 27.1535 25.2622 16.177
threshold=164.50000000000003 0 1 8.5000000000000018 7.6353697424773488 2 1.5000000000000002 3 4 2.6612105134828181 3741.6473607714292 12.500000000000002 20.500000000000004 55.65948546500001
decision_type=2 9 9 2 8 9 2 9 9 10 10 2 2 2
left_child=1 9 6 4 5 -3 -2 -6 -5 -1 -11 -12 -13 -4
right_child=2 3 13 8 7 -7 -8 -9 -10 10 11 12 -14 -15
leaf_value=-0.83760984113441428 -0.22473383712143785 -0.16542388880227607 1.3787245379660726 0.330254663991009 -0.31376560456418129 0.24777131895988774 3.9470477509083004 -1.0513266111191391 -0.079490662581574917 0.76740560324093798 -0.71417600013271543 1.3097742650813695 -0.42243521976011805 -0.42338219547615674
leaf_weight=66 55 233 237 406 610 363 273 744 306 543 196 119 90 193
leaf_count=66 55 233 237 406 610 363 273 744 306 543 196 119 90 193
internal_value=-0.000432725 -0.00228323 0.00851511 -0.00439626 -0.00663594 0.00106845 0.0161877 -0.0100221 0.00167832 0.00327167 0.00471083 -0.00186275 0.00811321 0.00216704
internal_weight=4434 3676 758 2662 1950 596 328 1354 712 1014 948 405 209 430
internal_count=4434 3676 758 2662 1950 596 328 1354 712 1014 948 405 209 430
cat_boundaries=0 2 4 6 7 9
cat_threshold=2017853824 22 1442866240 6 18374669 8 2158519355 119070728 65
is_linear=0
shrinkage=0.04


Tree=47
num_leaves=15
num_cat=2
split_feature=1 7 8 0 1 7 5 20 25 26 20 23 2 0
split_gain=41.646 32.2823 31.1014 39.5637 35.0422 22.7883 20.3774 20.1664 19.1645 25.8106 15.2183 14.0163 13.9489 13.2471
threshold=253.50000000000003 37.379233439029967 55.734335456969006 0 -40.499999999999993 37.734623707363433 37.363783455000011 4.5000000000000009 20.565313567651746 1.1073096507721731 9.5000000000000018 60.91653547100001 665.53866950000008 1
decision_type=2 8 8 9 2 10 2 2 10 10 2 10 2 9
left_child=1 6 3 8 5 10 11 -2 -3 -10 -5 -1 -6 -14
right_child=7 2 -4 4 12 -7 -8 -9 9 -11 -12 -13 13 -15
leaf_value=0.62801934768475054 -0.31036249460357601 1.7832486709241795 -0.41499280673601824 -1.8080659245774067 0.058715991620442769 1.5830310819857241 3.3046835281452789 3.0113056421309556 0.75886974063527202 -1.6048357188377365 0.69601670822402928 -0.67256516241942221 0.054956809314005428 -0.35259748274597713
leaf_weight=72 74 287 604 516 1335 65 100 312 134 77 46 56 220 536
leaf_count=72 74 287 604 516 1335 65 100 312 134 77 46 56 220 536
internal_value=-0.000162272 -0.00136263 -0.00223908 -0.000671016 -0.00257781 -0.0108571 0.0131602 0.0123393 0.0095499 0.000560748 -0.0134513 0.00244275 -9.5511e-05 -0.00442688
internal_weight=4434 4048 3820 3216 2718 627 228 386 498 211 562 128 2091 756
internal_count=4434 4048 3820 3216 2718 627 228 386 498 211 562 128 2091 756
cat_boundaries=0 1 3
cat_threshold=2046820672 25203873 32
is_linear=0
shrinkage=0.04


Tree=48
num_leaves=15
num_cat=3
split_feature=1 7 3 20 0 0 1 23 20 8 3 10 24 0
split_gain=39.2315 30.3543 31.3787 30.4245 27.1281 26.0631 18.7961 18.0371 17.5171 16.9263 16.4262 16.2024 13.1641 14.193
threshold=253.50000000000003 37.373646810293664 21.500000000000004 7.5000000000000009 0 1 41.500000000000007 563.28145062550016 4.5000000000000009 55.576096230814606 6.5000000000000009 227.50000000000003 1845.1957207402668 2
decision_type=2 8 2 2 9 9 2 8 2 10 2 10 10 9
left_child=1 2 -1 5 -5 9 -6 10 -2 -3 -7 -8 -12 -14
right_child=8 3 -4 4 6 7 11 -9 -10 -11 12 -13 13 -15
leaf_value=1.9595426535587726 -0.29794799481943302 -1.8687004095433499 -0.68883634724303489 0.62939929036044562 -0.19185665095126184 0.039930504162556522 0.78152459765644833 0.081651937330757249 2.8908534164457174 0.023573221076442996 -1.5423498399224858 -0.41821259956546897 -0.2670175185371822 -0.9858816167904797
leaf_weight=158 74 46 38 619 806 146 329 183 312 783 183 158 262 337
leaf_count=158 74 46 38 619 806 146 329 183 312 783 183 158 262 337
internal_value=0 -0.00116514 0.0140704 -0.00195071 0.00162924 -0.00547607 -0.00168453 -0.0094306 0.0121337 -4.75059e-05 -0.0117723 0.0044898 -0.0140637 -0.0110963
internal_weight=4434 4048 196 3852 1912 1940 1293 1111 386 829 928 487 782 599
internal_count=4434 4048 196 3852 1912 1940 1293 1111 386 829 928 487 782 599
cat_boundaries=0 1 3 4
cat_threshold=1578205576 2575435555 7 1884296
is_linear=0
shrinkage=0.04


Tree=49
num_leaves=15
num_cat=1
split_feature=1 1 18 7 8 8 3 25 25 20 23 3 0 20
split_gain=40.6402 27.2403 20.3899 19.9453 28.5669 27.0059 24.0138 20.2879 19.8742 17.1074 16.7968 16.1616 14.3682 14.5412
threshold=-35.499999999999993 253.50000000000003 2151.8400730733524 37.379233439029967 55.731685774155331 55.726288484751798 21.500000000000004 42.156985125078272 16.808058817343039 4.5000000000000009 152.58670354650002 6.5000000000000009 0 8.5000000000000018
decision_type=2 2 10 8 8 10 2 10 10 2 10 2 9 2
left_child=2 3 12 6 5 7 -2 -5 -6 -3 -10 -4 13 -1
right_child=1 9 11 4 8 -7 -8 -9 10 -11 -12 -13 -14 -15
leaf_value=-1.8220992739732285 1.8671549664056835 -0.28603007502665573 0.16965232141193518 0.027856487581793116 -0.90484992476649584 1.4018150497496458 -0.62879818552589817 -0.20547889491613269 0.030025551681082247 2.7752192797878887 -0.68709479866741197 -2.266357872392645 0.20553076519402891 0.11448224559770187
leaf_weight=227 178 74 57 2188 299 177 40 35 234 312 36 211 256 110
leaf_count=227 178 74 57 2188 299 177 40 35 234 312 36 211 256 110
internal_value=5.40906e-05 0.00193512 -0.00773148 0.000714734 -0.000148048 0.00176446 0.0123077 0.000557053 -0.00818182 0.011928 -0.00029304 -0.0168266 -0.00355705 -0.0088
internal_weight=4434 3573 861 3187 2969 2400 218 2223 569 386 270 268 593 337
internal_count=4434 3573 861 3187 2969 2400 218 2223 569 386 270 268 593 337
cat_boundaries=0 2
cat_threshold=2685989378 96
is_linear=0
shrinkage=0.04


Tree=50
num_leaves=15
num_cat=1
split_feature=1 1 18 7 8 0 3 25 6 8 20 3 7 3
split_gain=37.2498 26.8526 20.3152 19.1394 24.0203 27.4129 23.3923 18.5701 18.2986 41.7019 28.5151 21.6962 21.3601 16.7474
threshold=-35.499999999999993 253.50000000000003 2151.8400730733524 37.379233439029967 55.731685774155331 0 21.500000000000004 16.808058817343039 55.651852825000006 55.685454096347691 6.5000000000000009 2.5000000000000004 37.665434590201066 8.5000000000000018
decision_type=2 2 10 8 8 9 2 10 2 10 2 2 10 2
left_child=2 3 -1 6 5 -5 -2 -6 11 10 -10 -7 -12 -4
right_child=1 -3 13 4 7 8 -8 -9 9 -11 12 -13 -14 -15
leaf_value=-0.28412681841142956 1.7924687677494564 1.5979415572463671 -0.070633183540695074 0.88227313266012342 -0.868655927775836 -1.0451080578793932 -0.60364625810486217 0.0013432601476872058 -2.1740777868644279 0.13816902462897582 -0.53723495978943281 0.16858243370399806 0.060672217300897342 -2.2874730339926663
leaf_weight=593 178 386 72 319 299 43 40 270 108 518 185 1029 198 196
leaf_count=593 178 386 72 319 299 43 40 270 108 518 185 1029 198 196
internal_value=0 0.00180089 -0.0074537 0.000589342 -0.00025572 0.00149813 0.0119457 -0.00762238 -0.000210124 -0.00407115 -0.0123887 0.00342326 -0.00715026 -0.0165314
internal_weight=4434 3573 861 3187 2969 2400 218 569 2081 1009 491 1072 383 268
internal_count=4434 3573 861 3187 2969 2400 218 569 2081 1009 491 1072 383 268
cat_boundaries=0 1
cat_threshold=1937768768
is_linear=0
shrinkage=0.04


Tree=51
num_leaves=15
num_cat=2
split_feature=1 1 18 17 2 0 26 23 0 3 19 6 12 1
split_gain=35.7494 24.2098 18.9403 17.8632 16.5047 28.3847 19.5167 20.745 19.4378 15.5725 14.3453 14.2239 14.2022 14.9422
threshold=-35.499999999999993 253.50000000000003 2151.8400730733524 20.500000000000004 665.53866950000008 0 1.252449261168324 58.452861869500005 1 8.5000000000000018 792.09948919389285 55.720196035000008 12.826785714285716 136.50000000000003
decision_type=2 2 10 10 2 9 10 10 9 2 10 2 8 2
left_child=2 4 11 -3 6 -6 8 -8 -2 -4 -11 -1 13 -9
right_child=1 3 9 -5 5 -7 7 12 -10 10 -12 -13 -14 -15
leaf_value=-0.64919658046945328 0.13131738075975211 -0.42056273569384622 -0.067807856199067304 2.0880987264574906 0.13500888285016255 -0.33945979029408874 0.61169746621531473 0.74771583307394551 -0.21450872495447726 -0.73616757900109042 -2.7026097845723167 0.43942497606646735 -0.50429709666136624 -0.97514265574207859
leaf_weight=461 487 63 72 323 312 859 656 174 526 60 136 132 134 39
leaf_count=461 487 63 72 323 312 859 656 174 526 60 136 132 134 39
internal_value=0.000126211 0.00189038 -0.00717593 0.0113111 0.000739812 -0.00303237 0.00293214 0.00687873 -0.000984252 -0.015941 -0.0217085 -0.00315436 -0.00102857 0.00537037
internal_weight=4434 3573 861 386 3187 1171 2016 1003 1013 268 196 593 347 213
internal_count=4434 3573 861 386 3187 1171 2016 1003 1013 268 196 593 347 213
cat_boundaries=0 1 3
cat_threshold=293733557 488793092 22
is_linear=0
shrinkage=0.04


Tree=52
num_leaves=15
num_cat=2
split_feature=7 20 0 3 3 0 6 6 1 15 23 6 3 23
split_gain=35.5672 30.3473 38.8571 27.0125 24.9539 22.8435 20.0018 19.5518 18.314 17.019 15.9823 15.1341 18.0678 14.3612
threshold=37.379233439029967 7.5000000000000009 0 21.500000000000004 5.5000000000000009 1 55.735930520000004 55.721496830000014 -78.499999999999986 11.250128125227093 961.05555705200015 55.710295130000006 21.500000000000004 62.47222463100001
decision_type=8 2 9 2 2 9 2 2 2 10 8 2 2 10
left_child=3 4 6 -1 7 -6 -3 10 -4 -7 13 12 -10 -2
right_child=1 2 8 -5 5 9 -8 -9 11 -11 -12 -13 -14 -15
leaf_value=2.060249757140773 -0.25398946394609712 0.71072940773858706 -1.2823813737684835 -0.58482693305286604 0.02344427393573318 -0.30004549312712869 3.86391848262189 1.5453340653482515 0.11993351943050329 -0.98866069570917181 -0.54908245550921519 -0.55307223482123902 -0.45687931870977155 1.0738054735846607
leaf_weight=212 125 471 200 40 522 811 131 82 1020 488 42 199 38 53
leaf_count=212 125 471 200 40 522 811 131 82 1020 488 42 199 38 53
internal_value=-7.21208e-05 -0.000955795 0.00250242 0.0144314 -0.00430856 -0.00607456 0.0109268 0.00629508 -0.00106122 -0.00887195 0 0.000730159 0.00263902 0.00530387
internal_weight=4434 4182 2059 252 2123 1821 602 302 1457 1299 220 1257 1058 178
internal_count=4434 4182 2059 252 2123 1821 602 302 1457 1299 220 1257 1058 178
cat_boundaries=0 2 4
cat_threshold=2113929600 4 2290091556 7
is_linear=0
shrinkage=0.04


Tree=53
num_leaves=15
num_cat=2
split_feature=0 1 25 18 0 2 5 20 5 3 5 20 3 3
split_gain=33.493 21.2163 25.2626 32.2578 21.8245 21.1657 20.8844 16.9876 17.2868 20.8698 16.4715 17.1938 16.037 18.9527
threshold=0 -52.499999999999993 18.05515344602934 2236.637232913175 1 802.45288300000016 37.624665930000006 7.5000000000000009 37.399178430000006 5.5000000000000009 37.748511480000012 8.5000000000000018 20.500000000000004 13.500000000000002
decision_type=9 2 10 10 9 2 2 2 2 2 2 2 2 2
left_child=5 10 3 4 -3 7 -4 8 -1 -10 11 -2 13 -9
right_child=1 2 6 -5 -6 -7 -8 12 9 -11 -12 -13 -14 -15
leaf_value=0.19397672039678715 -1.9450005378117197 -0.41597294318369932 -0.013809317034876459 -0.9849293518193869 0.11241298679796209 -0.62502618267011467 0.52232672527932167 0.68987281501688591 1.3960497379056784 -0.2539466424006207 0.83842961384765002 -0.45981174733634961 -0.20298139611184282 3.1157591885788101
leaf_weight=212 323 453 332 328 818 86 330 365 95 568 73 165 95 191
leaf_count=212 323 453 332 328 818 86 330 365 95 568 73 165 95 191
internal_value=0 -0.00262434 -0.00090106 -0.00362047 -0.000722135 0.00457846 0.00565414 0.00570307 0.00205011 -0.00114114 -0.00957447 -0.01222 0.010581 0.0131664
internal_weight=4434 2822 2261 1599 1271 1612 662 1526 875 663 561 488 651 556
internal_count=4434 2822 2261 1599 1271 1612 662 1526 875 663 561 488 651 556
cat_boundaries=0 2 3
cat_threshold=1514538388 6 605560896
is_linear=0
shrinkage=0.04


Tree=54
num_leaves=15
num_cat=2
split_feature=1 0 20 6 0 1 26 20 2 24 10 8 7 10
split_gain=34.1372 30.3427 31.2797 18.3666 20.6265 19.9856 19.2487 16.3027 14.5453 13.516 14.4597 12.8725 16.8515 16.2408
threshold=253.50000000000003 0 8.5000000000000018 55.654052025000006 1 -49.499999999999993 1.4759194806216192 4.5000000000000009 802.45288300000016 2160.3724050378228 8.5000000000000018 55.733874678138072 37.448544814698643 114.50000000000001
decision_type=2 9 2 2 9 2 10 2 2 10 10 10 10 10
left_child=1 2 3 5 6 -1 -5 -2 -3 10 -7 12 -6 -14
right_child=7 8 -4 4 11 9 -8 -9 -10 -11 -12 -13 13 -15
leaf_value=-1.8522424330575891 -0.33274474920464725 0.11231181461139574 0.14073168254568319 -2.1717680913987807 1.6287804483257913 -0.9472537799104187 -1.2877396688556624 2.5540590520032129 -0.32216264349237805 -0.055621679464426831 0.90538539424025322 -0.87224677261697181 -0.55600654015795759 0.086313320533388055
leaf_weight=133 74 1578 652 119 36 37 151 312 88 338 150 262 210 294
leaf_count=133 74 1578 652 119 36 37 151 312 88 338 150 262 210 294
internal_value=0.000198332 -0.000888669 -0.00377453 -0.00660127 -0.00982326 -0.00133132 -0.0192226 0.0115167 0.00324002 0.00219697 0.0107368 -0.00628221 -0.00279926 -0.00473373
internal_weight=4434 4048 2382 1730 1072 658 270 386 1666 525 187 802 540 504
internal_count=4434 4048 2382 1730 1072 658 270 386 1666 525 187 802 540 504
cat_boundaries=0 2 4
cat_threshold=664400457 97 1053184 97
is_linear=0
shrinkage=0.04


Tree=55
num_leaves=15
num_cat=3
split_feature=1 0 20 0 21 7 13 23 0 19 2 13 26 25
split_gain=33.8045 26.7797 28.6314 21.0282 19.3856 15.6444 15.2254 14.6892 18.0276 20.064 14.4556 13.3077 11.4019 16.3957
threshold=188.50000000000003 0 8.5000000000000018 1 1.5000000000000002 37.707137462107291 22.176785714285717 472.45454624400003 2 20.912080411320769 685.0731555000001 24.329166666666669 1.5030891161665489 21.411082458572377
decision_type=2 9 2 9 2 10 10 8 9 8 2 8 10 10
left_child=1 2 7 4 -2 -5 -4 10 -9 -10 11 -1 -3 -14
right_child=3 12 6 5 -6 -7 -8 8 9 -11 -12 -13 13 -15
leaf_value=-0.22454084613737293 -0.27917750903777916 0.010616629798054228 0.23361742552128753 0.63051027073859478 4.2998474697323674 -2.1519867304451457 -0.51220983445035884 0.84103479825871097 -1.1956054521001216 1.1982375830616077 -1.2273872935924339 -1.6132329646047783 0.91025127387232629 -0.43497736270136272
leaf_weight=902 49 1297 528 343 195 37 60 104 93 38 319 69 362 38
leaf_count=902 49 1297 528 343 195 37 60 104 93 38 319 69 362 38
internal_value=0.000324544 -0.001091 -0.00408278 0.00893142 0.0177432 0.00264631 0.00338409 -0.00698953 0.00218487 -0.0075 -0.00866203 -0.00620123 0.00264327 0.00853598
internal_weight=4434 3810 2113 624 244 380 588 1525 235 131 1290 971 1697 400
internal_count=4434 3810 2113 624 244 380 588 1525 235 131 1290 971 1697 400
cat_boundaries=0 2 4 6
cat_threshold=664400457 96 1174430785 6 109052416 96
is_linear=0
shrinkage=0.04


Tree=56
num_leaves=15
num_cat=3
split_feature=1 25 6 8 0 8 10 3 3 0 0 5 18 15
split_gain=30.8004 22.2396 31.1081 35.3031 20.755 19.2043 16.2721 16.0971 33.1608 30.9746 21.7658 17.603 16.3699 15.8746
threshold=-20.499999999999996 16.57696543240041 55.658633080000008 55.685310854836708 0 55.730982000000004 8.5000000000000018 20.500000000000004 12.500000000000002 1 2 37.419500260000007 4416.6191578402513 11.090670522274342
decision_type=2 10 2 10 9 10 10 2 2 9 9 2 10 10
left_child=13 2 6 -4 -3 -5 -2 8 10 -10 12 -11 -6 -1
right_child=1 4 3 5 7 -7 -8 -9 9 11 -12 -13 -14 -15
leaf_value=-0.078548086930290431 -0.34919127638543124 2.4652757154592799 -1.2797953658187675 0.21983137779287293 -1.4817591896573328 -0.53329713707480408 0.40421478118965826 -0.18611259845350447 2.072100418304732 0.60509648567213115 0.12359577152120414 -0.07449057232890631 0.13855181519552445 -1.0728632615276046
leaf_weight=635 79 115 230 414 160 367 590 219 325 58 497 206 93 446
leaf_count=635 79 115 230 414 160 367 590 219 325 58 497 206 93 446
internal_value=0.000216362 0.00210965 -0.00114082 -0.00556213 0.00536993 -0.00147959 0.00553571 0.00402292 0.005693 0.0127703 0.000106242 0.00202166 -0.00917293 -0.00564576
internal_weight=4434 3353 1680 1011 1673 781 669 1558 1339 589 750 264 253 1081
internal_count=4434 3353 1680 1011 1673 781 669 1558 1339 589 750 264 253 1081
cat_boundaries=0 1 3 5
cat_threshold=637534288 2550154368 7 2550399104 1
is_linear=0
shrinkage=0.04


Tree=57
num_leaves=15
num_cat=0
split_feature=1 5 2 26 7 5 8 5 26 17 25 12 16 18
split_gain=32.2271 22.2551 27.6684 26.4791 19.4585 17.2992 17.0529 17.8344 16.1988 15.2874 14.6224 13.3026 14.0194 12.8602
threshold=253.50000000000003 37.533866470000014 666.52870850000011 1.6061401332668139 37.379233439029967 37.413966835000004 55.730694139580756 37.383460605000003 2.5044494472765799 20.500000000000004 16.808058817343039 0.83392857142857146 0.13383084577114432 4481.8407919420333
decision_type=2 2 2 10 8 2 8 2 10 10 10 10 10 10
left_child=1 3 -3 4 -1 -5 11 -8 -7 -2 -4 -6 -13 -14
right_child=9 2 10 5 6 8 7 -9 -10 -11 -12 12 13 -15
leaf_value=0.61176211871370478 -0.35941585359567713 -0.011769813918254631 -0.81167670682169735 -0.55067423501234669 0.45113144437875385 1.7754709059679612 0.0085506276366216129 -0.53531917561968811 0.50429385000833693 1.7701296672707998 -0.0045434862900856719 0.89071333437038902 -0.52861123168597035 0.5056951464906777
leaf_weight=194 63 1349 480 84 235 193 77 206 163 323 187 118 642 120
leaf_count=194 63 1349 480 84 235 193 77 206 163 323 187 118 642 120
internal_value=0.000108181 -0.000947914 -0.00392273 0.00200491 -0.000401254 0.0106546 -0.00205567 -0.0107692 0.0144847 0.0111054 -0.0105672 0.000178891 -0.00208381 -0.00407843
internal_weight=4434 4048 2016 2032 1592 440 1398 283 356 386 667 1115 880 762
internal_count=4434 4048 2016 2032 1592 440 1398 283 356 386 667 1115 880 762
is_linear=0
shrinkage=0.04


Tree=58
num_leaves=15
num_cat=2
split_feature=1 25 6 7 5 3 0 3 3 24 0 3 10 8
split_gain=30.8621 22.1637 28.5563 31.9131 26.9133 25.246 19.1865 26.2811 30.424 18.0452 19.3796 17.8178 15.5774 15.4527
threshold=-27.499999999999996 16.57696543240041 55.654052025000006 37.695471771890361 37.833310065000006 12.500000000000002 0 20.500000000000004 17.500000000000004 3018.6436380232303 1 6.5000000000000009 147.50000000000003 55.678085542101151
decision_type=2 10 2 10 2 2 9 2 2 8 9 2 10 10
left_child=9 2 -2 5 -5 13 -3 8 -8 10 -1 -11 -6 -4
right_child=1 6 3 4 12 -7 7 -9 -10 11 -12 -13 -14 -15
leaf_value=-0.900821823323536 0.16978755443557006 0.022305671693823362 -0.80320854207344183 -1.7162742827513371 -0.8344581777808171 -0.61158435891377505 0.22157995539028352 -0.16196597969919302 5.0665892100981003 0.37651236048458259 0.13645655106807936 -1.9544206803140316 1.9248758855316646 0.3859607258586803
leaf_weight=221 668 816 70 220 43 240 615 124 153 52 495 211 40 466
leaf_count=221 668 816 70 220 43 240 615 124 153 52 495 211 40 466
internal_value=0.000270453 0.00204743 -0.00112 -0.00513863 -0.0160784 -0.000821566 0.00528346 0.00928177 0.0121401 -0.00598778 -0.00267038 -0.0148872 0.00325581 0.00400742
internal_weight=4434 3455 1747 1079 303 776 1708 892 768 979 716 263 83 536
internal_count=4434 3455 1747 1079 303 776 1708 892 768 979 716 263 83 536
cat_boundaries=0 2 4
cat_threshold=166048418 121 553652800 96
is_linear=0
shrinkage=0.04


Tree=59
num_leaves=15
num_cat=2
split_feature=1 20 7 20 0 6 0 3 6 26 1 7 3 3
split_gain=28.7759 32.7835 21.5218 23.1134 22.3239 18.1888 25.3406 22.6942 17.4904 16.9697 20.0551 17.6781 19.3525 15.6779
threshold=98.500000000000014 4.5000000000000009 37.379233439029967 8.5000000000000018 0 55.644023925000006 1 17.500000000000004 55.654052025000006 1.4884871780492961 307.50000000000006 37.458166500000011 11.500000000000002 2.5000000000000004
decision_type=2 2 10 2 9 2 9 2 2 10 2 10 2 2
left_child=5 -2 -3 4 -4 7 8 13 -7 10 11 -6 -13 -1
right_child=1 2 3 -5 9 6 -8 -9 -10 -11 -12 12 -14 -15
leaf_value=-1.0000499168189978 -0.45088388848288563 3.4167388756155748 -1.0176866540270109 2.7984763714893246 -0.85606268140241071 -0.077403791808210373 -0.057382131620250902 1.2797641090591951 -1.8828224048885915 1.1098458124517345 2.5774162689130709 -0.54407242309310433 1.2445045806165416 0.027031172950855841
leaf_weight=39 188 75 116 240 158 103 1831 150 186 157 93 131 123 844
leaf_count=39 188 75 116 240 158 103 1831 150 186 157 93 131 123 844
internal_value=0.000216362 0.0052648 0.00791971 0.00634672 0.00297055 -0.00183777 -0.00395667 0.00250965 -0.014702 0.00580741 0.00228346 -0.00154217 0.00498054 4.51467e-05
internal_weight=4434 1281 1093 1018 778 3153 2120 1033 289 662 505 412 254 883
internal_count=4434 1281 1093 1018 778 3153 2120 1033 289 662 505 412 254 883
cat_boundaries=0 2 4
cat_threshold=1445892 96 2147484160 97
is_linear=0
shrinkage=0.04


Tree=60
num_leaves=15
num_cat=0
split_feature=1 2 1 20 12 24 20 26 23 5 6 22 8 8
split_gain=26.9825 18.8606 18.1693 24.4764 18.0186 18.1329 17.7147 17.4004 17.1573 12.4204 12.5201 12.3839 12.3332 12.0972
threshold=-27.499999999999996 794.27329800000018 253.50000000000003 4.5000000000000009 9.3414285714285743 3018.6436380232303 8.5000000000000018 1.1207400807541721 64.067189866000021 37.667786035000006 55.671247645000008 239.08346452900003 55.5422312135616 55.705772661394732
decision_type=2 2 2 2 10 10 2 10 10 2 2 2 10 10
left_child=4 2 -2 -4 7 6 -6 9 12 10 -1 -3 -5 -9
right_child=1 11 3 8 5 -7 -8 13 -10 -11 -12 -13 -14 -15
leaf_value=0.6017509055184681 0.03071652376329858 -0.87158728293278132 -0.40399889933380123 0.4037966279188413 -1.17797978913846 -1.9624843904286524 0.46307368295148477 -0.0051256278469467634 0.33164331125900731 -1.2355558552550816 -1.9785570429505535 0.024721025383490289 4.7116929053276753 1.4434216348407196
leaf_weight=47 2933 94 65 43 279 185 83 186 98 45 54 58 164 100
leaf_count=47 2933 94 65 43 279 185 83 186 98 45 54 58 164 100
internal_value=0.000108181 0.00176981 0.00240774 0.0107239 -0.00574338 -0.0105455 -0.00526027 0.000367816 0.0154545 -0.0107383 -0.00269231 -0.011871 0.0219048 0.00608997
internal_weight=4434 3455 3303 370 979 547 362 432 305 146 101 152 207 286
internal_count=4434 3455 3303 370 979 547 362 432 305 146 101 152 207 286
is_linear=0
shrinkage=0.04


Tree=61
num_leaves=15
num_cat=2
split_feature=7 20 1 15 0 0 1 5 1 13 23 6 8 18
split_gain=24.2065 25.2678 29.7749 19.7113 22.6474 19.4732 17.5917 19.0905 16.3948 16.2484 14.2891 12.832 12.6189 11.7741
threshold=37.379233439029967 7.5000000000000009 136.50000000000003 11.503061137307084 0 1 92.500000000000014 37.373414985000004 -29.499999999999996 21.60465838509317 58.452861869500005 55.739211305000005 55.730982000000004 1725.2923839457028
decision_type=8 2 2 10 9 9 2 2 2 8 10 2 10 10
left_child=6 3 5 4 -2 13 7 -1 -5 -10 -4 -7 -13 -3
right_child=1 2 10 8 -6 11 -8 -9 9 -11 -12 12 -14 -15
leaf_value=-0.31508597636692687 -0.49334551450615421 0.3008449410547962 2.6631415550362703 -2.5798283765816272 0.071999981499439522 0.093711266014401953 2.8938519987722051 3.2629060307403832 -0.72381865850327842 0.025827444769781459 0.28855040804570764 3.6893877015392871 0.014986462277036275 -0.28809669364967766
leaf_weight=117 509 201 236 133 907 890 78 57 361 213 149 55 38 490
leaf_count=117 509 201 236 133 907 890 78 57 361 213 149 55 38 490
internal_value=0.000270453 -0.000458781 0.00269641 -0.00351834 -0.000789288 0.000381634 0.0122353 0.00497175 -0.00895775 -0.00596187 0.0126804 0.0039759 0.0179167 -0.00471591
internal_weight=4434 4182 2059 2123 1416 1674 252 174 707 574 385 983 93 691
internal_count=4434 4182 2059 2123 1416 1674 252 174 707 574 385 983 93 691
cat_boundaries=0 2 4
cat_threshold=1612493069 64 2172715619 126
is_linear=0
shrinkage=0.04


Tree=62
num_leaves=15
num_cat=0
split_feature=1 6 8 20 5 2 24 20 3 17 6 5 7 17
split_gain=23.6898 18.5732 31.153 26.5011 22.9579 18.6693 18.1225 18.6557 17.5589 15.9614 14.1924 15.2354 16.0342 19.0305
threshold=-35.499999999999993 55.651852825000006 55.685836233507452 6.5000000000000009 37.624665930000006 722.44134250000013 3018.6436380232303 8.5000000000000018 6.5000000000000009 57.500000000000007 55.721496830000014 37.533866470000014 37.687037000000011 30.500000000000004
decision_type=2 2 10 2 2 2 10 2 2 8 2 2 10 10
left_child=6 9 3 4 -3 -4 7 10 -8 -2 11 -1 -13 -14
right_child=1 2 5 -5 -6 -7 8 -9 -10 -11 -12 12 13 -15
leaf_value=0.14415380510808176 0.46552059462900353 0.094125538207616558 0.1300721408646337 -0.14170744211341968 -1.9348017105032762 -0.54564970824773396 0.41268102145327901 0.58447246198731839 -2.0539178584963009 -0.096020228882152739 0.17628615111161139 -3.0329685607938446 -2.3936308884358626 1.2797482179413988
leaf_weight=138 1106 39 1341 461 103 216 44 127 176 307 133 72 133 38
leaf_count=138 1106 39 1341 461 103 216 44 127 176 307 133 72 133 38
internal_value=0.000342574 0.00177852 -0.000554785 -0.00825083 -0.0231724 0.0024359 -0.00560185 -0.00217391 -0.015426 0.00533898 -0.0055706 -0.00947917 -0.0154472 -0.00850575
internal_weight=4434 3573 2160 603 142 1557 861 641 220 1413 514 381 243 171
internal_count=4434 3573 2160 603 142 1557 861 641 220 1413 514 381 243 171
is_linear=0
shrinkage=0.04


Tree=63
num_leaves=15
num_cat=0
split_feature=1 25 5 1 24 6 8 3 6 7 6 7 5 10
split_gain=23.1861 15.6352 23.2142 15.1155 21.7686 18.7022 19.7372 13.8912 14.1574 13.2505 29.1394 20.8248 19.4316 16.1809
threshold=164.50000000000003 18.179871361859899 37.667786035000006 -54.499999999999993 3018.6436380232303 55.731569795000006 55.615113850516273 7.5000000000000009 55.65948546500001 37.695471771890361 55.658633080000008 37.684165209526832 37.81759447000001 26.500000000000004
decision_type=2 10 2 2 10 2 10 2 2 8 2 10 2 10
left_child=3 7 -3 4 5 6 -1 -2 -9 11 13 -5 -12 -11
right_child=1 2 -4 9 -6 -7 -8 8 -10 10 12 -13 -14 -15
leaf_value=3.1804284396257003 1.2988459683330087 0.77140949697565642 6.4767155284978424 0.017130192600438365 -1.9717611441564487 1.2142515468803867 -0.68801111316765262 0.45258072211912237 -0.9707633750076311 -0.22585177014311128 -1.7395706119002221 0.61005270757101193 -0.080832561347641566 0.36729659057211722
leaf_weight=42 88 358 75 2133 172 70 367 109 128 115 230 138 143 266
leaf_count=42 88 358 75 2133 172 70 367 109 128 115 230 138 143 266
internal_value=0.000162272 0.00651774 0.0114679 -0.00115249 -0.00666667 -0.00224066 -0.00553398 -0.000121951 -0.00516667 3.96301e-05 -0.00454425 0.00156552 -0.0124468 0.00322917
internal_weight=4434 758 433 3676 651 479 409 325 237 3025 754 2271 373 381
internal_count=4434 758 433 3676 651 479 409 325 237 3025 754 2271 373 381
is_linear=0
shrinkage=0.04


Tree=64
num_leaves=15
num_cat=2
split_feature=1 7 3 20 0 0 6 3 15 6 12 20 23 20
split_gain=24.1588 17.6713 25.4479 16.3328 21.2691 19.3027 17.7292 17.662 18.6241 16.5942 16.5333 14.8253 14.2131 14.2069
threshold=253.50000000000003 37.373646810293664 21.500000000000004 7.5000000000000009 0 1 55.733896435000005 5.5000000000000009 11.313460787049861 55.572060790000002 27.514583333333338 4.5000000000000009 64.067189866000021 8.5000000000000018
decision_type=2 8 2 2 9 9 2 2 8 2 10 2 10 2
left_child=1 2 -1 5 6 7 9 -3 -9 -5 -6 -2 -13 -11
right_child=11 3 -4 4 10 -7 -8 8 -10 13 -12 12 -14 -15
leaf_value=1.4766610930784476 -0.33333867996235811 0.22116602435918481 -0.60596121059334052 1.9407808571610412 -0.01474757331621996 0.0014618088482877666 3.0368328187907765 -0.36534824701795943 -1.4200255751405793 -0.60066622770271783 -0.74586569901455946 3.1554814209625546 0.26373493431976386 0.33556960283336595
leaf_weight=158 74 149 38 166 1152 895 131 594 302 181 77 214 98 205
leaf_count=158 74 149 38 166 1152 895 131 594 302 181 77 214 98 205
internal_value=0.000144242 -0.00077018 0.0108543 -0.00136965 0.00125326 -0.00395265 0.00683908 -0.00759924 -0.00978865 0.00374775 -0.00190016 0.00966581 0.0134603 -0.000822622
internal_weight=4434 4048 196 3852 1912 1940 683 1045 896 552 1229 386 312 386
internal_count=4434 4048 196 3852 1912 1940 683 1045 896 552 1229 386 312 386
cat_boundaries=0 1 3
cat_threshold=2114982344 1981411528 96
is_linear=0
shrinkage=0.04


Tree=65
num_leaves=15
num_cat=2
split_feature=7 3 20 1 0 0 6 7 7 1 7 18 15 3
split_gain=22.0811 22.1534 19.7374 25.2435 23.9319 22.1023 19.561 26.553 30.7787 20.6707 18.7185 13.3612 13.3425 11.3836
threshold=37.379233439029967 21.500000000000004 8.5000000000000018 136.50000000000003 0 1 55.654052025000006 37.695471771890361 37.687037000000011 -96.499999999999986 37.727834429505698 1539.3153451604151 15.656582695932151 21.500000000000004
decision_type=8 2 2 2 9 9 2 10 10 2 10 10 8 2
left_child=1 -1 5 4 -4 6 9 8 12 -2 -9 -12 -8 -6
right_child=2 -3 3 -5 13 -7 7 10 -10 -11 11 -13 -14 -15
leaf_value=1.713142788384483 -2.5682883004606056 -0.55049395462822748 0.51835043813001835 2.9453774941149993 -0.041517645170905018 0.024046399590587502 -0.46488585738379257 -2.3926859377271259 1.2429051988917246 0.11418915516799129 0.25319566632861268 -1.1247607555492176 0.0054286249042364643 -0.70051983702830878
leaf_weight=212 64 40 418 166 380 1735 355 198 74 456 72 85 135 44
leaf_count=212 64 40 418 166 380 1735 355 198 74 456 72 85 135 44
internal_value=0.000180302 0.0116078 -0.000516129 0.00435213 0.00151479 -0.00206484 -0.00570248 -0.00924078 -0.00380952 0.000458891 -0.0177654 -0.00725 -0.0074645 -0.00512586
internal_weight=4434 252 4182 1008 842 3174 1439 919 564 520 355 157 490 424
internal_count=4434 252 4182 1008 842 3174 1439 919 564 520 355 157 490 424
cat_boundaries=0 2 4
cat_threshold=1041805448 1 85979660 96
is_linear=0
shrinkage=0.04


Tree=66
num_leaves=15
num_cat=0
split_feature=1 7 3 2 25 7 7 15 8 24 18 1 3 23
split_gain=22.6405 21.3125 19.8024 18.6283 14.342 14.0922 26.438 13.5544 15.4587 25.5602 27.4468 11.7552 15.1679 11.997
threshold=76.500000000000014 37.379233439029967 20.500000000000004 756.71854900000005 31.740272659408685 37.743880356696529 37.707137462107291 8.9485114738748042 55.633786668120671 3121.8768174188667 4481.8407919420333 -76.499999999999986 9.5000000000000018 68.534242578500013
decision_type=2 10 2 2 10 10 10 10 10 10 10 2 2 10
left_child=7 -2 3 4 5 6 -3 -1 9 -9 -11 12 -10 -13
right_child=1 2 -4 -5 -6 -7 -8 8 11 10 -12 13 -14 -15
leaf_value=0.043854840751961603 2.9989095409136479 0.36576270507470443 -1.0031601938743662 -0.59904110046233627 2.4005132667081348 1.9379337359879747 -1.3747620117349604 1.5413119813692298 0.16807672650562233 -1.5895174225754187 0.54829811531732897 -0.044229041251204512 -1.8870315145916476 -0.45377580321580091
leaf_weight=1119 91 901 84 117 90 118 119 113 52 108 61 916 213 332
leaf_count=1119 91 901 84 117 90 118 119 113 52 108 61 916 213 332
internal_value=0.000144242 0.00409718 0.00287709 0.00406528 0.00552396 0.00427695 0.00273705 -0.00191978 -0.00407119 0.00449123 -0.00534884 -0.00567282 -0.0132836 -0.00402878
internal_weight=4434 1520 1429 1345 1228 1138 1020 2914 1795 282 169 1513 265 1248
internal_count=4434 1520 1429 1345 1228 1138 1020 2914 1795 282 169 1513 265 1248
is_linear=0
shrinkage=0.04


Tree=67
num_leaves=15
num_cat=2
split_feature=1 20 10 7 5 20 0 6 0 12 6 20 24 7
split_gain=21.9061 15.5998 15.6331 14.6294 22.7355 15.1376 17.6008 15.9134 15.8432 14.025 12.8386 14.072 13.182 26.1455
threshold=253.50000000000003 8.5000000000000018 122.50000000000001 37.376489388900275 37.373414985000004 7.5000000000000009 0 55.735930520000004 1 27.633333333333336 55.572060790000002 9.5000000000000018 3696.5430300477751 37.469323520678152
decision_type=2 2 10 8 2 2 9 2 9 10 2 2 10 10
left_child=3 2 -2 4 -1 8 7 10 -5 -8 12 -12 -7 -14
right_child=1 -3 -4 5 -6 6 9 -9 -10 -11 11 -13 13 -15
leaf_value=-0.073831578329204894 -0.35997258134506882 3.6756999883426942 0.89192271341240037 0.029846135060968209 2.9267821509921808 4.376066564251647 -0.012957870389429686 3.2629509179294258 -0.29988963312451927 -0.86808561692944064 -0.16871367704551393 1.047710316333315 -1.5100861598729824 2.8853346972759493
leaf_weight=138 110 78 198 681 76 68 1166 108 1248 73 336 56 50 48
leaf_count=138 110 78 198 681 76 68 1166 108 1248 73 336 56 50 48
internal_value=-1.80302e-05 0.00904884 0.00488746 -0.000888669 0.00921659 -0.00145947 0.00106918 0.00624448 -0.00395445 -0.00175719 0.00356506 -0.000405063 0.0127811 0.00316832
internal_weight=4434 386 308 4048 214 3834 1905 666 1929 1239 558 392 166 98
internal_count=4434 386 308 4048 214 3834 1905 666 1929 1239 558 392 166 98
cat_boundaries=0 1 3
cat_threshold=2114982280 2307261984 7
is_linear=0
shrinkage=0.04


Tree=68
num_leaves=15
num_cat=2
split_feature=0 6 0 3 2 8 6 26 14 18 23 3 18 24
split_gain=18.3948 19.9468 25.6667 18.5226 17.3398 17.2461 17.2097 16.2944 19.2887 14.1575 14.1098 13.4512 23.1573 22.3677
threshold=0 55.651852825000006 1 9.5000000000000018 802.45288300000016 55.642883327811326 55.677660640000006 1.0679457528366472 1.0000000180025095e-35 1101.1645403855071 73.694479510500017 12.500000000000002 2359.4960758246184 5609.4025252559522
decision_type=9 2 9 2 2 10 2 10 8 10 10 2 8 10
left_child=1 5 -3 6 10 -1 -4 -8 -9 -7 11 12 -2 -14
right_child=4 2 3 -5 -6 9 7 8 -10 -11 -12 -13 13 -15
leaf_value=-0.078138347663362459 0.80032523163210556 -1.6581207044940309 0.65717873867535104 -0.35700176448690285 -0.53141408311616234 1.2580790560257571 -0.93377465266274218 -0.71293746446013773 0.23526406269011277 0.092593713767278554 -0.023259512259930944 0.47951455949781407 -0.69139131451855407 0.20600382879640541
leaf_weight=544 355 227 119 670 104 132 114 38 247 292 663 598 269 62
leaf_count=544 355 227 119 670 104 132 114 38 247 292 663 598 269 62
internal_value=0.000198332 -0.00218698 -0.00521862 -0.00273106 0.00296512 0.00222451 0.00291747 -0.00109453 0.00402778 0.00824356 0.0038359 0.00627817 0.00243832 -0.0051497
internal_weight=4434 2383 1415 1188 2051 968 518 399 285 424 1947 1284 686 331
internal_count=4434 2383 1415 1188 2051 968 518 399 285 424 1947 1284 686 331
cat_boundaries=0 2 4
cat_threshold=93975099 97 512 97
is_linear=0
shrinkage=0.04


Tree=69
num_leaves=15
num_cat=2
split_feature=20 0 0 3 6 8 8 18 10 19 25 5 23 3
split_gain=17.282 23.4113 17.9197 23.721 17.5064 22.3034 17.3603 16.6081 15.3968 13.5828 15.6546 15.9576 14.301 13.4004
threshold=8.5000000000000018 0 1 21.500000000000004 55.654052025000006 55.685454096347691 55.642883327811326 1214.3765688020974 294.50000000000006 830.21958802905249 14.433630658220759 37.416216135000006 62.978373979000004 17.500000000000004
decision_type=2 9 9 2 2 10 10 10 10 10 10 2 10 2
left_child=1 4 -2 8 6 -6 -1 -8 13 10 -3 -12 -11 -4
right_child=2 9 3 -5 5 -7 7 -9 -10 12 11 -13 -14 -15
leaf_value=-0.19187462840174163 1.3829521604047141 0.014427122173740514 0.067478989204940748 -0.67518396849442353 -1.4384120718242497 -0.15972457411147217 1.2715913429220356 0.02117603273600608 -0.65107607939402556 0.017716467284577164 1.4029494903331727 0.11422452850346555 -0.51181709610757709 1.8436028927497046
leaf_weight=412 281 488 440 53 363 484 75 142 102 752 106 317 264 155
leaf_count=412 281 488 440 53 363 484 75 142 102 752 106 317 264 155
internal_value=0.000306513 -0.0010687 0.00483559 0.00146789 -0.00483546 -0.00861176 0.000189873 0.00927273 0.00348571 0.00183505 0.00538293 0.0109859 -0.00133464 0.00595318
internal_weight=4434 3403 1031 750 1476 847 629 217 697 1927 911 423 1016 595
internal_count=4434 3403 1031 750 1476 847 629 217 697 1927 911 423 1016 595
cat_boundaries=0 2 3
cat_threshold=622457480 96 1040191624
is_linear=0
shrinkage=0.04


Tree=70
num_leaves=15
num_cat=2
split_feature=1 20 1 24 6 0 23 6 26 0 15 10 1 6
split_gain=20.1647 15.2786 14.4953 25.1439 15.3683 17.0673 14.6461 21.2009 17.873 15.9485 15.6423 21.2776 14.3478 13.0421
threshold=253.50000000000003 4.5000000000000009 -56.499999999999993 3018.6436380232303 55.731569795000006 0 64.067189866000021 55.676366220000006 1.3609166754984259 1 8.9485114738748042 1.0000000180025095e-35 98.500000000000014 55.644091925000005
decision_type=2 2 2 10 2 9 10 2 10 9 8 10 2 2
left_child=2 -2 3 4 5 -1 8 10 9 13 11 -8 -10 -4
right_child=1 -3 6 -5 -6 -7 7 -9 12 -11 -12 -13 -14 -15
leaf_value=0.4376384720819359 -0.29811242700866575 1.6464358687957006 -0.029572693896081432 -1.8527911907748955 1.2065130474950747 -0.72064537025568598 -0.3528092612642611 -0.44963700232031784 0.12778524227169935 0.04401087625852014 -0.22715469715047448 0.71710159884338776 1.3121369910157794 -0.74898252433270984
leaf_weight=102 74 312 190 169 68 292 66 583 728 960 253 244 224 169
leaf_count=102 74 312 190 169 68 292 66 583 728 960 253 244 224 169
internal_value=0.000144242 0.00884319 -0.000691187 -0.00624606 -0.00137634 -0.00443325 0.000339181 -0.00334204 0.00219877 -0.000816944 0.00219081 0.00817891 0.00636649 -0.00784946
internal_weight=4434 386 4048 631 462 394 3417 1146 2271 1319 563 310 952 359
internal_count=4434 386 4048 631 462 394 3417 1146 2271 1319 563 310 952 359
cat_boundaries=0 2 4
cat_threshold=2550693888 1 2684916356 65
is_linear=0
shrinkage=0.04


Tree=71
num_leaves=15
num_cat=0
split_feature=1 24 23 7 2 6 17 7 3 1 20 18 24 19
split_gain=19.6289 24.6592 16.7688 18.572 16.9369 15.6691 15.9428 17.1823 21.8104 14.3374 18.7129 15.7607 16.7237 14.0752
threshold=-56.499999999999993 3018.6436380232303 64.067189866000021 37.376489388900275 685.0731555000001 55.658633080000008 49.500000000000007 37.707137462107291 10.500000000000002 138.50000000000003 8.5000000000000018 2359.4960758246184 3137.1589718211594 1580.0180314093006
decision_type=2 10 10 8 2 2 10 10 2 2 2 8 10 8
left_child=1 -1 3 -2 9 6 7 -4 -9 11 -11 -5 -13 -6
right_child=2 -3 5 4 13 -7 -8 8 -10 10 -12 12 -14 -15
leaf_value=-0.074063512715877813 1.6372079707317426 -1.7786795431438998 0.64955201510831528 0.26555266066629374 -0.24429953639840693 -0.38340261972369305 -0.46343291822123156 1.897815223997366 -0.76657361338059693 0.52917562760689918 4.4659401065786986 -0.9011154461884604 0.010425398607782186 0.19435124567227349
leaf_weight=462 139 169 340 722 595 732 100 48 66 313 77 103 436 132
leaf_count=462 139 169 340 722 595 732 100 48 66 313 77 103 436 132
internal_value=0.000144242 -0.00637224 0.00122964 0.00312698 0.00228475 -0.00248254 0.00258528 0.00577681 -0.00752137 0.00452237 0.0111959 0.00243671 -0.00273063 -0.00279452
internal_weight=4434 631 3803 2517 2378 1286 554 454 114 1651 390 1261 539 727
internal_count=4434 631 3803 2517 2378 1286 554 454 114 1651 390 1261 539 727
is_linear=0
shrinkage=0.04


Tree=72
num_leaves=15
num_cat=2
split_feature=1 20 0 15 3 3 7 8 0 25 8 1 1 3
split_gain=18.2552 17.7943 20.9746 19.3345 13.156 25.6808 15.5689 22.2519 25.3079 15.2113 20.8246 20.1733 14.5439 14.2245
threshold=-4.4999999999999991 9.5000000000000018 0 1.1172350697719169 20.500000000000004 17.500000000000004 37.373646810293664 55.730982000000004 1 18.179871361859899 55.643259118017944 35.500000000000007 2.5000000000000004 2.5000000000000004
decision_type=2 2 9 8 2 2 8 8 9 10 10 2 2 2
left_child=1 2 3 -1 5 6 -2 8 -8 11 -11 -7 -9 -10
right_child=4 -3 -4 -5 -6 9 7 12 13 10 -12 -13 -14 -15
leaf_value=0.36889150982625862 1.8822922630761445 0.68400763260261666 0.034160854936583135 -0.83626225456292236 -0.1975251635126114 1.8498300755269605 0.93285916374604749 0.046548260629219892 -0.56038728555010064 1.0578599551466132 4.6404570473524993 -0.37176151924762507 -0.43514761636982202 0.040522540333990754
leaf_weight=108 74 95 580 603 282 36 242 65 78 118 123 111 412 1507
leaf_count=108 74 95 580 603 282 36 242 65 78 118 123 111 412 1507
internal_value=0 -0.0038013 -0.00503864 -0.00955801 0.00173058 0.00257133 0.00100798 0.000416125 0.00242623 0.0120716 0.0181967 0.00186667 -0.00725 0.000525657
internal_weight=4434 1386 1291 711 3048 2766 2378 2304 1827 388 241 147 477 1585
internal_count=4434 1386 1291 711 3048 2766 2378 2304 1827 388 241 147 477 1585
cat_boundaries=0 2 3
cat_threshold=597242435 97 1736447296
is_linear=0
shrinkage=0.04


Tree=73
num_leaves=15
num_cat=2
split_feature=0 6 0 8 24 6 18 3 15 17 3 3 8 1
split_gain=17.1795 23.3147 23.8597 18.6489 15.7176 16.6041 15.1663 14.9299 13.211 13.6002 15.386 11.0918 14.6255 11.1498
threshold=0 55.651852825000006 1 55.642883327811326 1845.1957207402668 55.715524555000009 1200.7064069956539 17.500000000000004 10.969962919774408 26.500000000000004 12.500000000000002 4.5000000000000009 55.572665257799649 253.50000000000003
decision_type=9 2 9 10 10 2 10 2 8 10 2 2 10 2
left_child=1 3 -3 -1 5 -4 -5 -8 9 -6 -11 12 -2 -13
right_child=11 2 4 6 8 -7 7 -9 -10 10 -12 13 -14 -15
leaf_value=-0.1006023061985519 -1.2842835597385114 -1.1132967055491829 -1.508041895858045 0.99849551784767698 -0.052120895056796117 0.10331602766239527 -0.1555609457202479 1.6232403402325988 -0.10736765274995247 1.4886519813793855 -0.10862977451232335 0.015593179382752316 0.79504014507592047 0.95388760866921218
leaf_weight=515 41 415 85 198 210 63 225 68 400 85 52 1645 184 248
leaf_count=515 41 415 85 198 210 63 225 68 400 85 52 1645 184 248
internal_value=0.000108181 -0.00226707 -0.00578827 0.00229931 -0.00198238 -0.0137748 0.00785425 0.00202703 0.000373333 0.00605714 0.0157143 0.00270296 0.0110526 0.00170886
internal_weight=4434 2316 1310 1006 895 148 491 293 747 347 137 2118 225 1893
internal_count=4434 2316 1310 1006 895 148 491 293 747 347 137 2118 225 1893
cat_boundaries=0 2 4
cat_threshold=2224812568 97 2147504640 97
is_linear=0
shrinkage=0.04


Tree=74
num_leaves=15
num_cat=0
split_feature=1 24 23 2 1 26 1 20 6 15 10 16 10 5
split_gain=18.1383 23.3831 16.9341 16.6195 18.4308 16.023 16.6113 13.0892 12.8959 17.136 18.6355 12.6712 14.1691 13.0301
threshold=-56.499999999999993 3018.6436380232303 64.067189866000021 786.52870850000011 372.50000000000006 1.3609166754984259 87.500000000000014 8.5000000000000018 55.676366220000006 8.9485114738748042 1.0000000180025095e-35 0.31866537717601556 72.500000000000014 37.524461600000009
decision_type=2 10 10 2 2 10 2 2 2 8 8 8 10 2
left_child=1 7 3 4 5 -2 -7 11 9 10 -4 13 -13 -1
right_child=2 -3 8 -5 -6 6 -8 -9 -10 -11 -12 12 -14 -15
leaf_value=0.24323394483057256 0.00084186556327942703 -1.6849339064574786 -0.36518538778002924 -0.37969661850675884 4.7332696376576813 0.093072965758569423 1.4736996453757718 0.53282089685056389 -0.36557395862605346 -0.20391538432693665 0.66733179165575518 -0.69549441147815316 1.0204567584323061 -1.8414475150106346
leaf_weight=47 1354 169 67 110 83 671 299 94 665 289 265 41 110 170
leaf_count=47 1354 169 67 110 83 671 299 94 665 289 265 41 110 170
internal_value=1.80302e-05 -0.00624606 0.00106148 0.00296825 0.00366805 0.00299098 0.00690647 -0.00154839 -0.00266874 0.00147436 0.00764179 -0.00495957 0.0038961 -0.0110909
internal_weight=4434 631 3803 2517 2407 2324 970 462 1286 621 332 368 151 217
internal_count=4434 631 3803 2517 2407 2324 970 462 1286 621 332 368 151 217
is_linear=0
shrinkage=0.04


Tree=75
num_leaves=15
num_cat=2
split_feature=20 0 6 0 3 18 8 1 8 13 23 24 6 2
split_gain=16.7269 19.1804 22.3112 22.4712 18.1245 15.4756 16.6235 13.0642 16.8539 12.8878 12.751 12.2979 18.3698 10.91
threshold=9.5000000000000018 0 55.647441485000009 1 20.500000000000004 1523.717934919749 55.655300962443029 25.500000000000004 55.643447322143729 12.217142857142859 96.175300503000017 2245.6348765541838 55.640211270000002 779.0834645000001
decision_type=2 9 2 9 2 10 10 2 10 10 10 10 2 2
left_child=1 2 7 5 9 6 -4 11 -9 -2 13 12 -1 -3
right_child=4 10 3 -5 -6 -7 -8 8 -10 -11 -12 -13 -14 -15
leaf_value=-0.24103671950190589 2.8249736269335233 0.15964318790404464 0.89957915556862933 -0.089267758729502253 -0.21841165844861671 -1.2789195901895825 -1.9731794986219786 0.0010156247017086173 1.3930469250851376 0.29287536130413505 -0.16759377139110598 -0.25690260473812787 0.77197843349976492 -0.42702178416480124
leaf_weight=110 76 1261 35 1126 72 191 66 204 151 129 551 306 72 84
leaf_count=110 76 1261 35 1126 72 191 66 204 151 129 551 306 72 84
internal_value=0.000108181 -0.000528846 -0.00300792 -0.00608023 0.00957143 -0.0157377 -0.00346154 0.00212766 0.00793296 0.0155769 0.00243059 -0.00211813 0.00605405 0.00454006
internal_weight=4434 4157 2261 1418 277 292 101 843 355 205 1896 488 182 1345
internal_count=4434 4157 2261 1418 277 292 101 843 355 205 1896 488 182 1345
cat_boundaries=0 2 4
cat_threshold=2241573465 97 2147484160 97
is_linear=0
shrinkage=0.04


Tree=76
num_leaves=15
num_cat=0
split_feature=6 8 3 10 26 3 20 7 6 7 7 10 18 3
split_gain=14.2016 29.7321 19.807 16.667 16.0798 15.9389 14.7021 12.5036 13.7921 25.2035 19.0931 12.4514 21.2441 15.7009
threshold=55.644023925000006 55.685454096347691 4.5000000000000009 30.500000000000004 1.0460717964229798 2.5000000000000004 9.5000000000000018 37.448938814063538 55.657609310000005 37.702326335653296 37.682438366796376 51.500000000000007 1050.1912880269649 11.500000000000002
decision_type=2 10 2 10 10 2 2 8 2 8 10 10 10 2
left_child=5 6 -3 -4 -5 -1 7 -2 -9 10 -10 -7 -13 -14
right_child=1 2 3 4 -6 11 -8 8 9 -11 -12 12 13 -15
leaf_value=-0.94356290801765053 0.39159417883211478 0.92237561705258775 0.15590243569460061 -0.35540196004507957 -0.0066197160669795923 -0.1072990125569482 0.091518429484540004 -0.082447686425948283 -0.46659072067715074 -1.7963246157330754 0.73799053759643696 0.90433980471966013 -0.22259991998621192 0.37346681134391702
leaf_weight=43 35 189 372 232 1126 332 124 278 283 213 75 258 388 486
leaf_count=43 35 189 372 232 1126 332 124 278 283 213 75 258 388 486
internal_value=5.40906e-05 -0.00156997 0.00135276 0 -0.00205731 0.0032053 -0.00712166 -0.00892897 -0.0099061 -0.0134495 -0.00686981 0.00392638 0.0059207 0.00291904
internal_weight=4434 2927 1919 1730 1358 1507 1008 884 849 571 358 1464 1132 874
internal_count=4434 2927 1919 1730 1358 1507 1008 884 849 571 358 1464 1132 874
is_linear=0
shrinkage=0.04


Tree=77
num_leaves=15
num_cat=0
split_feature=2 5 25 5 23 7 26 18 7 1 16 26 14 14
split_gain=16.6211 14.823 16.0319 18.1413 12.2966 18.517 14.9117 18.9558 11.2171 13.6774 9.90651 9.64585 11.5291 12.2599
threshold=665.53866950000008 37.533866470000014 18.78313428062496 37.663747860000008 56.011518896500007 37.401702882063368 1.4027291518428402 4481.8407919420333 37.447962585509416 102.50000000000001 0.25143678160919547 1.6061401332668139 17.808210784313729 13.885535346602611
decision_type=2 2 10 2 10 8 10 10 10 2 10 10 8 10
left_child=4 11 -3 -4 5 -1 7 8 -7 -10 -9 12 13 -2
right_child=1 2 3 -5 -6 6 -8 10 9 -11 -12 -13 -14 -15
leaf_value=1.3486606334823625 -0.022685705693288795 -0.5238853070901961 -0.26351949671406127 2.2223698317375198 -0.04342340973148183 -1.2817671348346518 0.29031414363108055 0.038927804828661414 -0.20183181770213851 0.55046632386482208 0.55253172919226667 0.48755697018035932 0.096348726443576213 -1.0763905716836655
leaf_weight=112 334 577 103 58 1140 89 702 95 442 127 108 152 267 128
leaf_count=112 334 577 103 58 1140 89 702 95 442 127 108 152 267 128
internal_value=-5.40906e-05 -0.0032799 -0.00744939 0.00365854 0.0018027 0.00398093 0.00283525 -0.000694444 -0.00399395 -0.00188811 0.00990291 0.000226244 -0.00169399 -0.00550538
internal_weight=4434 1619 738 161 2815 1675 1563 861 658 569 203 881 729 462
internal_count=4434 1619 738 161 2815 1675 1563 861 658 569 203 881 729 462
is_linear=0
shrinkage=0.04


Tree=78
num_leaves=15
num_cat=1
split_feature=1 24 6 20 5 3 23 0 3 25 3 6 6 15
split_gain=15.7195 24.8131 13.1065 14.1342 14.6622 11.5592 10.8319 15.8766 19.1701 15.4112 14.8337 18.4058 13.1025 13.6105
threshold=-56.499999999999993 3018.6436380232303 55.732494605000007 8.5000000000000018 37.524461600000009 9.5000000000000018 64.067189866000021 0 6.5000000000000009 3.3847902666087402 20.500000000000004 55.703563465000009 55.658633080000008 12.114591844366602
decision_type=2 10 2 2 2 2 10 9 2 10 2 2 2 8
left_child=1 2 3 4 -1 -3 7 8 -2 -9 -11 -12 13 -8
right_child=6 5 -4 -5 -6 -7 12 9 -10 10 11 -13 -14 -15
leaf_value=0.15657197574693882 -0.44890881667163196 0.19212583641276457 1.1293529112669949 0.30702201029414894 -0.96042330877011528 -2.3617104305223418 0.35611383248725986 -0.63394249320315921 0.02291377200874109 0.33357375449483007 -0.42732580661772518 0.086874261357245047 -0.32908434945116255 -0.3698783163053872
leaf_weight=78 239 40 66 89 229 129 409 61 687 1349 84 97 732 145
leaf_count=78 239 40 66 89 229 129 409 61 687 1349 84 97 732 145
internal_value=-3.60604e-05 -0.00586751 -0.00103226 -0.00380952 -0.00787097 -0.0188372 0.000935365 0.00246032 -0.00170394 0.00486284 0.00568819 -0.005 -0.0020481 0.00258528
internal_weight=4434 631 462 396 307 169 3803 2517 926 1591 1530 181 1286 554
internal_count=4434 631 462 396 307 169 3803 2517 926 1591 1530 181 1286 554
cat_boundaries=0 2
cat_threshold=2223575747 65
is_linear=0
shrinkage=0.04


Tree=79
num_leaves=15
num_cat=4
split_feature=1 20 0 19 0 17 6 6 0 5 1 26 0 7
split_gain=13.9276 16.1399 12.4973 14.6019 12.2279 11.8219 13.8699 21.9897 16.88 16.3863 18.3675 12.6633 12.1361 11.2772
threshold=164.50000000000003 8.5000000000000018 0 16.122729436101984 1 23.500000000000004 55.644023925000006 55.640211270000002 2 37.729629150000008 -1.0000000180025095e-35 1.1328366015262126 3 37.743880356696529
decision_type=2 2 9 10 9 10 2 2 9 2 2 10 9 10
left_child=4 2 -2 -4 5 12 7 9 -8 10 -7 -10 -1 -5
right_child=1 -3 3 13 -6 6 8 -9 11 -11 -12 -13 -14 -15
leaf_value=0.49993543812508295 -0.41934403357589051 2.6668334632934041 -0.87435200202376995 0.27612184570047132 0.031512082110092696 -1.4300700043894425 -0.026654749383441746 0.57619344851039955 -1.3869887072657354 0.19456751097613492 0.0016206650909158782 -0.52119572631866595 -0.027831437774106363 3.8170381076800219
leaf_weight=128 232 146 43 279 1654 111 284 123 165 108 105 364 634 58
leaf_count=128 232 146 43 279 1654 111 284 123 165 108 105 364 634 58
internal_value=-9.0151e-05 0.00483574 0.00195122 0.00631043 -0.001109 -0.00318428 -0.00557403 8.88889e-05 -0.00867647 -0.00538226 -0.0116895 -0.0127675 0.000732026 0.00929412
internal_weight=4434 758 612 380 3676 2022 1260 447 813 324 216 529 762 337
internal_count=4434 758 612 380 3676 2022 1260 447 813 324 216 529 762 337
cat_boundaries=0 2 4 6 7
cat_threshold=134615941 96 2276585987 100 19922944 4 2181108224
is_linear=0
shrinkage=0.04


Tree=80
num_leaves=15
num_cat=2
split_feature=2 0 0 18 1 25 20 15 6 14 15 1 10 6
split_gain=15.4407 19.099 16.2978 13.3735 13.5818 10.8809 10.337 14.4507 11.4282 10.8003 9.59283 14.3993 9.62718 13.3959
threshold=665.53866950000008 0 1 2165.6867341351231 -40.499999999999993 18.122331687668574 8.5000000000000018 7.7484839222192994 55.654052025000006 0.62152380952380959 7.5672766089437831 74.500000000000014 2.5000000000000004 55.643019465000009
decision_type=2 9 9 10 2 10 2 10 2 10 10 2 10 2
left_child=2 -2 3 6 -5 -6 8 -8 9 -1 12 -12 -3 -14
right_child=1 10 -4 4 5 -7 7 -9 -10 -11 11 -13 13 -15
leaf_value=0.82662794281419538 0.069859540517616767 -0.24641266188212352 0.21982735598645634 -1.329385735036257 -0.59797223417589063 0.0051203794080877697 -0.14602202608719289 1.374729050104786 -0.48087661213681288 -0.008624302674215158 -0.71725027636519645 -0.0095979386302822434 0.80780001988789107 -0.030304658621286968
leaf_weight=115 475 90 1335 82 151 345 40 162 359 226 545 269 59 181
leaf_count=115 475 90 1335 82 151 345 40 162 359 226 545 269 59 181
internal_value=-7.21208e-05 -0.00318126 0.00171753 -0.00117883 -0.00592083 -0.00336673 0.00185635 0.0097561 -0.000455192 0.00476744 -0.00594641 -0.00832313 -0.00024024 0.00395062
internal_weight=4434 1619 2815 1480 578 496 902 202 700 341 1144 814 330 240
internal_count=4434 1619 2815 1480 578 496 902 202 700 341 1144 814 330 240
cat_boundaries=0 1 3
cat_threshold=948307329 2979238553 97
is_linear=0
shrinkage=0.04


Tree=81
num_leaves=15
num_cat=1
split_feature=1 20 23 1 8 5 8 25 0 1 3 15 5 17
split_gain=13.4343 15.8003 12.6557 16.8732 13.4557 17.493 13.199 12.6422 11.2845 13.236 14.7213 14.6711 11.2541 10.7916
threshold=253.50000000000003 4.5000000000000009 240.91653547100003 363.50000000000006 55.653411022992934 37.505397220000006 55.548809000000013 5.216169595994673 0 -27.499999999999996 5.5000000000000009 11.723349680148822 37.738679090000005 23.500000000000004
decision_type=2 2 10 2 10 2 10 10 9 2 2 10 2 10
left_child=8 7 3 4 5 6 -3 -2 9 10 -1 12 -12 -11
right_child=1 2 -4 -5 -6 -7 -8 -9 -10 13 11 -13 -14 -15
leaf_value=0.51766292105257006 0.19827505841665199 -1.6201140849070386 -1.3588120145003635 4.6953475227010681 3.0462079004658675 -2.6925795443618257 2.5708760644725088 -0.7863618232494245 0.030391259743801982 0.108254886524913 -0.9450659233965315 -2.0676788202059497 0.20911714143444649 -0.1318974659488947
leaf_weight=80 37 41 44 92 60 37 38 37 2131 490 244 153 109 841
leaf_count=80 37 41 44 92 60 37 38 37 2131 490 244 153 109 841
internal_value=-0.000108181 0.00699229 0.0109206 0.0141697 0.00670391 -0.00134454 0.00926829 -0.00935065 -0.000789928 -0.00300518 -0.00801358 -0.0105305 -0.00595506 -0.000809595
internal_weight=4434 386 312 268 176 116 79 74 4048 1917 586 506 353 1331
internal_count=4434 386 312 268 176 116 79 74 4048 1917 586 506 353 1331
cat_boundaries=0 2
cat_threshold=2786193923 96
is_linear=0
shrinkage=0.04


Tree=82
num_leaves=15
num_cat=2
split_feature=20 1 0 0 1 6 7 7 7 18 5 16 3 8
split_gain=13.0989 18.2061 19.4142 16.8041 14.5533 15.567 24.8659 22.3193 14.6386 14.4749 13.0571 13.8503 12.203 12.1972
threshold=8.5000000000000018 244.50000000000003 0 1 -76.499999999999986 55.651852825000006 37.695471771890361 37.678620878945985 37.727230000000013 1539.3153451604151 37.748511480000012 0.31866537717601556 21.500000000000004 55.642439257822168
decision_type=2 2 9 9 2 2 10 10 10 10 2 10 2 10
left_child=3 2 -2 4 10 13 7 -7 -8 -10 11 -1 -4 -6
right_child=1 -3 12 -5 5 6 8 -9 9 -11 -12 -13 -14 -15
leaf_value=-2.4464347120198515 0.53892773094516133 2.7452932538403245 -0.023662580288528547 0.020147535783756325 -0.052269383580202063 -0.26904565722211532 -1.8043030659816495 1.2453750510747152 0.44885752372231935 -1.0340541603307265 0.5153512503330111 -0.045957315704986852 -0.67095984515072427 0.52803426736706915
leaf_weight=127 485 82 413 2081 262 257 166 99 49 80 35 46 51 201
leaf_count=127 485 82 413 2081 262 257 166 99 49 80 35 46 51 201
internal_value=-3.60604e-05 0.00390716 0.00231092 -0.00123312 -0.00473408 -0.00293644 -0.00691131 0.000222841 -0.0154362 -0.00515152 -0.0144076 -0.0188636 -0.00352201 0.00266094
internal_weight=4434 1031 949 3403 1322 1114 651 356 295 129 208 173 464 463
internal_count=4434 1031 949 3403 1322 1114 651 356 295 129 208 173 464 463
cat_boundaries=0 2 4
cat_threshold=1058074760 64 85586442 96
is_linear=0
shrinkage=0.04


Tree=83
num_leaves=15
num_cat=4
split_feature=2 0 0 1 23 22 0 0 21 26 1 2 24 18
split_gain=13.0019 20.3976 16.6878 11.9119 11.4504 12.9154 11.9641 11.944 10.8821 9.49979 9.55092 8.93865 9.56405 15.6746
threshold=665.53866950000008 0 1 55.500000000000007 58.452861869500005 111.46575742150002 2 3 4.5000000000000009 1.3676363803995699 -131.49999999999997 787.54545350000012 3682.1274667301991 1445.4536454116919
decision_type=2 9 9 2 10 2 9 9 2 10 2 2 10 10
left_child=2 3 -1 -2 9 7 -7 8 -6 -4 -11 12 13 -5
right_child=1 -3 4 11 5 6 -8 -9 -10 10 -12 -13 -14 -15
leaf_value=0.31491699999605827 -0.62114403842363919 0.024864922353098395 -0.015374809013799404 0.51610830182672995 -0.97906390569572088 -0.36003205422967982 0.25703676231033784 -0.015707381188914696 0.35952260668152308 -1.6164878020494637 0.24973582287649662 -1.0876544017249079 2.4702190008651339 -0.56672505610148416
leaf_weight=1050 459 853 576 82 195 102 152 240 38 41 421 40 59 126
leaf_count=1050 459 853 576 82 195 102 152 240 38 41 421 40 59 126
internal_value=-0.000180302 -0.00303329 0.00146203 -0.00770218 -0.000922385 -0.00476712 0.00249027 -0.00865546 -0.0147967 0.00176753 0.00602151 -0.00167742 0.00103704 -0.00303318
internal_weight=4434 1619 2815 766 1765 727 254 473 233 1038 462 307 267 208
internal_count=4434 1619 2815 766 1765 727 254 473 233 1038 462 307 267 208
cat_boundaries=0 2 4 5 7
cat_threshold=3293143618 102 1315718464 6 2148540556 813895713 96
is_linear=0
shrinkage=0.04


Tree=84
num_leaves=15
num_cat=2
split_feature=0 6 0 20 8 7 19 1 1 3 2 8 6 11
split_gain=13.5872 18.7573 21.2416 11.7307 11.4831 14.3775 19.5688 9.52874 9.38864 12.049 9.18606 8.99378 8.81647 8.36507
threshold=0 55.657609310000005 1 5.5000000000000009 55.642883327811326 37.717384370216472 11.543618843195155 -89.499999999999986 8.5000000000000018 19.500000000000004 665.53866950000008 55.701047957995023 55.643061850000009 8.0054830000000017
decision_type=9 2 9 2 10 10 10 2 2 2 2 10 2 10
left_child=1 4 3 -3 5 7 -7 -1 -6 12 -8 -4 -10 -9
right_child=-2 2 11 -5 8 6 10 13 9 -11 -12 -13 -14 -15
leaf_value=-2.8668844257913371 0.033183593264609408 -0.68679163907448926 -1.2370978089621587 0.0095280916376184969 -0.0038506068523771475 -0.35602423553827706 1.3885257829163249 -0.67384875809992051 2.105706982289298 -0.14189333344463598 -0.02689797587336628 0.061246117201500569 0.93115494251950337 0.069356402034727122
leaf_weight=35 2637 104 276 493 215 80 80 115 79 46 41 47 103 83
leaf_count=35 2637 104 276 493 215 80 80 115 79 46 41 47 103 83
internal_value=-0.000180302 -0.00285083 -0.00684724 -0.00216393 0.00131818 -0.00329519 0.0045098 -0.01 0.0058296 0.0114286 0.0145161 -0.014881 0.016 -0.00636816
internal_weight=4434 1797 920 597 877 434 201 233 443 228 121 323 182 198
internal_count=4434 1797 920 597 877 434 201 233 443 228 121 323 182 198
cat_boundaries=0 2 3
cat_threshold=2232480266 96 84942856
is_linear=0
shrinkage=0.04


Tree=85
num_leaves=15
num_cat=2
split_feature=5 0 6 0 25 25 23 18 1 8 26 17 10 5
split_gain=11.2323 13.5935 21.5223 19.0781 13.708 12.1092 11.7673 10.8503 10.4862 11.0324 10.6993 9.78151 13.3799 12.4818
threshold=37.858991355000008 0 55.657609310000005 1 2.1313630127351249 18.493411498727237 120.91653547100002 1523.717934919749 98.500000000000014 55.731685774155331 1.0703401891342101 32.500000000000007 174.50000000000003 37.755198300000011
decision_type=2 9 2 9 10 10 8 10 2 10 10 10 10 2
left_child=1 2 11 5 -3 7 8 -4 9 -5 -10 12 -1 -13
right_child=-2 4 3 6 -6 -7 -8 -9 10 -11 -12 13 -14 -15
leaf_value=0.010153928304615364 0.57658849598274975 -0.3463847253111067 -0.49771165507337783 -0.0035545107923875417 0.056115657083345101 1.0717346992724688 -0.73516727235298118 -1.3460387590348477 -0.1042682905018313 -0.96676082231724614 2.1876290404309513 -0.33464995288707533 0.89390874481872351 0.92874958453963963
leaf_weight=419 97 109 108 403 2089 54 126 191 39 74 60 410 219 36
leaf_count=419 97 109 108 403 2089 54 126 191 39 74 60 410 219 36
internal_value=-5.40906e-05 -0.000359447 -0.00262082 -0.00669187 0.00184532 -0.0140984 -0.00268531 -0.0176159 -0.000276339 -0.00275 0.0113725 0.00132475 0.00449298 -0.00320713
internal_weight=4434 4337 2139 1055 2198 353 702 299 576 477 99 1084 638 446
internal_count=4434 4337 2139 1055 2198 353 702 299 576 477 99 1084 638 446
cat_boundaries=0 2 4
cat_threshold=2266100296 97 2214597120 97
is_linear=0
shrinkage=0.04


Tree=86
num_leaves=15
num_cat=3
split_feature=7 3 20 0 15 3 3 13 0 16 1 0 16 12
split_gain=12.0291 20.2112 14.5984 16.1119 15.986 19.5827 18.1743 17.8812 13.4791 14.44 13.2851 14.2154 17.85 13.1826
threshold=37.379233439029967 21.500000000000004 7.5000000000000009 0 11.545725545607636 5.5000000000000009 14.500000000000002 27.144000000000002 1 0.15235814296241715 253.50000000000003 2 0.19538706256627789 27.514583333333338
decision_type=8 2 2 9 10 2 2 8 9 8 2 9 8 8
left_child=1 -1 4 -4 6 -6 10 -7 -8 -10 11 -2 -13 -5
right_child=2 -3 3 13 5 7 8 -9 9 -11 -12 12 -14 -15
leaf_value=1.3143586870721082 0.19875088414578848 -0.46780489624818039 0.40693518248418359 -0.0012344628119529944 1.1200471504377187 -1.0430848626421116 -1.0104516112445365 0.012290449093181889 -2.1736812026570242 0.027840229941916466 1.2511037445970319 0.33789702320049797 -0.34722931300678228 -0.60949517382671448
leaf_weight=212 320 40 964 1004 84 474 111 142 40 279 71 146 456 91
leaf_count=212 320 40 964 1004 84 474 111 142 40 279 71 146 456 91
internal_value=3.60604e-05 0.00847059 -0.000477897 0.00192047 -0.00280339 -0.00773826 -0.000364656 -0.01021 -0.00720554 -0.00253012 0.00261044 0.0012973 -0.00234146 -0.00140794
internal_weight=4434 252 4182 2059 2123 700 1423 616 430 319 993 922 602 1095
internal_count=4434 252 4182 2059 2123 700 1423 616 430 319 993 922 602 1095
cat_boundaries=0 2 4 6
cat_threshold=2115503560 6 1611145473 1 2172715874 3
is_linear=0
shrinkage=0.04


Tree=87
num_leaves=15
num_cat=1
split_feature=0 6 7 7 3 11 8 3 7 26 19 5 26 3
split_gain=12.2982 20.0784 33.6914 29.129 14.3161 13.3199 11.7048 24.6699 21.2266 19.2611 28.3988 17.6974 16.8646 16.5427
threshold=0 55.657609310000005 37.702326335653296 37.687037000000011 5.5000000000000009 5.0054830000000008 55.730982000000004 17.500000000000004 37.379233439029967 1.6061401332668139 2.3068588175592102 37.373414985000004 1.059853779588438 6.5000000000000009
decision_type=9 2 10 10 2 10 8 2 8 10 10 2 10 2
left_child=1 -1 3 5 -4 -3 9 8 11 12 -11 -8 -2 -10
right_child=6 2 4 -5 -6 -7 7 -9 13 10 -12 -13 -14 -15
leaf_value=0.040756663355925302 0.18779907001764884 0.11845457460100065 0.046870539545854517 0.86465806769125719 -1.7093394370015973 -0.4423971669972262 -0.84308195911901462 0.27210535582389889 0.118477969982867 -0.32084307084604258 2.5088221015911869 3.0109103405281408 -0.076462942110229332 -0.40959530499912544
leaf_weight=1137 482 148 47 160 246 341 37 148 143 36 184 78 744 503
leaf_count=1137 482 148 47 160 246 341 37 148 143 36 184 78 744 503
internal_value=3.60604e-05 -0.00219885 -0.00651852 -0.00141104 -0.0177027 -0.00626016 0.00201014 -0.00153509 -0.00445026 0.00425121 0.0150673 0.0111864 0.00227828 -0.00727273
internal_weight=4434 2079 942 649 293 489 2355 909 761 1446 220 115 1226 646
internal_count=4434 2079 942 649 293 489 2355 909 761 1446 220 115 1226 646
cat_boundaries=0 2
cat_threshold=2151281178 97
is_linear=0
shrinkage=0.04


Tree=88
num_leaves=15
num_cat=2
split_feature=2 0 0 6 26 7 11 19 14 20 23 24 18 3
split_gain=11.8937 19.1808 14.9417 12.5075 14.6462 15.1242 12.2718 10.8748 12.2213 10.3957 10.1761 10.6952 10.8769 9.55806
threshold=665.53866950000008 0 1 55.647441485000009 1.1280231059216546 37.512947860850588 3.7453935000000005 1618.2355544800116 26.80209703947369 9.5000000000000018 422.61726345200003 3443.486244663211 1445.4536454116919 5.5000000000000009
decision_type=2 9 9 2 10 10 10 8 10 2 10 10 10 2
left_child=2 9 3 -1 5 -5 -6 -3 -9 10 11 12 -2 -8
right_child=1 7 -4 4 6 -7 13 8 -10 -11 -12 -13 -14 -15
leaf_value=0.065932710936397146 -0.49100510670908237 -0.017969480218689 0.17186032472887472 -0.1335446286531061 0.42506562172216 -1.3414786121387134 0.44333428329869751 0.63404521832644778 -0.12016000111873489 0.38994466350271867 0.15116521398718477 -0.060524719662990951 -1.168490069860971 -0.39618891156060621
leaf_weight=723 235 713 1416 102 102 88 57 104 58 51 87 141 230 327
leaf_count=723 235 713 1416 102 102 88 57 104 58 51 87 141 230 327
internal_value=9.0151e-05 -0.00263872 0.00166075 -0.00127479 -0.00518409 -0.0145078 -0.00147239 0.0013964 0.0106667 -0.00729194 -0.00867816 -0.010509 -0.0134188 -0.00475452
internal_weight=4434 1619 2815 1399 676 190 486 875 162 744 693 606 465 384
internal_count=4434 1619 2815 1399 676 190 486 875 162 744 693 606 465 384
cat_boundaries=0 2 4
cat_threshold=3327750720 96 2964558490 105
is_linear=0
shrinkage=0.04


Tree=89
num_leaves=15
num_cat=4
split_feature=20 0 0 3 20 18 0 25 0 3 15 13 23 5
split_gain=12.7422 18.1403 13.8145 13.7268 12.9351 11.0931 13.4129 11.029 8.93432 19.4512 13.8208 10.5861 9.55345 12.057
threshold=8.5000000000000018 0 1 21.500000000000004 9.5000000000000018 1539.3153451604151 2 18.05515344602934 3 9.5000000000000018 1.9496553417936195 11.556944444444445 154.92684400900001 37.686060040000008
decision_type=2 9 9 2 2 10 9 10 9 2 8 10 10 2
left_child=2 -2 5 4 -3 8 7 -7 10 -10 -1 -12 13 -11
right_child=1 3 -4 -5 -6 6 -8 -9 9 12 11 -13 -14 -15
leaf_value=1.0987306956582228 0.62133865372542463 -0.055553642985342155 0.01340749156311339 -0.58129367255474751 0.64343965424264848 -1.1454138666779412 -0.085071943872903399 0.69663404362903036 0.52085149668869068 -1.2865313105792491 -0.64042465145615568 0.21930367331012743 -2.7343927415316749 0.29046989508697069
leaf_weight=92 465 389 2286 46 131 210 343 36 103 48 78 105 47 55
leaf_count=92 465 389 2286 46 131 210 343 36 103 48 78 105 47 55
internal_value=1.80302e-05 0.00390716 -0.00116265 -0.000967185 0.000917782 -0.00477876 -0.00858108 -0.015444 -0.000602637 -0.00586466 0.00430556 -0.00193548 -0.0151634 -0.00792453
internal_weight=4434 1031 3403 566 520 1117 589 246 528 253 275 183 150 103
internal_count=4434 1031 3403 566 520 1117 589 246 528 253 275 183 150 103
cat_boundaries=0 2 4 6 8
cat_threshold=1058074752 2 84996616 96 67113472 96 83890688 96
is_linear=0
shrinkage=0.04


Tree=90
num_leaves=15
num_cat=3
split_feature=1 2 18 0 0 3 3 26 10 0 8 26 6 25
split_gain=12.6907 16.0426 11.2129 24.5642 15.5725 14.3019 16.2381 13.1715 12.9144 12.8562 12.7044 16.373 12.9317 12.6916
threshold=76.500000000000014 794.27329800000018 1523.717934919749 0 1 12.500000000000002 3.5000000000000004 1.8763950161208245 229.50000000000003 2 55.652523176224413 2.7195840841709678 55.68999778500001 9.6755548277282504
decision_type=2 2 10 9 9 2 2 10 10 9 8 10 2 10
left_child=2 -2 4 8 10 6 -6 -5 -4 -8 -1 12 -12 -7
right_child=1 -3 3 7 5 13 9 -9 -10 -11 11 -13 -14 -15
leaf_value=0.72610419970575013 0.22697574065313716 -1.0236191372812617 -0.30305378108837744 0.028564499962673011 -0.5771195379382158 -1.0705558036009972 1.2939270183471292 -0.55946464635478554 -0.67551783304646673 0.02503021774258473 -0.58502531356794119 -1.0299407044136684 0.34071955417101008 -0.13329543489819631
leaf_weight=225 1457 63 594 907 54 119 106 38 171 222 63 49 148 218
leaf_count=225 1457 63 594 907 54 119 106 38 171 222 63 49 148 218
internal_value=-1.80302e-05 0.00294156 -0.00156325 -0.00364273 0.00139188 -0.00234973 0.00290909 0.000709812 -0.0088946 0.00628399 0.00682731 0.000912548 0.00579439 -0.00835294
internal_weight=4434 1520 2914 1710 1204 719 382 945 765 328 485 260 211 337
internal_count=4434 1520 2914 1710 1204 719 382 945 765 328 485 260 211 337
cat_boundaries=0 2 4 6
cat_threshold=2275415760 103 486541281 101 1077256 2
is_linear=0
shrinkage=0.04


Tree=91
num_leaves=15
num_cat=2
split_feature=1 0 3 23 3 3 25 8 1 0 1 15 8 6
split_gain=13.1068 11.8222 10.9658 15.0242 12.3578 16.9861 16.2783 17.4349 17.1767 15.2012 18.167 16.6522 14.6905 15.7491
threshold=-19.499999999999996 0 2.5000000000000004 5848.9753246060018 20.500000000000004 17.500000000000004 18.321073105462801 55.643259118017944 42.500000000000007 1 128.50000000000003 14.63963926027254 55.730982000000004 55.73777608000001
decision_type=2 9 2 8 2 2 10 10 2 9 2 10 10 2
left_child=1 -1 -2 4 5 12 8 -8 -7 -6 11 -11 13 -4
right_child=2 -3 3 -5 9 6 7 -9 -10 10 -12 -13 -14 -15
leaf_value=-0.56104110800351592 -0.3939318565918431 0.0059051485909574807 0.046425974063135839 0.76430637908062626 -0.47950467153392651 2.1665330933137792 0.65283454516075756 3.922267240599898 -0.34742528759954894 0.2347123408982234 -1.6383325577432961 -0.41599627144702028 -0.16030939790975154 2.9483512060330002
leaf_weight=601 98 493 1848 72 107 35 118 126 107 111 45 37 575 61
leaf_count=601 98 493 1848 72 107 35 118 126 107 111 45 37 575 61
internal_value=-0.000144242 -0.00393801 0.00110081 0.00150385 0.00108415 0.00189349 0.00966581 0.0158704 -0.00110345 -0.00660066 0.000582524 0.00741722 0.000675513 0.00236402
internal_weight=4434 1094 3340 3242 3170 2870 386 244 142 300 193 148 2484 1909
internal_count=4434 1094 3340 3242 3170 2870 386 244 142 300 193 148 2484 1909
cat_boundaries=0 2 4
cat_threshold=572225155 96 2147492880 22
is_linear=0
shrinkage=0.04


Tree=92
num_leaves=15
num_cat=1
split_feature=1 0 7 5 7 7 25 6 13 5 6 6 18 10
split_gain=12.2213 10.967 9.74705 9.38198 9.53659 19.55 20.1425 19.1233 19.8175 13.2492 13.9687 10.4365 9.56801 9.42053
threshold=-19.499999999999996 0 37.734623707363433 37.858991355000008 37.707137462107291 37.721394122799587 18.883697510217043 55.658633080000008 11.013888888888891 37.694436320000008 55.681144140000008 55.646971425000011 869.98436344802315 174.50000000000003
decision_type=2 9 10 2 8 10 10 2 10 2 2 2 10 10
left_child=1 2 -1 4 9 -6 7 8 13 -2 -11 -8 -9 -7
right_child=3 -3 -4 -5 5 6 11 12 -10 10 -12 -13 -14 -15
leaf_value=-0.74837313216572687 0.033834295880556128 0.0099631974571045851 0.28422556150201567 1.3182263963498679 -0.77691055901885098 -0.27530845328558784 -0.0051639798754595225 0.26412240287984856 0.91052225379968055 1.0000462593580821 -0.66077601139105557 3.8770324684441495 -0.99038110541598601 1.7358716790430047
leaf_weight=524 2461 471 99 55 118 111 44 35 68 140 46 64 155 43
leaf_count=524 2461 471 99 55 118 111 44 35 68 140 46 64 155 43
internal_value=9.0151e-05 -0.00357338 -0.00698113 0.00129225 0.00100973 -0.00336973 0 -0.00404819 0.00391111 0.00206792 0.0122751 0.0151351 -0.0132642 -0.00407643
internal_weight=4434 1094 623 3340 3285 638 520 412 222 2647 186 108 190 154
internal_count=4434 1094 623 3340 3285 638 520 412 222 2647 186 108 190 154
cat_boundaries=0 2
cat_threshold=2719707651 96
is_linear=0
shrinkage=0.04


Tree=93
num_leaves=15
num_cat=3
split_feature=20 0 0 15 0 13 16 14 26 2 14 11 11 5
split_gain=10.6104 16.7371 14.2431 10.0129 16.284 19.0414 9.90999 9.1987 10.7277 9.76282 9.00875 8.66885 13.9154 8.6272
threshold=8.5000000000000018 0 1 7.9581520355651856 2 0.67500000000000004 0.52786377708978338 1.9616883116883119 1.1152106669884054 719.0834645000001 26.220404271548436 4.8354865000000009 6.7886000000000015 37.575890785000006
decision_type=2 9 9 8 9 10 10 10 10 2 10 10 10 2
left_child=2 10 3 4 5 -1 -5 8 -3 11 -2 13 -13 -9
right_child=1 7 -4 6 -6 -7 -8 9 -10 -11 -12 12 -14 -15
leaf_value=-1.0294611955983481 1.0756073693978465 0.74390271413661302 0.033399752899853752 -0.19932827446634294 0.21918899857727239 1.5582466250803848 -1.0737587340712813 0.21224675934783235 -0.24424840237216927 -0.29821140902277565 -0.76520648505900457 -0.66337749483115716 0.35897388870159463 1.1543183110533122
leaf_weight=92 297 35 1435 1338 421 48 69 90 103 88 37 64 243 74
leaf_count=92 297 35 1435 1338 421 48 69 90 103 88 37 64 243 74
internal_value=0.000126211 0.00367505 -0.000951262 -0.00314992 0.00134752 -0.00993464 -0.00496454 5.6338e-05 -0.00907801 0.00234875 0.0108357 0.00464135 0.000645161 0.011976
internal_weight=4434 1031 3403 1968 561 140 1407 697 138 559 334 471 307 164
internal_count=4434 1031 3403 1968 561 140 1407 697 138 559 334 471 307 164
cat_boundaries=0 1 3 4
cat_threshold=1057009792 1025176138 97 538451976
is_linear=0
shrinkage=0.04


Tree=94
num_leaves=15
num_cat=2
split_feature=1 7 3 20 0 10 7 7 0 2 24 16 26 15
split_gain=10.3979 16.9802 19.0439 17.7673 14.1449 12.2911 11.8134 13.0356 11.4913 13.0746 11.3312 12.1666 14.5714 10.9198
threshold=76.500000000000014 37.379233439029967 20.500000000000004 8.5000000000000018 0 281.50000000000006 37.707137462107291 37.458166500000011 1 666.52870850000011 5808.8130962832192 0.41967741935483877 1.3538918918116218 13.670286969401642
decision_type=2 10 2 2 9 10 10 10 9 2 10 10 10 8
left_child=8 -2 3 4 -3 10 7 -6 -1 13 11 12 -5 -10
right_child=1 2 -4 5 6 -7 -8 -9 9 -11 -12 -13 -14 -15
leaf_value=0.036308932276815378 2.6657272276942434 0.2181510449684268 -0.95381497752893896 0.068287924490246607 -0.36528694154742652 -0.5166005583465787 -0.97745791628768364 0.32494178004635671 0.036490545307770107 -0.37342827307674292 4.7137255326078833 -0.080215959084551688 3.6624785494996126 -0.40204578254035583
leaf_weight=666 91 566 84 48 207 51 108 207 1208 791 39 52 67 249
leaf_count=666 91 566 84 48 207 51 108 207 1208 791 39 52 67 249
internal_value=0 0.00267892 0.00159218 0.00275964 0.000513291 0.0121538 -0.00418692 -0.00115108 -0.0013987 -0.00275984 0.0164593 0.0115294 0.0186441 -0.000520548
internal_weight=4434 1520 1429 1345 1088 257 522 414 2914 2248 206 167 115 1457
internal_count=4434 1520 1429 1345 1088 257 522 414 2914 2248 206 167 115 1457
cat_boundaries=0 2 3
cat_threshold=4136117952 1 134709557
is_linear=0
shrinkage=0.04


Tree=95
num_leaves=15
num_cat=2
split_feature=6 0 3 15 1 10 5 0 18 26 25 19 18 3
split_gain=10.5065 23.9877 17.7295 12.2119 16.3201 13.3381 15.4546 19.69 16.2568 13.1881 13.0605 13.3699 12.0766 12.0711
threshold=55.644023925000006 0 2.5000000000000004 14.37062657040204 336.50000000000006 51.500000000000007 37.743813670000009 1 1050.1912880269649 1.1035211183872491 12.232138192034135 1389.1217924685961 547.90243311266408 5.5000000000000009
decision_type=2 9 2 10 2 10 2 9 10 10 10 10 8 2
left_child=2 -2 -1 4 5 -4 7 -7 -9 -10 -5 -12 13 -3
right_child=1 12 3 10 -6 6 -8 8 9 -11 11 -13 -14 -15
leaf_value=-0.94823326626516347 -0.34613447118337265 0.38371988672402529 -0.15003804270462365 3.6971071528388064 3.5198856052665257 -0.61185830680926045 1.1926873471370665 0.94162045733730826 0.89682803302108971 -0.095680489702248794 -1.6558681062098262 -0.054380015417515137 0.042825219408730637 -0.50744265815110412
leaf_weight=43 766 39 252 50 66 109 83 173 171 275 57 228 1910 212
leaf_count=43 766 39 252 50 66 109 83 173 171 275 57 228 1910 212
internal_value=1.80302e-05 -0.00137884 0.00272848 0.00349012 0.00547703 0.00424015 0.00673219 0.00481532 0.00753165 0.00356347 -0.00319527 -0.00652778 0.000791168 -0.00740157
internal_weight=4434 2927 1507 1464 1129 1063 811 728 619 446 335 285 2161 251
internal_count=4434 2927 1507 1464 1129 1063 811 728 619 446 335 285 2161 251
cat_boundaries=0 2 3
cat_threshold=2148553216 97 106498
is_linear=0
shrinkage=0.04


Tree=96
num_leaves=15
num_cat=1
split_feature=0 6 5 10 1 8 12 25 24 15 8 20 1 18
split_gain=9.88644 15.0792 19.7862 12.7599 11.9408 13.1892 11.7193 10.6784 10.4124 10.0232 8.68136 8.10707 17.5407 13.5987
threshold=0 55.657609310000005 37.721194170000011 186.50000000000003 2.5000000000000004 55.64319801900735 1.4325000000000003 18.122331687668574 5808.8130962832192 11.723349680148822 55.620752877277333 7.5000000000000009 286.50000000000006 2870.7704398800593
decision_type=9 2 2 10 2 10 10 10 10 10 10 2 2 10
left_child=1 4 3 6 9 10 7 -3 -5 -1 -6 -2 13 -13
right_child=11 2 -4 8 5 -7 -8 -9 -10 -11 -12 12 -14 -15
leaf_value=-0.0085669531517175383 -0.027705183625247116 -0.94593016610019709 -1.9136824495819298 -0.26996340025313503 3.8031384291895143 0.93924683133368259 0.2770595351480985 0.0087841846126425396 -1.1265349009187682 -0.59251595692460601 -0.10916272425589356 0.35769366783006151 2.54502756842174 -0.074432972473812531
leaf_weight=350 1461 40 102 296 43 235 196 70 40 110 220 731 95 445
leaf_count=350 1461 40 102 296 43 235 196 70 40 110 220 731 95 445
internal_value=-9.0151e-05 -0.0024723 -0.00674699 -0.00409302 0.000832466 0.00510978 0.0018123 -0.00849558 -0.00943953 -0.0038013 -0.00105263 0.00139891 0.00373626 0.00237489
internal_weight=4434 1702 744 642 958 498 306 110 336 460 263 2732 1271 1176
internal_count=4434 1702 744 642 958 498 306 110 336 460 263 2732 1271 1176
cat_boundaries=0 2
cat_threshold=2154918419 96
is_linear=0
shrinkage=0.04


Tree=97
num_leaves=15
num_cat=1
split_feature=20 3 0 6 8 14 19 20 3 24 7 24 6 25
split_gain=9.6777 13.1201 10.9129 12.4511 19.8631 12.9316 14.9512 12.583 12.0409 21.4393 12.0882 14.1214 11.6305 14.745
threshold=9.5000000000000018 20.500000000000004 0 55.646745290000005 55.685454096347691 10.543657505285413 1015.8312259357593 7.5000000000000009 4.5000000000000009 3289.7317178880844 37.373646810293664 2296.975277117403 55.711421800000004 20.565313567651746
decision_type=2 2 9 2 10 10 10 2 2 8 10 8 2 10
left_child=2 -2 3 -1 7 -6 -7 -5 9 -4 11 -10 13 -12
right_child=1 -3 8 4 5 6 -8 -9 10 -11 12 -13 -14 -15
leaf_value=0.027238481159367875 0.78452857534010012 -0.25298491987492261 1.5146928057968341 -1.0785884097872351 -0.16608197390216517 0.81919359811226033 -0.028089161875177487 -0.17304029514819122 -0.56301592621371488 -0.027191803680504875 0.3271954672048426 3.0207755021864751 -0.080937687493330093 -0.20839612681938563
leaf_weight=866 205 72 75 291 268 144 266 422 38 100 420 90 823 354
leaf_count=866 205 72 75 291 268 144 266 422 38 100 420 90 823 354
internal_value=-0.000198332 0.007 -0.000682692 -0.00255507 -0.00490674 0 0.00445521 -0.00955307 0.00154731 0.0114607 0.000532407 0.0122137 -0.000425 0.0030888
internal_weight=4434 277 4157 2257 1391 678 410 713 1900 175 1725 128 1597 774
internal_count=4434 277 4157 2257 1391 678 410 713 1900 175 1725 128 1597 774
cat_boundaries=0 2
cat_threshold=2759422491 97
is_linear=0
shrinkage=0.04


Tree=98
num_leaves=15
num_cat=2
split_feature=1 21 0 7 26 14 0 23 25 19 15 17 19 6
split_gain=10.8372 10.7057 12.077 11.5363 9.11106 18.5438 16.0846 14.6013 14.719 14.9511 14.5578 13.7618 13.6353 11.387
threshold=-19.499999999999996 4.5000000000000009 0 37.734623707363433 1.5030891161665489 10.717510944340214 1 4.0671898660000005 18.883697510217043 821.81621996864408 12.028961235436244 30.500000000000004 1519.6602895087672 55.646745290000005
decision_type=2 2 9 10 10 10 9 10 10 10 8 10 10 2
left_child=1 2 3 -1 6 -6 13 -7 9 11 12 -9 -8 -2
right_child=4 -3 -4 -5 5 7 10 8 -10 -11 -12 -13 -14 -15
leaf_value=-0.74313557321468182 0.015875185262691393 0.40413956323145728 -0.0025049509939792359 0.27532285222274722 -0.12927559402518723 1.4555573915669016 0.10970480065426114 -0.33250949562506149 2.0060349915114601 -0.17460095837525777 -0.050580786730615793 2.0544141572768746 0.7867229876897579 -0.46947963994747555
leaf_weight=423 244 102 490 79 389 170 845 39 73 291 780 67 60 382
leaf_count=423 244 102 490 79 389 170 845 39 73 291 780 67 60 382
internal_value=-0.000342574 -0.00379216 -0.00506533 -0.00932039 0.00078971 0.00391473 -0.000605013 0.00808709 0.00439746 0.0013 0.00143698 0.013945 0.00488987 -0.00600939
internal_weight=4434 1094 992 502 3340 1029 2311 640 470 397 1685 106 905 626
internal_count=4434 1094 992 502 3340 1029 2311 640 470 397 1685 106 905 626
cat_boundaries=0 2 4
cat_threshold=848900739 96 3759702650 81
is_linear=0
shrinkage=0.04


Tree=99
num_leaves=15
num_cat=3
split_feature=3 23 1 2 20 0 23 3 1 1 18 0 0 26
split_gain=13.1226 13.2428 10.8267 16.5329 13.417 19.8534 20.6762 16.1205 14.2364 12.9801 12.9194 23.7336 17.2968 13.1978
threshold=2.5000000000000004 inf 76.500000000000014 794.27329800000018 4.5000000000000009 0 357.55865702700004 15.500000000000002 391.00000000000006 121.50000000000001 1523.717934919749 1 2 1.1572892207053143
decision_type=2 8 2 2 2 9 10 2 2 2 8 9 9 10
left_child=-1 2 10 4 9 6 7 -6 -7 -4 12 -12 -2 -14
right_child=1 -3 3 -5 5 8 -8 -9 -10 -11 11 -13 13 -15
leaf_value=-0.33659445891088724 0.29370021458808776 0.59072577739897492 0.20574100707830809 -0.88755920370638364 0.70833856439042731 -0.0056225571314125131 -0.96763180441441365 5.1727232229730662 3.8271175998569071 -0.55334418520967432 0.089866961695400566 -0.17597903765090622 -0.60656004818380693 0.0057589392553093564
leaf_weight=111 352 61 42 62 303 771 46 102 36 145 423 1205 123 652
leaf_count=111 352 61 42 62 303 771 46 102 36 145 423 1205 123 652
internal_value=-0.000288483 6.47249e-05 -0.000206331 0.00251656 0.00339779 0.00488501 0.0114655 0.0146078 0.00102439 -0.00652632 -0.00169688 -0.00397302 0.00159292 -0.00177665
internal_weight=4434 4323 4262 1507 1445 1258 451 405 807 187 2755 1628 1127 775
internal_count=4434 4323 4262 1507 1445 1258 451 405 807 187 2755 1628 1127 775
cat_boundaries=0 2 3 5
cat_threshold=1712063816 6 408813580 427840097 65
is_linear=0
shrinkage=0.04


Tree=100
num_leaves=15
num_cat=2
split_feature=3 6 0 19 7 25 18 0 18 15 1 11 19 7
split_gain=13.4067 10.1569 26.9456 17.3718 14.3137 13.3135 13.3049 14.4148 11.6569 10.447 13.4035 10.5704 12.1593 9.88006
threshold=2.5000000000000004 55.646745290000005 0 252.43807680776465 37.732406294771451 18.248105615338002 547.90243311266408 1 1482.3932889756936 14.37062657040204 336.50000000000006 3.1216390000000005 1738.5205111777113 37.45209331659418
decision_type=2 2 9 10 10 10 10 9 10 10 2 10 10 10
left_child=-1 9 3 -3 5 8 7 -4 -5 10 -2 -11 -13 -9
right_child=1 2 6 4 -6 -7 -8 13 -10 11 -12 12 -14 -15
leaf_value=-0.32313068055445171 0.10126100757960646 0.65351354300246645 -0.70101643097772026 -1.0019209033549774 0.10625508411821458 -0.020099857689643726 0.038349810157295397 -0.48965061024216794 -1.3574476094240919 -1.1711088230277249 3.1995228876920185 -0.38231037129929346 0.64008791752875016 0.28728578674146649
leaf_weight=111 1148 39 109 112 58 71 2058 85 159 71 68 142 130 73
leaf_count=111 1148 39 109 112 58 71 2058 85 159 71 68 142 130 73
internal_value=-0.000144242 0.000212668 -0.00124322 -0.010177 -0.0129032 -0.016 0.000496151 -0.00785185 -0.02 0.00279129 0.0045283 -0.0033526 0.000290909 0.000467836
internal_weight=4434 4323 2764 439 400 342 2325 267 271 1559 1216 343 272 158
internal_count=4434 4323 2764 439 400 342 2325 267 271 1559 1216 343 272 158
cat_boundaries=0 2 3
cat_threshold=2147488272 97 605552904
is_linear=0
shrinkage=0.04


Tree=101
num_leaves=15
num_cat=2
split_feature=3 23 20 7 1 5 5 6 6 6 6 22 0 0
split_gain=12.0192 13.0806 12.3727 19.0238 18.9439 17.0224 16.8664 14.017 15.598 19.3375 13.7993 13.1278 17.3772 14.4116
threshold=2.5000000000000004 inf 7.5000000000000009 37.373646810293664 363.50000000000006 37.363783455000011 37.350039455000008 55.572060790000002 55.739211305000005 55.743665670000006 55.729212045000004 115.93281013400001 0 1
decision_type=2 8 2 8 2 2 2 2 2 2 2 2 9 9
left_child=-1 2 3 5 6 -2 -4 -8 10 -10 -9 12 -5 -13
right_child=1 -3 4 11 -6 -7 7 8 9 -11 -12 13 -14 -15
leaf_value=-0.31020545333227373 0.0013229929599417646 0.56556275389672406 -0.46249792690210739 -1.1756682503638474 3.1188251724454368 2.6169946098643821 1.4728900868091932 0.013706549314795282 2.9020271715080947 0.095195158861710066 -0.69609727425674239 0.11170544388481175 -0.095115077652468544 -0.17045212121223557
leaf_weight=111 78 61 36 218 62 56 179 1474 68 129 114 483 874 491
leaf_count=111 78 61 36 218 62 56 179 1474 68 129 114 483 874 491
internal_value=-0.000162272 0.000175682 -9.37866e-05 -0.00217885 0.00213075 0.0122628 0.00143784 0.00195221 0.000872483 0.0114 -0.000452546 -0.00313195 -0.00613699 0.00024565
internal_weight=4434 4323 4262 2200 2062 134 2000 1964 1785 197 1588 2066 1092 974
internal_count=4434 4323 4262 2200 2062 134 2000 1964 1785 197 1588 2066 1092 974
cat_boundaries=0 2 4
cat_threshold=813760512 96 3145941796 97
is_linear=0
shrinkage=0.04


Tree=102
num_leaves=15
num_cat=3
split_feature=18 10 15 3 3 18 8 3 0 0 25 18 7 0
split_gain=10.1757 13.9115 15.1135 12.6768 12.4886 11.4699 26.578 12.8989 28.6052 24.6252 21.0676 14.0412 12.8667 14.3422
threshold=4481.8407919420333 225.50000000000003 11.5871585743014 2.5000000000000004 19.500000000000004 2264.3157045752537 55.613873045332909 12.500000000000002 0 1 10.174695950992435 1555.3564935180052 37.373646810293664 2
decision_type=10 10 8 2 2 8 10 2 9 9 10 10 8 9
left_child=3 -2 -3 -1 -4 6 -5 9 10 11 -9 -8 -7 -14
right_child=1 2 4 5 -6 12 7 8 -10 -11 -12 -13 13 -15
leaf_value=-0.45927564872786814 0.15176360662852401 1.1987528857448093 -0.034738629006261033 3.8597273089472299 -0.91916646835821147 2.0295700421968492 0.045417099269582727 -1.5071511459385085 0.042443923922949656 0.33753007186236916 -0.47922012862571778 -0.80912695627717979 -1.2127242879264186 -0.10654388835349807
leaf_weight=92 483 37 96 95 45 58 332 119 615 845 289 158 104 1066
leaf_count=92 483 37 96 95 45 58 332 119 615 845 289 158 104 1066
internal_value=7.21208e-05 0.00463855 -0.00486188 -0.000730932 -0.0108333 -0.000358306 0.0012215 0.000372723 -0.00300195 0.00295964 -0.0110214 -0.00413519 -0.00350934 -0.00443308
internal_weight=4434 661 178 3773 141 3681 2453 2358 1023 1335 408 490 1228 1170
internal_count=4434 661 178 3773 141 3681 2453 2358 1023 1335 408 490 1228 1170
cat_boundaries=0 2 4 6
cat_threshold=1612214552 6 2651031235 64 266244 96
is_linear=0
shrinkage=0.04


Tree=103
num_leaves=15
num_cat=0
split_feature=23 1 25 2 7 15 3 3 21 8 6 14 25 16
split_gain=10.4284 14.5851 15.5618 10.5366 11.8305 11.124 10.7199 8.75022 13.9932 11.5186 13.307 11.6086 12.6716 12.9525
threshold=58.452861869500005 -58.499999999999993 19.228520910160906 685.0731555000001 37.401702882063368 22.074876465071032 2.5000000000000004 20.500000000000004 4.5000000000000009 55.730982000000004 55.73777608000001 25.668115942028994 26.757758206528369 0.14729990356798459
decision_type=10 2 10 2 8 8 2 2 2 10 2 10 10 10
left_child=1 2 -1 4 -3 -5 -6 8 9 10 11 12 13 -8
right_child=-2 3 -4 5 6 -7 7 -9 -10 -11 -12 -13 -14 -15
leaf_value=-0.10184089730226333 -0.055293869207390003 0.92983430731015115 -2.4638807222278296 -0.098632336098946782 -0.8250220304436201 0.15781255111797318 0.59820444333865952 -0.061181271852678951 1.5892252445078752 -0.1555667132600479 3.2964409146994833 -0.93963307155693654 1.2173333563227824 0.034633961673313535
leaf_weight=319 1889 119 53 581 46 37 126 142 92 179 43 43 121 644
leaf_count=319 1889 119 53 581 46 37 126 142 92 179 43 43 121 644
internal_value=7.21208e-05 0.00174254 -0.00554667 0.00299632 0.00474968 -0.00141707 0.00372481 0.00436468 0.00543565 0.00421053 0.00591837 0.0048666 0.0058613 0.00393273
internal_weight=4434 2545 372 2173 1555 618 1436 1390 1248 1156 977 934 891 770
internal_count=4434 2545 372 2173 1555 618 1436 1390 1248 1156 977 934 891 770
is_linear=0
shrinkage=0.04


Tree=104
num_leaves=15
num_cat=2
split_feature=18 10 24 20 15 0 0 3 3 8 1 17 10 23
split_gain=9.2699 13.8906 12.3149 11.4868 17.1225 16.1037 15.6171 14.8899 12.8317 12.592 11.9032 11.3869 11.2525 13.8097
threshold=4624.9935482237161 225.50000000000003 5188.7510418538723 7.5000000000000009 12.028961235436244 0 1 5.5000000000000009 13.500000000000002 55.730982000000004 -37.499999999999993 23.500000000000004 120.50000000000001 32.586703546500011
decision_type=10 10 8 2 10 9 9 2 2 10 2 10 10 10
left_child=2 12 3 4 5 8 -5 -6 -1 -8 -9 -12 13 -2
right_child=1 -3 -4 6 7 -7 9 10 -10 -11 11 -13 -14 -15
leaf_value=-0.016549116776475543 0.3008006271506371 -0.077501824547002024 -0.38246875982241108 0.39388815628466545 0.44149811548876583 0.11382427400965923 -0.0035264424923424189 -3.3492212285778908 -0.71339352744906837 -0.73665043610428371 0.041353902168307484 -0.95539878892022223 0.75985704050269165 -0.048096036518861233
leaf_weight=412 134 167 56 795 67 821 857 87 244 93 122 255 156 168
leaf_count=412 134 167 56 795 67 821 857 87 244 93 122 255 156 168
internal_value=-0.000108181 0.0043949 -0.000849948 -0.00056443 -0.00262556 -0.000405405 0.00180778 -0.00876404 -0.00502242 -0.00166147 -0.0113062 -0.00810526 0.00798265 0.00340984
internal_weight=4434 625 3809 3753 2008 1477 1745 531 656 950 464 377 458 302
internal_count=4434 625 3809 3753 2008 1477 1745 531 656 950 464 377 458 302
cat_boundaries=0 2 4
cat_threshold=1813540939 64 2114467020 6
is_linear=0
shrinkage=0.04


Tree=105
num_leaves=15
num_cat=2
split_feature=1 0 26 7 2 0 2 7 18 16 1 6 10 1
split_gain=10.8459 15.0145 13.2063 14.2159 12.523 12.402 19.3751 12.0596 11.1289 10.6525 11.4459 10.4201 12.9013 12.2374
threshold=76.500000000000014 0 1.583056015536467 37.466608711223309 756.71854900000005 1 666.52870850000011 37.379233439029967 202.78571341338176 0.19378911892152145 253.50000000000003 55.647441485000009 123.50000000000001 150.50000000000003
decision_type=2 9 10 10 2 9 2 10 8 10 2 2 10 2
left_child=5 2 3 9 7 6 -1 -3 -8 -2 -11 12 -9 -13
right_child=1 4 -4 -5 -6 -7 8 11 -10 10 -12 13 -14 -15
leaf_value=-0.013951910474960699 1.1233278340306776 2.3393105049042648 1.3216697640962196 0.59607561359303318 -0.83115716906904213 0.013390452615760063 0.10421327636275309 -0.40537576994083113 -0.64621150585220433 -0.69763396253993626 0.20501357443298276 0.0074506254027294008 0.98997362507241859 -0.50958621966438955
leaf_weight=1113 69 47 223 341 52 1210 75 103 516 164 81 145 155 140
leaf_count=1113 69 47 223 341 52 1210 75 103 516 164 81 145 155 140
internal_value=-0.000162272 0.00257387 0.00592593 0.0031003 -0.00207634 -0.00159068 -0.00377402 -0.000404722 -0.00962963 -0.00302839 -0.00693548 -0.00212454 0.00367816 -0.00736111
internal_weight=4434 1520 878 655 642 2914 1704 590 591 314 245 543 258 285
internal_count=4434 1520 878 655 642 2914 1704 590 591 314 245 543 258 285
cat_boundaries=0 2 4
cat_threshold=4152894656 38 3071829592 102
is_linear=0
shrinkage=0.04


Tree=106
num_leaves=15
num_cat=0
split_feature=6 8 23 25 7 8 6 15 6 5 24 14 25 5
split_gain=8.9508 20.2391 12.1654 13.6152 18.5725 14.7254 14.1702 13.4135 13.0056 24.8824 17.4088 16.9105 13.124 12.816
threshold=55.644023925000006 55.685454096347691 12660.916535471002 16.808058817343039 37.634361536362576 55.730982000000004 55.723376895000008 9.698880020380809 55.709848830000006 37.435456165000012 5254.410650026749 14.154700854700856 20.825606447163423 37.459568125000011
decision_type=2 10 8 10 10 10 2 10 2 2 10 10 10 2
left_child=-1 -2 3 5 8 6 7 -3 12 11 -11 -10 -5 -9
right_child=1 2 -4 4 -6 -7 -8 13 9 10 -12 -13 -14 -15
leaf_value=0.069057371210506063 -0.24187358027255557 -0.77767822020427535 0.80668198705286243 1.0917914060517351 1.6379311153321261 -0.47867183851350148 1.0807341594335156 -0.68845224189048226 2.1316933171752659 -0.89195113837959394 0.039058966046839762 -0.005063923500814871 0.019709204891221004 0.34866314335825394
leaf_weight=1507 1008 159 61 72 130 466 191 71 84 130 54 191 111 199
leaf_count=1507 1008 159 61 72 130 466 191 71 84 130 54 191 111 199
internal_value=-0.000144242 -0.00143345 0.000978148 0.000386889 0.00443871 -0.0024977 0.00154093 -0.0025 0.0016124 -0.00199134 -0.013262 0.00561151 0.0105376 0.0029304
internal_weight=4434 2927 1919 1858 772 1086 620 429 642 459 184 275 183 270
internal_count=4434 2927 1919 1858 772 1086 620 429 642 459 184 275 183 270
is_linear=0
shrinkage=0.04


Tree=107
num_leaves=15
num_cat=3
split_feature=1 20 0 3 26 0 3 18 3 3 0 10 23 14
split_gain=9.09108 12.8872 10.6639 11.9852 13.4016 8.67477 10.6242 9.39151 14.1884 14.9998 15.1923 12.3515 10.4158 10.1466
threshold=253.50000000000003 8.5000000000000018 0 18.500000000000004 1.2328799008622857 1 21.500000000000004 1539.3153451604151 11.500000000000002 8.5000000000000018 2 273.50000000000006 88.628312589000018 12.758257713248641
decision_type=2 2 9 2 10 9 2 10 2 2 9 10 10 10
left_child=5 2 -2 4 -4 6 7 11 9 10 -9 -1 -10 -13
right_child=1 -3 3 -5 -6 -7 -8 8 12 -11 -12 13 -14 -15
leaf_value=-0.023396347285744242 1.1300294020802473 2.2387668916353527 0.5375138764243661 -1.3802528118162338 -1.0719451667397306 0.020217408833700049 -0.68712746194135177 -0.98885124260622204 0.061858533109539454 -1.1550089125473608 -0.00012256219900422138 0.89191944482880103 -0.28767150028925287 -0.63462461865418029
leaf_weight=781 110 78 101 35 62 1813 70 112 499 157 321 110 125 60
leaf_count=781 110 78 101 35 62 1813 70 112 499 157 321 110 125 60
internal_value=-0.000288483 0.0055527 0.00180064 -0.00379147 0.000722892 -0.000849173 -0.0025089 -0.00201107 -0.00433854 -0.00876897 -0.00486239 0.000964361 -0.000127592 0.0106358
internal_weight=4434 386 308 198 163 4048 2235 2165 1214 590 433 951 624 170
internal_count=4434 386 308 198 163 4048 2235 2165 1214 590 433 951 624 170
cat_boundaries=0 2 4 6
cat_threshold=1644191809 4 2723242589 117 2147484224 1
is_linear=0
shrinkage=0.04


Tree=108
num_leaves=15
num_cat=2
split_feature=3 6 0 18 8 18 0 1 23 21 26 3 3 23
split_gain=10.4853 12.2607 21.1213 12.7788 14.6462 12.7497 12.0682 11.567 15.093 12.8095 15.6068 12.2439 11.3193 12.1905
threshold=2.5000000000000004 55.646745290000005 0 1508.6205735204096 55.651627497236525 547.90243311266408 1 87.500000000000014 152.58670354650002 4.5000000000000009 1.3609166754984259 5.5000000000000009 14.500000000000002 3901.5617064000003
decision_type=2 2 9 10 10 8 9 2 10 2 10 2 2 8
left_child=-1 -2 3 4 -3 6 -4 12 9 10 -9 -12 13 -7
right_child=1 2 5 -5 -6 7 -8 8 -10 -11 11 -13 -14 -15
leaf_value=-0.30694677512309004 0.095975325224897629 1.0555913379267667 -0.60001488173707629 -0.42121942378006055 -0.63491103190459441 0.025236209961301485 -0.0020989197716592403 -0.0051669988298947804 -0.45833566146326454 3.3176967638076116 -0.034144294032380458 1.5948693024792941 -0.16125738410817492 1.270273741541351
leaf_weight=111 1559 53 103 436 134 815 155 214 112 48 61 151 447 35
leaf_count=111 1559 53 103 436 134 815 155 214 112 48 61 151 447 35
internal_value=-0.000306513 9.24642e-06 -0.00159017 -0.00798742 0.000631579 0.000315692 -0.00796935 0.00146341 0.00611205 0.00922432 0.00689977 0.0145116 -0.000646154 0.00206331
internal_weight=4434 4323 2764 623 187 2141 258 1883 586 474 426 212 1297 850
internal_count=4434 4323 2764 623 187 2141 258 1883 586 474 426 212 1297 850
cat_boundaries=0 2 3
cat_threshold=2147504657 97 538444104
is_linear=0
shrinkage=0.04


Tree=109
num_leaves=15
num_cat=2
split_feature=20 1 0 7 7 0 25 6 3 24 1 20 8 6
split_gain=9.68712 15.2183 14.0928 13.3487 29.7051 13.0593 12.7805 17.0449 14.1487 11.5835 10.8828 12.9764 12.6899 13.2455
threshold=8.5000000000000018 112.50000000000001 0 37.707137462107291 37.727230000000013 1 18.78313428062496 55.743665670000006 16.500000000000004 3769.6815577191305 -71.499999999999986 5.5000000000000009 55.576096230814606 55.572060790000002
decision_type=2 2 9 8 10 9 10 2 2 10 2 2 10 2
left_child=3 2 -2 5 -5 -1 7 8 -6 -4 11 -7 -12 -14
right_child=1 -3 9 4 6 10 -8 -9 -10 -11 12 -13 13 -15
leaf_value=0.15274636630763669 0.36629782916089826 1.8659417810508638 0.0012819483186148517 -1.2423843370986147 0.17817189906836717 0.86176434740290775 1.578090711363294 -0.69102963042473109 -0.87017699224172429 -0.22136311354391736 -0.88014244416284415 -1.3946159394366202 2.4991920771095675 0.0066512021841569416
leaf_weight=242 325 217 345 237 308 35 62 128 68 144 182 159 52 1930
leaf_count=242 325 217 345 237 308 35 62 128 68 144 182 159 52 1930
internal_value=-0.000180302 0.00321083 0.000685435 -0.00120963 -0.0057072 0.000184403 -0.000702988 -0.00284024 0.00147757 -0.00358566 -0.000742303 -0.00974619 7.38348e-05 0.00100756
internal_weight=4434 1031 814 3403 803 2600 566 504 376 489 2358 194 2164 1982
internal_count=4434 1031 814 3403 803 2600 566 504 376 489 2358 194 2164 1982
cat_boundaries=0 2 4
cat_threshold=503885952 65 1057 112
is_linear=0
shrinkage=0.04


Tree=110
num_leaves=15
num_cat=2
split_feature=2 0 0 25 7 18 16 5 14 3 7 15 21 15
split_gain=9.90177 15.726 10.2914 8.14921 15.5107 10.087 9.88457 9.67691 9.25633 7.76905 10.4706 12.0453 7.74238 7.39998
threshold=665.53866950000008 0 1 18.66985691983373 37.668067090481635 2573.8514888345294 0.17445652173913045 37.671635985000002 12.858571428571432 14.500000000000002 37.522226229638896 10.33351132748011 4.5000000000000009 13.670286969401642
decision_type=2 9 9 10 10 10 8 2 10 2 10 10 2 8
left_child=2 3 12 5 6 7 -5 9 -8 10 11 -2 13 -1
right_child=1 -3 -4 4 -6 -7 8 -9 -10 -11 -12 -13 -14 -15
leaf_value=-0.010299021298060129 -1.0931171259247281 0.017010492574758975 0.16237051315715068 -0.50176382320531443 2.1322369649557351 -1.0759183867639022 -0.25207450828588296 -0.61913558255128398 0.31441892024048018 -0.64097497797835323 0.83447755641147014 0.12666795330923283 0.48011328147364773 -0.35980257647370856
leaf_weight=978 66 797 1438 39 42 88 56 289 45 68 60 69 139 260
leaf_count=978 66 797 1438 39 42 88 56 289 45 68 60 69 139 260
internal_value=-0.000198332 -0.00268804 0.00123492 -0.00651497 0.000864865 -0.00870918 -0.00559441 -0.00663063 0.00115385 -0.00105263 0.0030303 -0.00318841 -0.00123741 -0.00225624
internal_weight=4434 1619 2815 822 182 640 140 552 101 263 195 135 1377 1238
internal_count=4434 1619 2815 822 182 640 140 552 101 263 195 135 1377 1238
cat_boundaries=0 2 4
cat_threshold=3326898762 70 2427687577 105
is_linear=0
shrinkage=0.04


Tree=111
num_leaves=15
num_cat=1
split_feature=5 7 7 20 25 8 10 5 26 0 8 12 3 1
split_gain=9.97479 9.20715 17.2253 15.8871 15.4101 12.56 15.4401 23.5231 9.96398 9.9014 9.05338 8.5482 8.15002 8.94997
threshold=37.858991355000008 37.707137462107291 37.727230000000013 8.5000000000000018 22.814128827982042 55.730433038245302 26.500000000000004 37.718161500000008 2.0019120854804888 0 55.654265167876062 7.3633333333333342 2.5000000000000004 -78.499999999999986
decision_type=2 8 10 2 10 10 10 2 10 9 8 10 2 2
left_child=1 9 3 10 5 6 -4 -8 11 -1 -3 -7 -11 -14
right_child=-2 2 4 -5 -6 8 7 -9 -10 12 -12 -13 13 -15
leaf_value=0.67561218699302517 0.49394863137584083 -0.26742996800485086 -0.26687963528053205 0.37130747127867736 2.6037422757443163 0.050502466121432193 -0.13024099494172869 1.3419420769917481 0.18450523593884072 -0.49021108990100126 -2.064087631163587 -1.1536638974210818 -0.53065259084794347 0.019098139231026739
leaf_weight=145 97 110 142 71 49 43 100 156 40 84 127 118 268 2884
leaf_count=145 97 110 142 71 49 43 100 156 40 84 127 118 268 2884
internal_value=-9.0151e-05 -0.00037788 -0.00383733 -0.0115756 -0.000122888 -0.00192691 0.00219451 0.00803089 -0.01 0.000602837 -0.0165 -0.0143902 0.000123115 0.000456418
internal_weight=4434 4337 956 308 648 599 398 256 201 3381 237 161 3236 3152
internal_count=4434 4337 956 308 648 599 398 256 201 3381 237 161 3236 3152
cat_boundaries=0 2
cat_threshold=5120 96
is_linear=0
shrinkage=0.04


Tree=112
num_leaves=15
num_cat=2
split_feature=1 0 0 18 6 2 7 5 7 16 8 25 18 10
split_gain=9.35396 14.3863 10.6516 12.397 10.8917 9.90745 11.7808 10.1365 9.20069 8.8225 9.30151 16.6635 9.47949 8.27846
threshold=76.500000000000014 0 1 2165.6867341351231 55.654052025000006 764.09319500000004 37.707137462107291 37.690101775000009 37.726482790266481 0.19204425711275028 55.585937171518616 16.57696543240041 2055.2750580124325 204.50000000000003
decision_type=2 9 9 10 2 2 10 2 10 10 10 10 10 8
left_child=2 9 3 4 -1 6 7 -3 -8 -2 -11 12 -12 -4
right_child=1 5 13 -5 -6 -7 8 -9 -10 10 11 -13 -14 -15
leaf_value=0.16969014902861745 0.94820721185430101 0.010824545008144082 0.060196245408166968 -0.22199791141750014 -0.14400189654948867 -0.7309904045717609 -1.3447647792185939 1.3224125627646877 -0.067915136163833267 -0.45770331055209595 0.092349650698454439 1.421170752797992 -0.55974844679109137 -0.09747448160468139
leaf_weight=427 181 450 795 584 657 56 38 51 70 109 219 280 66 451
leaf_count=427 181 450 795 584 657 56 38 51 70 109 219 280 66 451
internal_value=-7.21208e-05 0.00246881 -0.0013987 -0.00347412 -0.000956762 -0.0019469 -0.000457516 0.00214286 -0.0122523 0.00585253 0.00378139 0.00584507 -0.000972222 0.00139793
internal_weight=4434 1520 2914 1668 1084 665 609 501 108 855 674 565 285 1246
internal_count=4434 1520 2914 1668 1084 665 609 501 108 855 674 565 285 1246
cat_boundaries=0 2 4
cat_threshold=3079283904 38 2987943494 119
is_linear=0
shrinkage=0.04


Tree=113
num_leaves=15
num_cat=2
split_feature=23 7 0 17 1 1 3 26 0 22 10 20 16 17
split_gain=8.1119 12.7154 10.9412 10.8982 10.5388 9.48158 10.9758 10.4935 11.8283 9.79469 11.6355 12.6022 9.68761 9.64626
threshold=64.067189866000021 37.379233439029967 0 49.500000000000007 424.00000000000006 -136.99999999999997 2.5000000000000004 1.3026811784433685 1 177.021626021 238.50000000000003 8.5000000000000018 0.10063291139240509 49.500000000000007
decision_type=10 8 9 10 2 2 2 10 9 2 10 2 8 10
left_child=1 -1 3 -2 5 -3 -7 8 -8 10 11 12 -10 -12
right_child=2 4 -4 -5 -6 6 7 -9 9 -11 13 -13 -14 -15
leaf_value=0.99107258699791712 0.094835607320511037 -0.9220452587789848 -0.22538015915465184 -0.89692022227126678 4.0859808537230355 -0.36719425671641454 -0.80110216203776807 0.13619803978479403 -0.37185392752170915 0.20129405616142776 -0.37877098151049299 0.50270170370380252 0.0033555361223030549 0.84543663423965476
leaf_weight=152 565 125 836 90 37 94 100 1179 69 82 264 200 590 51
leaf_count=152 565 125 836 90 37 94 100 1179 69 82 264 200 590 51
internal_value=1.80302e-05 0.00123557 -0.00238286 0.00149701 0.000615605 0.000319188 0.000835866 0.00133964 -0.0010596 6.30418e-05 -0.000883602 0.00153132 -0.00114804 -0.00742138
internal_weight=4434 2943 1491 655 2791 2754 2629 2535 1356 1256 1174 859 659 315
internal_count=4434 2943 1491 655 2791 2754 2629 2535 1356 1256 1174 859 659 315
cat_boundaries=0 2 4
cat_threshold=2642482916 3 537923648 96
is_linear=0
shrinkage=0.04


Tree=114
num_leaves=15
num_cat=2
split_feature=1 2 7 7 20 0 19 0 2 18 7 7 5 18
split_gain=8.33338 13.2883 10.4964 14.1166 11.3614 11.0797 10.8224 10.1887 11.8836 14.583 10.1707 12.0729 9.17878 9.10506
threshold=76.500000000000014 794.27329800000018 37.379233439029967 37.348065000000013 8.5000000000000018 0 13.145319618009056 1 666.52870850000011 227.37198098142861 37.451894818804824 37.707137462107291 37.705329505000009 5927.6571901265579
decision_type=2 2 10 10 2 9 10 9 2 10 10 10 2 10
left_child=7 2 3 -2 5 6 -4 8 -1 -10 -7 12 -12 -6
right_child=1 -3 4 -5 13 10 -8 -9 9 -11 11 -13 -14 -15
leaf_value=-0.012564425016788335 -0.03902353606773204 -0.86023859469306119 -1.0507514014797501 3.9661855858541304 1.0049729769733742 -0.47321264349959818 0.2776264001793417 0.014498391337629717 0.13549975459228228 -0.57055853923669508 0.04615545282852182 -0.80276930919126277 1.4512302696861781 3.2159694786167314
leaf_weight=1141 35 63 44 52 244 151 467 1208 76 489 274 108 38 44
leaf_count=1141 35 63 44 52 244 151 467 1208 76 489 274 108 38 44
internal_value=1.80302e-05 0.00241628 0.00320548 0.0164444 0.00233066 0.000442396 0.00465649 -0.00123414 -0.00321117 -0.00795775 -0.00335616 -0.000189125 0.00380952 0.00934708
internal_weight=4434 1520 1457 87 1370 1082 511 2914 1706 565 571 420 312 288
internal_count=4434 1520 1457 87 1370 1082 511 2914 1706 565 571 420 312 288
cat_boundaries=0 2 4
cat_threshold=3867682752 2 2987976258 119
is_linear=0
shrinkage=0.04


Tree=115
num_leaves=15
num_cat=0
split_feature=5 18 18 8 17 6 5 3 3 3 10 8 8 24
split_gain=8.47064 9.19192 12.3401 22.2051 13.3288 24.2802 14.9956 10.0858 10.5946 15.2952 19.6291 14.3911 12.5296 11.5052
threshold=37.858991355000008 4481.8407919420333 3180.6342164242465 55.533200111526718 57.500000000000007 55.642067515000001 37.451340305000009 6.5000000000000009 12.500000000000002 18.500000000000004 244.50000000000003 55.632643439752165 55.616237303655431 7111.572036402803
decision_type=2 10 10 8 10 2 2 2 2 2 10 10 10 10
left_child=1 2 3 -1 5 6 -4 -3 -9 11 12 -10 -11 -14
right_child=-2 7 4 -5 -6 -7 -8 8 9 10 -12 -13 13 -15
leaf_value=2.7359859749150157 0.46315113840451799 0.32822037382549096 -0.073456549297209225 -0.0065392919036645061 -1.5623523851510053 -0.35026773847795306 1.238443855304076 -0.16140978544957263 3.5627977886187412 -1.0869246259736542 -0.81211081994785073 0.047955046598932238 2.0756391234285685 0.015212206747061681
leaf_weight=50 97 103 77 3105 92 264 88 163 56 35 49 83 49 123
leaf_count=50 97 103 77 3105 92 264 88 163 56 35 49 83 49 123
internal_value=9.0151e-05 -0.000175115 -0.000956782 -1.26662e-05 -0.00664122 -0.00361111 0.00833333 0.00415663 0.00199643 0.00552764 -0.00030888 0.0160563 0.00514286 0.0096
internal_weight=4434 4337 3676 3155 521 429 165 661 558 395 256 139 207 172
internal_count=4434 4337 3676 3155 521 429 165 661 558 395 256 139 207 172
is_linear=0
shrinkage=0.04


Tree=116
num_leaves=15
num_cat=2
split_feature=5 23 1 0 15 0 26 11 18 25 1 3 25 17
split_gain=8.76487 9.23916 11.4088 14.3086 12.6691 11.2388 11.4912 11.5751 10.724 11.6176 10.6016 10.009 18.6738 9.9774
threshold=37.858991355000008 54.461329979000006 87.500000000000014 0 22.074876465071032 1 1.0843515637481884 7.2718600000000011 2305.6356507737446 15.731319598949403 -58.499999999999993 18.500000000000004 27.879905704863123 60.500000000000007
decision_type=2 10 2 9 10 9 10 10 8 10 2 2 10 10
left_child=1 2 4 -4 8 -3 -7 -8 -1 -10 -11 12 -5 -12
right_child=-2 5 3 11 -6 6 7 -9 9 10 13 -13 -14 -15
leaf_value=0.030393653318833511 0.44462509286833723 -0.15722406731667529 0.93260158723611997 -0.027970514977656187 0.16573933778820532 0.16729527921816953 -0.38179736356657745 0.065229640788122656 -1.3635168028398443 -1.3772177760136675 0.012308662495143556 -0.54291446160291912 1.5851231153752146 -0.40818940323373493
leaf_weight=1000 97 940 341 268 56 310 344 283 99 69 402 95 55 75
leaf_count=1000 97 940 341 268 56 310 344 283 99 69 402 95 55 75
internal_value=-0.000108181 -0.00037788 0.00123427 0.00530184 -0.000586854 -0.00248936 0.000631579 -0.00247619 -0.00123786 -0.00524691 -0.00291439 0.000185615 0.00355828 -0.00075
internal_weight=4434 4337 2460 759 1701 1877 937 627 1645 645 546 418 323 477
internal_count=4434 4337 2460 759 1701 1877 937 627 1645 645 546 418 323 477
cat_boundaries=0 2 4
cat_threshold=1612215308 38 1113514349 112
is_linear=0
shrinkage=0.04


Tree=117
num_leaves=15
num_cat=2
split_feature=0 3 20 18 10 1 15 24 1 7 16 0 24 7
split_gain=8.08826 9.07666 8.92536 12.4768 18.0361 11.6674 10.7604 8.01444 7.48823 9.87279 7.83359 11.6084 7.84277 7.50946
threshold=0 2.5000000000000004 9.5000000000000018 1050.1912880269649 46.500000000000007 -3.4999999999999996 1.1172350697719169 2468.8261464300663 -78.499999999999986 37.726822192138336 0.21089696071163827 1 3109.5984595532213 37.687037000000011
decision_type=9 2 2 10 10 2 10 10 2 10 10 9 10 10
left_child=1 -1 3 4 -3 6 -6 -7 9 -5 11 -10 -12 -13
right_child=-2 2 -4 8 5 7 -8 -9 10 -11 12 13 -14 -15
leaf_value=-0.64032234766928497 0.031551012874798764 -0.383516235211803 0.59484700142019475 -1.3886577377718528 0.83242314524675765 0.29873116730222604 -0.43521462711554376 1.2619111933910789 -0.18990588726907276 0.38318264973537625 -0.36801996254826508 0.043492334767708626 -0.0044312170218667292 0.5297049569095269
leaf_weight=58 2206 114 146 156 35 176 144 81 113 35 474 246 352 98
leaf_count=58 2206 114 146 156 35 176 144 81 113 35 474 246 352 98
internal_value=-0.000126211 -0.00182062 -0.00139899 -0.00209176 0.00303797 0.0067426 -0.0010989 0.0121538 -0.00400812 -0.0113402 -0.00289269 0.00130435 -0.0052111 0.00492997
internal_weight=4434 2228 2170 2024 550 436 179 257 1474 191 1283 457 826 344
internal_count=4434 2228 2170 2024 550 436 179 257 1474 191 1283 457 826 344
cat_boundaries=0 2 4
cat_threshold=2186912411 113 37748737 96
is_linear=0
shrinkage=0.04


Tree=118
num_leaves=15
num_cat=1
split_feature=18 18 8 17 6 8 0 5 1 15 12 26 10 17
split_gain=7.34173 13.4686 19.104 10.7927 12.2309 9.26669 8.5031 14.9694 9.46754 13.2882 9.93151 8.4879 8.44192 14.598
threshold=4624.9935482237161 3180.6342164242465 55.533200111526718 57.500000000000007 55.642067515000001 55.53902276284807 0 37.486873330000009 -23.499999999999996 11.855306901931966 25.013636363636369 1.0843515637481884 238.50000000000003 23.500000000000004
decision_type=8 10 10 10 2 10 9 2 2 10 8 10 10 10
left_child=1 2 -1 4 5 -3 7 -4 9 -9 -10 -7 -2 -14
right_child=12 3 6 -5 -6 11 -8 8 10 -11 -12 -13 13 -15
leaf_value=2.6405563899460867 0.1248638280060846 -0.42893109458925749 -0.52555342689078921 -1.371398125013876 -0.29769086815948465 1.4225460155311158 0.076093346847839208 -0.061255474664730233 0.053366896123130517 -1.6001019432904451 -0.53947389946553104 0.188683062529891 0.03814523070845479 -0.59757424218591115
leaf_weight=50 473 43 136 98 286 60 1269 436 1131 142 79 77 67 87
leaf_count=50 473 43 136 98 286 60 1269 436 1131 142 79 77 67 87
internal_value=0 -0.000661417 0.000332717 -0.00634921 -0.00375267 0.00437158 -6.25782e-05 -0.00173464 -0.000759352 -0.00495697 0.00125309 0.00942857 0.004 -0.00407643
internal_weight=4434 3807 3243 564 466 180 3193 1924 1788 578 1210 137 627 154
internal_count=4434 3807 3243 564 466 180 3193 1924 1788 578 1210 137 627 154
cat_boundaries=0 2
cat_threshold=2184831643 97
is_linear=0
shrinkage=0.04


Tree=119
num_leaves=15
num_cat=3
split_feature=5 23 1 3 0 3 0 20 3 15 26 25 3 0
split_gain=7.53281 8.41387 10.7516 11.979 14.5868 10.8114 10.5105 12.4099 11.5512 11.4195 9.75208 11.1582 13.2516 9.58252
threshold=37.858991355000008 54.461329979000006 391.00000000000006 20.500000000000004 0 3.5000000000000004 1 9.5000000000000018 14.500000000000002 12.028961235436244 1.0803459114127889 21.0013711308914 13.500000000000002 2
decision_type=2 10 2 2 9 2 9 2 2 10 10 10 2 9
left_child=1 2 3 4 5 -1 10 8 9 13 -3 -12 -13 -8
right_child=-2 6 -4 -5 -6 -7 7 -9 -10 -11 11 12 -14 -15
leaf_value=-0.33294822475964458 0.42253431476469816 0.19876927046381782 3.7301174167112277 -0.15065540967116783 0.2177341164944113 -0.0017516843556817107 0.29293393908835091 0.61847339365887821 -0.49959080340662104 -0.46943076940330886 0.024000917972817712 -2.6748932525101057 0.13076447321410026 -0.083013099324114353
leaf_weight=114 97 235 49 201 1072 1024 236 71 382 242 343 53 38 277
leaf_count=114 97 235 49 201 1072 1024 236 71 382 242 343 53 38 277
internal_value=-5.40906e-05 -0.000304147 0.00123427 0.00084507 0.00169905 -0.0014596 -0.00231915 -0.00452088 -0.00557895 -0.00269129 0.00170088 -0.00183066 -0.0140426 0.000697674
internal_weight=4434 4337 2460 2411 2210 1138 1877 1208 1137 755 669 434 91 513
internal_count=4434 4337 2460 2411 2210 1138 1877 1208 1137 755 669 434 91 513
cat_boundaries=0 2 4 6
cat_threshold=2241446595 65 1031864976 3 2148160801 4
is_linear=0
shrinkage=0.04


Tree=120
num_leaves=15
num_cat=2
split_feature=18 18 26 0 20 13 2 14 11 7 24 25 12 0
split_gain=8.73785 10.7877 14.132 10.2221 11.5965 9.80072 9.35196 9.13336 8.85773 9.70167 13.097 10.0481 8.58145 9.33845
threshold=4624.9935482237161 3356.4600385310273 1.2328799008622857 0 8.5000000000000018 24.728333333333335 665.53866950000008 17.808210784313729 15.943318000000001 37.373646810293664 2314.7779354744166 19.364021718922558 15.690000000000003 1
decision_type=8 10 10 9 2 8 2 10 10 10 10 10 8 9
left_child=1 3 -3 4 8 6 -5 12 9 10 -1 -11 13 -8
right_child=-2 2 -4 5 -6 -7 7 -9 -10 11 -12 -13 -14 -15
leaf_value=-0.51663467455234691 0.05331993868010329 -0.08015491248150354 -1.8172518323411526 0.033918106114014107 1.5559706270851001 -0.83933955820297801 -0.43017579326857058 0.22697227446099746 0.35023057133560204 0.0038894005564328892 2.7498586418761555 -1.2018033399844337 -0.92963316981944788 0.0071915532000708998
leaf_weight=36 627 414 47 1559 129 73 211 90 87 532 55 50 147 377
leaf_count=36 627 414 47 1559 129 73 211 90 87 532 55 50 147 377
internal_value=0.000144242 -0.000577428 -0.0062931 0.00021499 0.00385809 -0.00111741 -0.000670297 -0.00410628 0.00199214 0.000414201 0.0123404 -0.00150427 -0.00558266 -0.00338409
internal_weight=4434 3807 461 3346 889 2457 2384 825 760 673 91 582 735 588
internal_count=4434 3807 461 3346 889 2457 2384 825 760 673 91 582 735 588
cat_boundaries=0 2 4
cat_threshold=1027998884 2 1074348096 68
is_linear=0
shrinkage=0.04


Tree=121
num_leaves=15
num_cat=0
split_feature=5 3 3 26 15 24 7 8 3 6 16 7 3 8
split_gain=7.26018 7.20379 20.2774 18.9802 12.5284 14.0382 12.6334 10.9462 10.2604 23.2252 17.3049 11.315 10.1043 9.86232
threshold=37.858991355000008 20.500000000000004 17.500000000000004 1.5935693193748577 8.518973692978447 3121.8768174188667 37.623930950312342 55.644216597089816 15.500000000000002 55.634634135000006 0.43405797101449278 37.373646810293664 18.500000000000004 55.733418836703386
decision_type=2 2 2 10 8 10 10 10 2 2 10 10 2 10
left_child=1 2 8 4 5 -4 7 12 11 10 -10 -1 -6 -13
right_child=-2 -3 3 -5 6 -7 -8 -9 9 -11 -12 13 -14 -15
leaf_value=1.001780316403603 0.40547736615185304 -0.14676199083152525 0.18389713160369467 2.5158549011472662 1.0153208969777916 4.2306684590047983 -0.58313514823693591 1.4280520997006239 1.3122976555302088 -0.56563262490407296 -0.27958100297645444 0.014086203011161019 -0.8063864483802422 -0.18029944464046976
leaf_weight=76 97 362 57 107 39 42 63 57 55 393 35 2466 68 517
leaf_count=76 97 362 57 107 39 42 63 57 55 393 35 2466 68 517
internal_value=0.000144242 -0.000101382 0.000392157 0.00853211 0.00364742 0.0152941 -0.00156522 0.00431138 -0.000609309 -0.00600823 0.012043 0.000248204 -0.00327273 -0.000147354
internal_weight=4434 4337 3975 433 326 99 227 164 3542 483 90 3059 107 2983
internal_count=4434 4337 3975 433 326 99 227 164 3542 483 90 3059 107 2983
is_linear=0
shrinkage=0.04


Tree=122
num_leaves=15
num_cat=0
split_feature=18 18 8 26 3 23 26 8 7 18 7 20 3 15
split_gain=9.50951 10.947 19.2066 11.9653 8.94965 11.9497 9.61323 10.8286 11.9417 10.9934 10.8102 10.1703 15.6947 14.0367
threshold=4624.9935482237161 3356.4600385310273 55.533200111526718 1.2328799008622857 2.5000000000000004 inf 1.0460717964229798 55.738780535210758 37.514943232413565 2748.835913550939 37.373646810293664 7.5000000000000009 5.5000000000000009 12.636592267947409
decision_type=10 10 8 10 2 8 8 10 10 10 10 2 2 10
left_child=1 2 -1 -3 -4 6 7 8 -6 -10 -8 12 -12 -14
right_child=-2 3 4 -5 5 -7 10 -9 9 -11 11 -13 13 -15
leaf_value=2.4211364504627575 0.058726163506215831 -0.083838274819491979 -0.33071764307913748 -1.7451252071679528 0.10629896370033891 0.62533156869834217 0.93812982161977576 -0.96154985688982642 -0.090771200066661145 -1.2386890958995613 0.39769305000442218 0.10216937032388748 -0.064554088469459328 -0.75748148317522812
leaf_weight=50 625 414 79 47 141 49 113 64 190 68 180 1258 924 232
leaf_count=50 625 414 79 47 141 49 113 64 190 68 180 1258 924 232
internal_value=0.000216362 -0.000535152 0.000262608 -0.0062931 -0.000121175 0.000211049 -0.000100851 -0.00540773 -0.00288557 -0.00796935 0.000811808 0.000277243 -0.00215086 -0.0038654
internal_weight=4434 3809 3348 461 3298 3219 3170 463 399 258 2707 2594 1336 1156
internal_count=4434 3809 3348 461 3298 3219 3170 463 399 258 2707 2594 1336 1156
is_linear=0
shrinkage=0.04


Tree=123
num_leaves=15
num_cat=2
split_feature=18 26 0 17 24 6 5 25 1 2 0 7 10 1
split_gain=8.24 9.44106 17.3445 9.75576 26.9715 15.417 16.3767 13.1909 16.0455 11.466 11.3157 10.6669 9.96555 9.61859
threshold=4481.8407919420333 1.1307657693551134 0 47.500000000000007 3580.6637649725194 55.618889305000003 37.748820685000005 16.808058817343039 -29.499999999999996 659.0834645000001 1 37.415338067999095 5.5000000000000009 140.50000000000003
decision_type=10 8 9 10 10 2 2 10 2 2 9 10 10 2
left_child=1 2 -1 7 5 -5 -7 9 -9 12 -10 -12 -3 -6
right_child=-2 3 -4 4 13 6 -8 8 10 -11 11 -13 -14 -15
leaf_value=-0.43289053554641682 0.047994787332330022 1.2116163055841842 0.003210453031157101 3.3393803501645625 -1.5149377714876908 -0.4091216783886682 0.71143180530716932 -0.40038807257824688 1.2876058403772177 -0.11243281749864821 2.0591852366458081 -0.011107545980916029 0.086825076188757289 -0.22769431568991252
leaf_weight=388 661 57 747 58 78 168 61 101 212 889 77 198 701 38
leaf_count=388 661 57 747 58 78 168 61 101 212 889 77 198 701 38
internal_value=0.000288483 -0.000434322 -0.00347979 0.000878455 -0.00482759 0.0017931 -0.00293103 0.00191242 0.00703892 7.27273e-05 0.0100408 0.00402778 0.00367937 -0.0208403
internal_weight=4434 3773 1135 2638 403 287 229 2235 588 1647 487 275 758 116
internal_count=4434 3773 1135 2638 403 287 229 2235 588 1647 487 275 758 116
cat_boundaries=0 2 4
cat_threshold=2216579149 96 2651849801 32
is_linear=0
shrinkage=0.04


Tree=124
num_leaves=15
num_cat=1
split_feature=18 24 16 1 8 6 18 1 8 20 19 0 2 26
split_gain=7.50786 11.2122 9.42223 10.5247 8.46592 8.82773 9.28257 14.7071 13.4328 12.8335 11.6269 10.3586 11.6233 8.55355
threshold=4624.9935482237161 5188.7510418538723 0.17362318840579713 -76.499999999999986 55.802496500000011 55.795676900000011 2291.090358845338 297.50000000000006 55.613873045332909 9.5000000000000018 1776.3706954078928 0 663.98848050000015 1.1988033607119279
decision_type=10 8 10 2 10 2 10 2 10 2 10 9 2 10
left_child=1 2 3 -1 5 6 8 10 -4 11 -8 -10 -13 -6
right_child=-2 -3 4 -5 13 -7 7 -9 9 -11 -12 12 -14 -15
leaf_value=-0.64509180616906836 0.054457325472673998 -0.39361059637481488 2.5258915940559583 0.13262414789805399 -0.037694679317810689 1.1074459037722317 -0.36261146382158332 1.4267105001257472 0.084924169959710666 1.0264607068290865 0.2870084857360527 -0.0085675835942917895 -0.44285527079017672 -0.74100103081817481
leaf_weight=111 625 56 77 658 38 65 722 58 754 89 71 682 388 40
leaf_count=111 625 56 77 658 38 65 722 58 754 89 71 682 388 40
internal_value=0.000342574 -0.000325289 -5.32481e-05 0.00388601 -0.00107131 -0.000715022 -0.00105485 -0.00454333 0.000441545 -0.000229645 -0.0059799 -0.000963328 -0.00347184 -0.0138272
internal_weight=4434 3809 3753 769 2984 2906 2841 851 1990 1913 793 1824 1070 78
internal_count=4434 3809 3753 769 2984 2906 2841 851 1990 1913 793 1824 1070 78
cat_boundaries=0 2
cat_threshold=427824098 39
is_linear=0
shrinkage=0.04


Tree=125
num_leaves=15
num_cat=3
split_feature=3 3 26 1 2 0 12 3 0 6 16 0 26 26
split_gain=6.90285 20.4156 15.2403 10.6217 10.6204 9.71057 8.85089 8.38825 27.1014 16.8266 12.8615 8.13133 11.9104 8.56346
threshold=20.500000000000004 17.500000000000004 1.5935693193748577 -11.499999999999998 666.52870850000011 0 9.7071428571428573 15.500000000000002 1 55.634634135000006 0.32392686804451515 2 2.8379619429973553 1.0278215767135264
decision_type=2 2 10 2 2 9 10 2 9 2 10 9 8 10
left_child=1 7 4 -2 -3 -5 -6 11 -9 10 -10 12 13 -1
right_child=3 2 -4 5 6 -7 -8 8 9 -11 -12 -13 -14 -15
leaf_value=-0.043996192017791848 0.272110210402005 0.78317782385581491 2.3052251313878203 0.060927962475151962 0.41549855009558201 -0.36653546901372719 -1.1833733993922904 -0.72716627964920633 1.4484013932358082 -0.30528528937728328 0.021091621692810349 -0.0079146454730312146 -0.51539473953936177 0.26630731630683213
leaf_weight=94 72 235 108 107 45 187 63 222 41 189 35 2635 51 350
leaf_count=94 72 235 108 107 45 187 63 222 41 189 35 2635 51 350
internal_value=0.000252423 0.000727094 0.00872247 -0.00498645 0.00450867 -0.00835017 -0.00576577 -0.000276243 -0.00514286 0.00359712 0.0192405 0.000485158 0.00511811 0.00733781
internal_weight=4434 4068 451 366 343 294 108 3617 487 265 76 3130 495 444
internal_count=4434 4068 451 366 343 294 108 3617 487 265 76 3130 495 444
cat_boundaries=0 2 4 5
cat_threshold=136315520 25 2718565157 97 562042148
is_linear=0
shrinkage=0.04


Tree=126
num_leaves=15
num_cat=2
split_feature=20 3 3 0 6 0 11 10 5 5 13 9 1 3
split_gain=7.16657 12.1168 10.1025 7.66367 11.2452 11.9026 10.673 10.1824 8.50012 10.8604 16.2492 8.67508 8.44812 8.28605
threshold=9.5000000000000018 20.500000000000004 15.500000000000002 0 55.646745290000005 1 14.426078000000002 1.0000000180025095e-35 37.718161500000008 37.533866470000014 8.154423076923079 0.95000000000000007 -52.499999999999993 9.5000000000000018
decision_type=2 2 2 9 2 9 10 10 2 2 10 10 2 2
left_child=3 2 -2 4 7 13 -7 -1 9 -9 -11 -10 -12 -6
right_child=1 -3 -4 -5 5 6 -8 8 11 10 12 -13 -14 -15
leaf_value=-0.33954634670991352 0.038311327360096785 -0.25854508663507314 1.6830534452878154 0.033247733358690537 -0.89631892773981903 -0.01864121307452522 -0.73414974065736427 0.18163878768972752 -0.21574126714112168 0.90598301225003985 -2.5477627125733777 0.98749489834319382 -0.090232191133669259 -0.30331529766860399
leaf_weight=83 122 72 83 2084 65 876 110 480 51 51 36 103 91 127
leaf_count=83 122 72 83 2084 65 876 110 480 51 51 36 103 91 127
internal_value=0.000234393 0.00642857 0.0113462 -0.000182692 -0.00189837 -0.00447079 -0.00256256 0.00146993 0.00284663 0.000847201 -0.00751381 0.0112102 -0.0150769 -0.0132683
internal_weight=4434 277 205 4157 2073 1178 986 895 812 658 178 154 127 192
internal_count=4434 277 205 4157 2073 1178 986 895 812 658 178 154 127 192
cat_boundaries=0 2 4
cat_threshold=2723717787 97 2147483648 65
is_linear=0
shrinkage=0.04


Tree=127
num_leaves=15
num_cat=1
split_feature=5 0 6 8 20 1 8 24 5 1 11 8 25 18
split_gain=7.33405 7.72604 11.3656 16.4751 17.0676 11.4289 13.5065 11.6973 10.9124 12.0321 10.2513 9.7224 16.7431 14.0327
threshold=37.858991355000008 0 55.651852825000006 55.685454096347691 7.5000000000000009 24.500000000000004 55.643447322143729 2985.0235419619098 37.622779030000011 -82.499999999999986 12.943318000000001 55.730433038245302 19.46815270249115 6775.9452628413201
decision_type=2 9 2 10 2 2 10 10 2 2 10 10 8 10
left_child=1 2 5 4 -4 7 -7 -1 -6 -10 -11 -5 -13 -14
right_child=-2 -3 3 11 8 6 -8 -9 9 10 -12 12 13 -15
leaf_value=0.016585096752832946 0.41398499968355962 0.029884647576545832 -1.1071325139991612 0.16259690087991119 -0.43057221002873219 -0.022113052040234039 0.86339267015137833 -0.21291512734312776 -0.89102778376944514 0.27723729704663436 -0.36257062605418527 -0.5486605937903013 3.007750304613487 -0.062939836677305183
leaf_weight=377 97 2235 209 308 89 211 176 130 61 186 43 216 53 43
leaf_count=377 97 2235 209 308 89 211 176 130 61 186 43 216 53 43
internal_value=9.0151e-05 -0.000156682 -0.00189125 -0.00442609 -0.00920474 0.00151616 0.00666667 -0.00243137 -0.00408377 -0.000273038 0.00396552 0.000128411 -0.0048254 0.00888889
internal_weight=4434 4337 2102 1208 588 894 387 507 379 290 229 620 312 96
internal_count=4434 4337 2102 1208 588 894 387 507 379 290 229 620 312 96
cat_boundaries=0 2
cat_threshold=2253955675 113
is_linear=0
shrinkage=0.04


Tree=128
num_leaves=15
num_cat=2
split_feature=2 0 0 18 1 13 18 15 1 12 26 9 26 15
split_gain=7.35858 13.0797 10.5345 8.31952 8.15776 9.6428 8.08418 8.07428 7.74851 7.7076 7.23858 9.33176 7.31794 7.23032
threshold=665.53866950000008 0 1 457.93484162696603 64.500000000000014 0.13750000000000004 1050.1912880269649 17.796876407719118 -17.499999999999996 24.483333333333338 1.526928836842814 28.350000000000005 1.2575438648172832 11.545725545607636
decision_type=2 9 9 10 2 10 10 8 2 10 10 10 10 10
left_child=2 4 3 -1 -2 -6 8 9 -5 -3 11 12 13 -7
right_child=1 7 -4 6 5 10 -8 -9 -10 -11 -12 -13 -14 -15
leaf_value=-0.464337386887198 -0.41347152871806653 0.03624397784278769 0.12975638852135007 -0.17109726519441282 -0.50148477365006561 0.62027585532874296 -0.04144021272611241 0.12512217066482897 0.31421521668251201 -0.6823461358226609 0.88681087038221673 -0.72997234601223338 -0.93950467703240603 -0.14196873913811914
leaf_weight=92 460 698 1525 64 39 44 986 117 148 71 77 37 39 37
leaf_count=92 460 698 1525 64 39 44 986 117 148 71 77 37 39 37
internal_value=0.000198332 -0.00194821 0.00143364 -0.00122794 -0.0058445 -0.000434783 -0.000333056 0.00133482 0.00669767 -0.00015544 0.00270042 -0.00225 0.00325203 0.01
internal_weight=4434 1619 2815 1290 733 273 1198 886 212 769 234 157 120 81
internal_count=4434 1619 2815 1290 733 273 1198 886 212 769 234 157 120 81
cat_boundaries=0 2 4
cat_threshold=3293339754 70 2964554393 41
is_linear=0
shrinkage=0.04


Tree=129
num_leaves=15
num_cat=2
split_feature=20 0 10 14 11 1 11 0 15 25 24 22 7 15
split_gain=7.76464 16.7235 9.54948 9.12155 10.6006 9.60233 9.84794 9.04533 8.85847 14.9213 8.23198 7.87186 7.8637 7.70517
threshold=8.5000000000000018 0 299.50000000000006 10.29156779661017 6.8332025000000014 131.50000000000003 3.8332025000000005 1 11.990665160944333 21.0013711308914 2752.4836083941577 46.305520489500005 37.444597581474319 9.698880020380809
decision_type=2 9 10 10 10 2 10 9 10 10 10 2 10 10
left_child=7 8 3 4 -3 6 -5 -1 10 -10 -2 -4 -11 -8
right_child=1 2 11 5 -6 -7 13 -9 9 12 -12 -13 -14 -15
leaf_value=-0.13982965691336574 0.039977094450863004 -0.31889764686150346 -0.13900152456042922 0.66185931678514043 0.22893568564398464 2.3476636428334601 0.91267604149131654 0.018755494439196347 1.5232597496023288 0.25154792793072916 1.4705257748678537 -1.1966838078423285 -0.38391118107044114 -0.10047265391627519
leaf_weight=1613 37 99 42 76 125 44 42 1790 70 36 119 44 75 222
leaf_count=1613 37 99 42 76 125 44 42 1790 70 36 119 44 75 222
internal_value=0.000252423 0.0032882 -0.000339463 0.00144026 -0.00493392 0.00516796 0.00279883 -0.000669407 0.0104 0.00456522 0.0176101 -0.0125843 -0.0045614 -0.000898876
internal_weight=4434 1031 694 608 224 384 340 3403 337 181 156 86 111 264
internal_count=4434 1031 694 608 224 384 340 3403 337 181 156 86 111 264
cat_boundaries=0 1 3
cat_threshold=1056978050 777564314 97
is_linear=0
shrinkage=0.04


Tree=130
num_leaves=15
num_cat=2
split_feature=5 23 1 2 0 0 3 6 24 19 20 26 5 16
split_gain=7.28477 8.53126 10.9105 13.7224 14.2683 12.0536 11.8095 14.8855 11.3625 9.44798 11.1168 9.27949 9.97583 9.7202
threshold=37.858991355000008 54.461329979000006 87.500000000000014 748.91311800000005 0 1 18.500000000000004 55.647441485000009 4889.1373412434341 1192.9287421894919 7.5000000000000009 1.6061401332668139 37.725967350000012 0.19204425711275028
decision_type=2 10 2 2 9 9 2 2 10 10 2 10 2 8
left_child=1 2 5 4 6 11 7 8 -4 10 -6 13 -13 -1
right_child=-2 -3 3 -5 9 -7 -8 -9 -10 -11 -12 12 -14 -15
leaf_value=0.014341702867090973 0.39148512437779576 -0.04931925779161702 0.32182588835393405 -0.58932431100101612 0.030351651327403601 0.047050371080313021 -1.0802899417328251 -0.38975763608960051 2.27678924292375 1.4579568275179873 1.9157406562023074 -0.026028944484216013 0.85129079618911652 -0.33817534444531633
leaf_weight=186 97 1877 136 64 132 735 79 79 56 103 110 310 52 418
leaf_count=186 97 1877 136 64 132 735 79 79 56 103 110 310 52 418
internal_value=0.000126211 -0.000119816 0.00142915 0.00540682 0.00704871 -0.000352113 0.00110193 0.00510949 0.0110769 0.0126257 0.0084898 -0.00326864 0.00175342 -0.00632619
internal_weight=4434 4337 2460 759 695 1701 350 271 192 345 242 966 362 604
internal_count=4434 4337 2460 759 695 1701 350 271 192 345 242 966 362 604
cat_boundaries=0 2 4
cat_threshold=2550154113 65 2778212034 103
is_linear=0
shrinkage=0.04


Tree=131
num_leaves=15
num_cat=0
split_feature=18 11 18 8 3 23 8 7 3 26 24 6 8 19
split_gain=7.5292 11.5426 11.0533 19.3219 10.231 12.0122 10.7768 13.7854 10.2283 9.71792 9.11041 8.98926 8.34725 8.1204
threshold=4481.8407919420333 32.004846000000008 3356.4600385310273 55.533200111526718 2.5000000000000004 inf 55.802496500000011 37.379233439029967 20.500000000000004 1.2328799008622857 2332.1584164340825 55.71193004500001 55.677020979056941 1592.9449875885055
decision_type=10 10 10 8 2 8 10 10 2 10 8 2 10 8
left_child=2 8 3 -1 -5 6 7 10 -2 11 -6 12 13 -4
right_child=1 -3 9 4 5 -7 -8 -9 -10 -11 -12 -13 -14 -15
leaf_value=2.0547510875567379 0.19051190134183593 -0.11363054768663557 -0.34097014537345177 -0.26695005107928976 -0.076343851058290405 0.58407191472353848 -0.45374503173963399 -0.012621153279025989 -0.036602461186821915 -2.0084718691989503 2.2670954011076105 -0.70412227207878941 0.081439722959075991 0.34460487313162413
leaf_weight=50 443 46 162 79 35 49 70 2986 172 44 79 69 40 110
leaf_count=50 443 46 162 79 35 49 70 2986 172 44 79 69 40 110
internal_value=0.000108181 0.00403614 -0.000582627 0.000190988 -0.000193881 0.00016139 -0.000151276 0.000206252 0.00550162 -0.00663551 0.0136752 -0.00447917 -0.00152381 -0.00407273
internal_weight=4434 661 3773 3348 3298 3219 3170 3100 615 425 114 381 312 272
internal_count=4434 661 3773 3348 3298 3219 3170 3100 615 425 114 381 312 272
is_linear=0
shrinkage=0.04


Tree=132
num_leaves=15
num_cat=3
split_feature=23 1 3 0 3 23 1 26 0 16 1 17 0 6
split_gain=6.84357 11.9423 9.95262 10.7791 9.17779 9.757 9.56917 9.89694 14.9145 10.0476 10.8254 8.10269 7.90302 15.89
threshold=64.067189866000021 372.50000000000006 5.5000000000000009 0 2.5000000000000004 60.91653547100001 -136.99999999999997 1.3026811784433685 1 0.19204425711275028 92.500000000000014 28.500000000000004 2 55.739211305000005
decision_type=10 2 2 9 2 8 2 10 9 8 2 8 9 2
left_child=1 4 -2 -4 11 6 -6 8 9 -8 -11 -1 13 -9
right_child=2 -3 3 -5 5 -7 7 12 -10 10 -12 -13 -14 -15
leaf_value=-0.0022586070478067201 0.38458022435121841 2.560090155626308 0.0082896123562812823 -0.26969864841594537 -0.85582862173686636 0.28672235374672755 0.014822429878019391 0.21872480106473974 0.0091398468439390975 -1.0790852556088206 -0.11015865206562922 -0.6220589028408986 0.0075109881594339354 2.404141180195996
leaf_weight=55 172 87 623 696 122 178 60 477 1054 113 73 43 600 81
leaf_count=55 172 87 623 696 122 178 60 477 1054 113 73 43 600 81
internal_value=9.0151e-05 0.00120842 -0.00211513 -0.00329803 0.000755509 0.00118798 0.000557491 0.00110524 -0.00128933 -0.00988417 -0.0148148 -0.0110891 0.00378984 0.00714536
internal_weight=4434 2943 1491 1319 2856 2758 2580 2458 1300 246 186 98 1158 558
internal_count=4434 2943 1491 1319 2856 2758 2580 2458 1300 246 186 98 1158 558
cat_boundaries=0 2 4 6
cat_threshold=3114604256 1 613945424 102 1746161932 38
is_linear=0
shrinkage=0.04


Tree=133
num_leaves=15
num_cat=3
split_feature=2 0 9 0 22 5 6 20 7 11 8 0 14 11
split_gain=7.26774 12.7248 9.86555 9.75751 7.16927 8.28879 6.99373 6.18565 16.0614 11.0384 8.96903 8.50132 7.56957 7.38388
threshold=665.53866950000008 0 44.650000000000013 1 69.248518958500014 37.414394780000009 55.73962954000001 7.5000000000000009 37.412151268651094 4.1303240000000008 55.585937171518616 2 23.515243271221532 7.0342420000000008
decision_type=2 9 10 9 2 2 2 2 10 10 10 9 10 10
left_child=3 -2 4 -1 5 -3 -6 10 -9 -10 -5 12 -11 -13
right_child=1 2 -4 7 6 -7 -8 8 9 11 -12 13 -14 -15
leaf_value=0.23880348984461763 -0.28616969675805154 1.0153849267695894 0.11609042935680945 -1.4971003260832738 0.13967325750404569 -0.23138969292248249 -0.29266440152143502 -0.94775481178200893 0.43727552708291273 0.2566691353531862 -0.024580962564994237 -0.41261848428163672 -0.3653118265852322 0.0021972017337589024
leaf_weight=935 575 47 74 48 369 471 83 47 231 294 891 104 54 211
leaf_count=935 575 47 74 48 369 471 83 47 231 294 891 104 54 211
internal_value=0.000234393 -0.00189889 0.000756859 0.00146203 -0.00032888 -0.00353167 0.00334066 -0.000211305 0.00207627 0.00329989 -0.00250531 0.000660661 0.00487535 -0.00402439
internal_weight=4434 1619 1044 2815 970 518 452 1880 941 894 939 663 348 315
internal_count=4434 1619 1044 2815 970 518 452 1880 941 894 939 663 348 315
cat_boundaries=0 2 4 6
cat_threshold=3226230882 66 1280070720 6 855646601 64
is_linear=0
shrinkage=0.04


Tree=134
num_leaves=15
num_cat=0
split_feature=11 18 8 5 24 3 24 10 6 10 3 10 23 20
split_gain=8.11722 10.1493 10.4491 12.4434 27.5988 10.4935 10.2206 14.707 10.8194 9.53878 14.2462 8.51449 8.2714 8.10003
threshold=32.004846000000008 4624.9935482237161 55.802496500000011 37.416216135000006 644.51915151029255 2.5000000000000004 2613.8920110198255 135.50000000000003 55.733677020000009 217.50000000000003 18.500000000000004 173.50000000000003 4226.4272594590011 8.5000000000000018
decision_type=8 10 8 2 10 2 10 10 2 10 2 10 8 2
left_child=1 2 3 4 -1 -5 7 -6 -9 11 -11 -3 13 -7
right_child=-2 9 -4 5 6 12 -8 8 -10 10 -12 -13 -14 -15
leaf_value=-0.50840746126576852 -0.084938349453952247 0.097920419672511236 -0.39017250717634727 -0.44572852870073859 1.409338227928485 -0.083315556330879878 2.3037611860458775 -0.80976195074497415 0.49445192730695242 0.039690729992915237 -0.56460165590121936 1.5459855150252233 0.51002993796383223 0.031258950213015967
leaf_weight=69 110 351 90 84 63 2342 167 50 52 112 58 58 76 752
leaf_count=69 110 351 90 84 63 2342 167 50 52 112 58 58 76 752
internal_value=-3.60604e-05 0.000240351 -0.000522946 -0.000185894 0.00643564 -0.00100706 0.0112239 0.00404762 -0.00533333 0.00515464 -0.00277457 0.0084466 -0.000630318 -0.000955764
internal_weight=4434 4324 3745 3655 401 3254 332 165 102 579 170 409 3170 3094
internal_count=4434 4324 3745 3655 401 3254 332 165 102 579 170 409 3170 3094
is_linear=0
shrinkage=0.04


Tree=135
num_leaves=15
num_cat=2
split_feature=2 0 25 5 18 0 15 25 1 16 3 13 3 25
split_gain=6.69775 11.5695 9.2883 14.4972 14.059 8.98479 8.12554 11.2403 17.0342 11.0827 11.0334 12.4627 11.3134 14.4655
threshold=665.53866950000008 0 18.66985691983373 37.628237190000007 2521.5998794186871 1 12.028961235436244 22.814128827982042 27.500000000000004 0.36474501108647456 14.500000000000002 15.003846153846156 6.5000000000000009 18.585663542490362
decision_type=2 9 10 2 10 9 8 10 2 8 2 10 2 10
left_child=6 -2 4 -4 5 -3 7 10 -9 -8 12 -12 13 -1
right_child=1 2 3 -5 -6 -7 9 8 -10 -11 11 -13 -14 -15
leaf_value=0.025618348866878478 0.056078850608722919 0.038330707771613674 -0.071969235416548261 0.79893041679308852 -0.91682888371895643 -0.3781051572547009 0.0010447647946034522 -0.0027726534630110678 1.3371912944633484 -0.24807870331295728 -0.28739979030677698 0.42610744655796168 0.27216717720627703 -0.82703317266102494
leaf_weight=309 461 346 196 94 130 392 855 131 150 145 396 91 696 42
leaf_count=309 461 346 196 94 130 392 855 131 150 145 396 91 696 42
internal_value=0.000198332 -0.00184957 -0.00396243 0.0021843 -0.006062 -0.00388664 0.00137686 0.0029703 0.0102817 -0.00151545 0.00161353 -0.00334694 0.00392381 -0.0019209
internal_weight=4434 1619 1158 290 868 738 2815 1815 281 1000 1534 487 1047 351
internal_count=4434 1619 1158 290 868 738 2815 1815 281 1000 1534 487 1047 351
cat_boundaries=0 1 3
cat_threshold=296945072 704655874 39
is_linear=0
shrinkage=0.04


Tree=136
num_leaves=15
num_cat=1
split_feature=5 23 0 3 20 7 3 18 22 10 16 3 10 21
split_gain=6.41707 7.15008 12.8087 12.4252 10.3124 10.3425 10.1708 9.26822 8.91771 10.275 10.4398 9.3974 8.55779 7.83983
threshold=37.858991355000008 54.461329979000006 0 6.5000000000000009 3.5000000000000004 37.385964230085953 20.500000000000004 1785.1042710487357 59.083464529000004 194.50000000000003 0.20156250000000003 13.500000000000002 67.500000000000014 4.5000000000000009
decision_type=2 10 9 2 2 10 2 10 2 10 10 2 10 2
left_child=1 2 3 -1 -4 -6 12 13 11 10 -10 -9 -7 -5
right_child=-2 -3 4 7 5 6 -8 8 9 -11 -12 -13 -14 -15
leaf_value=-0.24433016698149118 0.38127545531131435 -0.052984468356572736 -0.31003396475572376 0.11847447607874916 1.3079451239254285 0.37317340866674586 -0.20386623579389099 0.49344730042189755 0.36967286882652955 -0.69643370750364508 -0.17839423382450265 -0.088692625628833066 0.040608758512856585 0.70868111936873501
leaf_weight=254 97 1877 63 372 110 306 106 85 59 131 127 104 708 35
leaf_count=254 97 1877 63 372 110 306 106 85 59 131 127 104 708 35
internal_value=-1.80302e-05 -0.000248848 0.00116931 -0.00186441 0.00388974 0.00473642 0.00356189 0.000305677 -0.00330059 -0.007375 -0.00126984 0.00354167 0.00479843 0.00478049
internal_weight=4434 4337 2460 1167 1293 1230 1120 913 506 317 186 189 1014 407
internal_count=4434 4337 2460 1167 1293 1230 1120 913 506 317 186 189 1014 407
cat_boundaries=0 2
cat_threshold=2245591763 97
is_linear=0
shrinkage=0.04


Tree=137
num_leaves=15
num_cat=0
split_feature=18 8 10 15 3 26 6 3 3 5 6 25 8 8
split_gain=6.71922 10.1873 8.79199 11.9323 9.74792 8.7397 13.2331 14.9964 21.7793 14.0058 12.5324 12.0697 18.3806 15.343
threshold=4481.8407919420333 55.80314475397153 238.50000000000003 12.341990136538877 19.500000000000004 1.0460717964229798 55.733138875000002 9.5000000000000018 6.5000000000000009 37.414099515000011 55.730446065000002 21.219749265269048 55.614236166017264 55.616113262801377
decision_type=10 8 10 8 2 10 2 2 2 2 2 10 10 10
left_child=1 5 -2 -4 -5 -1 10 8 -8 -9 11 12 -7 -14
right_child=2 -3 3 4 -6 6 7 9 -10 -11 -12 -13 13 -15
leaf_value=-0.17214544121087413 0.087177162320776352 -0.30957269107474256 0.50335615962189251 -0.0061004357829070807 -0.7673583528703658 1.9706772665368748 0.93561234170465413 2.1890510760926372 -0.55517539031189767 0.34656817321280231 -0.79793270227772384 -0.28997766090530691 -1.3481796751928448 0.0099326200295070076
leaf_weight=623 499 90 41 81 40 153 111 86 119 239 79 311 45 1917
leaf_count=623 499 90 41 81 40 153 111 86 119 239 79 311 45 1917
internal_value=-3.60604e-05 -0.000688559 0.0036747 -0.00436364 -0.0106452 -0.000358112 0.000522364 0.00609319 -0.00171674 0.0115854 -0.000717703 -0.000197612 0.00088763 -0.00016285
internal_weight=4434 3773 661 162 121 3683 3060 555 230 325 2505 2426 2115 1962
internal_count=4434 3773 661 162 121 3683 3060 555 230 325 2505 2426 2115 1962
is_linear=0
shrinkage=0.04


Tree=138
num_leaves=15
num_cat=1
split_feature=1 2 0 23 12 19 17 26 1 18 24 12 6 8
split_gain=7.06164 14.7682 10.2247 11.4173 10.0915 13.0235 9.60583 9.4386 10.3823 10.0516 9.3476 8.75489 7.83908 14.7697
threshold=76.500000000000014 794.27329800000018 0 366.02875911250004 34.150000000000013 1675.8196933756374 28.500000000000004 1.5590261676952588 244.50000000000003 1159.4539398091079 3624.4515150324792 12.636666666666668 55.65948546500001 55.643447322143729
decision_type=2 2 9 10 8 10 10 10 2 10 10 10 2 10
left_child=-1 2 3 4 5 6 10 8 11 -9 -2 -8 13 -4
right_child=1 -3 12 -5 -6 -7 7 9 -10 -11 -12 -13 -14 -15
leaf_value=-0.015570847027147323 0.094747370475354559 -0.6548947943068586 -0.085234604141469966 -0.40789761090234622 -0.87003458598806449 2.5774057681193772 0.050242708209138912 0.03076169080261593 1.1761840600696258 2.199944435341024 3.1496081785735992 -1.2803643768178308 -0.15091138066772375 0.93267218033097044
leaf_weight=2914 70 63 363 67 41 58 82 59 78 51 74 66 299 149
leaf_count=2914 70 63 363 67 41 58 82 59 78 51 74 66 299 149
internal_value=-5.40906e-05 0.00215364 0.0029863 0.00667678 0.00859107 0.0100555 0.00778468 0.0040118 -0.00069869 0.0134513 0.0163265 -0.00688742 -4.85437e-05 0.00295146
internal_weight=4434 1520 1457 646 579 538 480 336 226 110 144 148 811 512
internal_count=4434 1520 1457 646 579 538 480 336 226 110 144 148 811 512
cat_boundaries=0 2
cat_threshold=1997407296 6
is_linear=0
shrinkage=0.04


Tree=139
num_leaves=15
num_cat=3
split_feature=20 0 1 15 0 19 20 3 0 25 12 16 10 11
split_gain=6.58288 16.9849 14.4111 9.06669 12.6386 10.0114 9.44444 9.27743 21.5173 11.2311 10.0679 8.56248 12.4382 8.14418
threshold=8.5000000000000018 0 269.50000000000006 11.503061137307084 1 962.1487584920452 7.5000000000000009 14.500000000000002 2 18.66985691983373 5.8125000000000009 0.35067567567567576 28.500000000000004 7.8354865000000009
decision_type=2 9 2 8 9 10 2 2 9 10 8 10 10 10
left_child=3 -2 13 7 11 -6 -7 -1 -9 -10 -11 12 -5 -3
right_child=1 2 -4 4 5 6 -8 8 9 10 -12 -13 -14 -15
leaf_value=0.069547570041904122 0.24752280142508198 -0.14729541267711468 2.0726281395099817 1.045569351382178 -0.68494672059841621 -0.71600355721988285 0.055601416009177743 0.1975413712133387 -0.59181877751770184 -0.083036913880365465 1.8291604847915994 -0.28396841509536491 0.006129534703520392 0.023844380373731155
leaf_weight=1389 477 278 37 60 146 288 231 210 361 52 40 105 521 239
leaf_count=1389 477 278 37 60 146 288 231 210 361 52 40 105 521 239
internal_value=-0.000126211 0.00266925 -0.0021164 -0.00097475 -0.00351551 -0.00737463 -0.00482759 0.00070073 -0.00318318 -0.00798283 0.00421053 0.000343348 0.00226027 -0.00392308
internal_weight=4434 1031 554 3403 1351 665 519 2052 663 453 92 686 581 517
internal_count=4434 1031 554 3403 1351 665 519 2052 663 453 92 686 581 517
cat_boundaries=0 2 4 6
cat_threshold=1066415106 65 1659782117 4 469861569 50
is_linear=0
shrinkage=0.04


Tree=140
num_leaves=15
num_cat=1
split_feature=1 2 20 3 0 3 20 1 1 3 24 1 18 15
split_gain=6.95652 14.685 9.45493 9.95229 8.47004 10.1485 12.2982 11.2447 9.1658 8.61151 14.7513 14.2949 11.8331 10.6821
threshold=76.500000000000014 794.27329800000018 9.5000000000000018 20.500000000000004 0 7.5000000000000009 4.5000000000000009 282.50000000000006 211.50000000000003 11.500000000000002 3798.0768087595593 264.00000000000006 1336.7688688318697 9.5338705402498345
decision_type=2 2 2 2 9 2 2 2 2 2 10 2 10 8
left_child=-1 2 3 4 9 -6 -7 8 -8 12 11 -11 -2 -14
right_child=1 -3 -4 -5 5 6 7 -9 -10 10 -12 -13 13 -15
leaf_value=-0.014013593207851258 0.69683809095841531 -0.62280718602749963 1.996778059967687 -0.79392587929426983 0.46355281042704799 -0.88749394587501396 -0.028463037238061446 1.2630079047077032 -0.68924089394441668 0.6383107468855217 2.1572841180255296 -0.27662459041875737 0.36565033948022235 -0.41622717389118408
leaf_weight=2914 94 63 66 77 200 54 255 72 58 194 103 54 65 165
leaf_count=2914 94 63 66 77 200 54 255 72 58 194 103 54 65 165
internal_value=-9.0151e-05 0.00210112 0.00293151 0.00220947 0.00303721 -0.000306748 -0.00371041 -0.00113402 -0.00443038 0.00610465 0.0105085 0.0050996 0.00146789 -0.00343348
internal_weight=4434 1520 1457 1391 1314 639 439 385 313 675 351 248 324 230
internal_count=4434 1520 1457 1391 1314 639 439 385 313 675 351 248 324 230
cat_boundaries=0 2
cat_threshold=3054376512 35
is_linear=0
shrinkage=0.04


Tree=141
num_leaves=15
num_cat=2
split_feature=1 2 7 7 3 20 0 5 18 7 9 0 8 7
split_gain=6.30546 14.5194 9.71248 16.1377 15.6586 11.878 10.7771 11.2576 9.14582 10.0832 8.90149 8.22876 8.78376 15.6704
threshold=76.500000000000014 794.27329800000018 37.379233439029967 37.348065000000013 20.500000000000004 8.5000000000000018 0 37.486873330000009 5626.6019564729031 37.723239626938593 3.2500000000000004 1 55.654265167876062 37.52237002982914
decision_type=2 2 10 10 2 2 9 2 10 10 10 9 8 10
left_child=11 2 3 -2 5 6 7 -4 9 10 -7 12 13 -1
right_child=1 -3 4 -5 -6 8 -8 -9 -10 -11 -12 -13 -14 -15
leaf_value=-0.30366374330624513 -0.076781516554844984 -0.59789489858639966 0.0061183439799391342 3.3847359029505082 -0.91174370518894532 -0.39239305991451373 -0.068817787649142592 0.51058572495343069 2.6660143890885775 2.1236649792221591 1.0414479296905479 0.01071861818285492 -0.15560558414389847 0.2976119062312037
leaf_weight=250 35 63 282 52 81 68 565 189 36 38 111 1486 887 291
leaf_count=250 35 63 282 52 81 68 565 189 36 38 111 1486 887 291
internal_value=-9.0151e-05 0.00199606 0.00282192 0.0155556 0.00198106 0.00306502 0.00115496 0.00553719 0.0107813 0.00745455 0.0032967 -0.00117929 -0.00333102 0.000661765
internal_weight=4434 1520 1457 87 1370 1289 1036 471 253 217 179 2914 1428 541
internal_count=4434 1520 1457 87 1370 1289 1036 471 253 217 179 2914 1428 541
cat_boundaries=0 2 4
cat_threshold=3800565568 7 2992145988 119
is_linear=0
shrinkage=0.04


Tree=142
num_leaves=15
num_cat=3
split_feature=1 5 23 7 7 7 0 24 11 2 0 0 1 13
split_gain=6.08026 6.09996 5.82202 8.147 9.48347 18.9573 9.85231 9.91749 9.77016 7.5452 13.8094 10.0156 9.83473 9.00515
threshold=433.00000000000006 37.861603420000009 53.471291213500002 37.41321980876539 37.707137462107291 37.721394122799587 0 1245.4576962509161 3.4260780000000008 685.0731555000001 1 2 27.500000000000004 12.935923753665691
decision_type=2 2 10 10 10 10 9 10 10 2 9 9 2 10
left_child=1 2 9 -4 6 -6 8 -8 -5 11 -11 12 -1 -14
right_child=-2 -3 3 4 5 -7 7 -9 -10 10 -12 -13 13 -15
leaf_value=-0.25361118407362915 1.1557678288807145 1.1576097843734232 -0.18641838580440595 -0.95684836178485921 -1.489715680918732 -0.0223314942249619 0.38495185385079472 0.029467625809525853 -0.0066672514640560331 0.062998865081392616 -0.20234095199496238 0.13626114505583783 -0.081764270796885516 0.40050651312090219
leaf_weight=198 52 47 238 84 100 419 152 537 411 220 476 1319 91 90
leaf_count=198 52 47 238 84 100 419 152 537 411 220 476 1319 91 90
internal_value=-0.000126211 -0.000291904 -0.000451821 -0.00207819 -0.00110199 -0.00559387 0.000876158 0.00393162 -0.00338583 0.000867751 -0.00263233 0.00230453 -0.00336735 0.00326087
internal_weight=4434 4382 4335 1941 1703 519 1184 689 495 2394 696 1698 379 181
internal_count=4434 4382 4335 1941 1703 519 1184 689 495 2394 696 1698 379 181
cat_boundaries=0 2 4 6
cat_threshold=2416943627 16 10626852 4 27460164 13
is_linear=0
shrinkage=0.04


Tree=143
num_leaves=15
num_cat=2
split_feature=18 24 26 0 11 10 3 15 3 3 3 11 0 20
split_gain=7.4275 9.10192 8.42269 10.2835 7.86722 8.76211 10.5689 9.60183 8.76634 8.65607 9.74619 10.6195 7.53758 8.16632
threshold=4624.9935482237161 5188.7510418538723 1.0460717964229798 0 32.004846000000008 217.50000000000003 18.500000000000004 18.396368945473053 8.5000000000000018 20.500000000000004 13.500000000000002 8.9433180000000014 1 8.5000000000000018
decision_type=10 8 10 9 10 10 2 10 2 2 2 10 9 2
left_child=1 2 3 -1 5 7 8 9 -7 10 -2 -12 -4 -14
right_child=4 -3 12 -5 -6 6 -8 -9 -10 -11 11 -13 13 -15
leaf_value=0.033815160542553145 0.00096103562026636079 -0.4380447391177964 0.15076457881735361 -0.26757521218700514 -0.097612138932435408 -0.089374621049079797 -0.50132606924751832 0.2641977228830325 0.17298304915461002 -0.037609266266435591 3.1902757508227659 0.017571958357548285 -0.067243781175558293 0.092772442423044624
leaf_weight=217 100 56 673 442 46 57 58 90 55 111 59 49 1801 620
leaf_count=217 100 56 673 442 46 57 58 90 55 111 59 49 1801 620
internal_value=-1.80302e-05 -0.000682057 -0.000436635 -0.00453172 0.00401274 0.0052921 -0.00231214 0.0084466 0.00486957 0.00509317 0.00985782 0.018018 0.000439135 -0.000608053
internal_weight=4434 3809 3753 659 625 579 170 409 112 319 208 108 3094 2421
internal_count=4434 3809 3753 659 625 579 170 409 112 319 208 108 3094 2421
cat_boundaries=0 1 3
cat_threshold=520175746 1149502816 4
is_linear=0
shrinkage=0.04


Tree=144
num_leaves=15
num_cat=1
split_feature=23 15 0 20 18 19 7 25 20 7 22 17 18 8
split_gain=7.06269 11.9638 13.3185 9.11418 8.38998 7.94298 7.9061 7.78289 6.87067 6.53727 10.2546 6.46646 9.44767 14.5119
threshold=64.067189866000021 12.028961235436244 0 5.5000000000000009 108.47709324877006 1.0000000180025095e-35 37.385964230085953 9.5104199179100046 8.5000000000000018 37.348065000000013 119.08346452900001 33.500000000000007 1078.2664149024552 55.683060116276216
decision_type=10 10 9 2 10 10 10 10 2 8 2 10 10 10
left_child=6 2 4 -3 -2 7 9 -4 -5 -1 -11 12 13 -7
right_child=1 3 5 8 -6 11 -8 -9 -10 10 -12 -13 -14 -15
leaf_value=-0.035082851093771981 -0.10675731340987696 0.051831580795433152 -1.437802722286351 -0.72855869361842462 0.20038974271092458 1.3651716824540501 0.0079312054859491474 -0.097365061190953103 -0.029551406169025754 1.9436857937912135 -0.027068425584797069 0.45857763101354537 -0.38568500314784504 -0.31642009345063343
leaf_weight=65 56 90 42 237 453 51 2772 69 106 67 39 77 191 119
leaf_count=65 56 90 42 237 453 51 2772 69 106 67 39 77 191 119
internal_value=1.80302e-05 -0.00222222 7.54006e-05 -0.00779817 0.00467433 -0.00419929 0.00115411 -0.0136842 -0.0107514 0.00942529 0.0154128 -0.00181406 -0.00406593 0.00277457
internal_weight=4434 1491 1058 433 509 549 2943 111 343 171 106 438 361 170
internal_count=4434 1491 1058 433 509 549 2943 111 343 171 106 438 361 170
cat_boundaries=0 2
cat_threshold=2634748644 3
is_linear=0
shrinkage=0.04


Tree=145
num_leaves=15
num_cat=1
split_feature=5 18 17 10 15 15 3 3 3 3 18 0 3 17
split_gain=6.32507 6.64516 7.72092 8.88514 13.505 13.1212 8.63751 8.59912 14.2871 7.51331 7.45492 12.3035 14.9469 10.2839
threshold=37.858991355000008 4624.9935482237161 15.500000000000002 217.50000000000003 12.397207139520178 19.142270117554975 19.500000000000004 20.500000000000004 12.500000000000002 6.5000000000000009 3180.6342164242465 0 18.500000000000004 57.500000000000007
decision_type=2 10 10 10 10 10 2 2 2 2 10 9 2 10
left_child=1 10 -3 5 -5 7 -6 8 9 -4 11 12 -1 -12
right_child=-2 2 3 4 6 -7 -8 -9 -10 -11 13 -13 -14 -15
leaf_value=0.05600069712134001 0.30862946457400126 -0.025331115492649318 0.22685671085327158 0.49041376951240251 -0.0062316035954245313 0.50872723321205993 -0.69523816783151116 -0.036422143835216136 1.1100257998457794 -0.62482030793870591 -0.055346335155064208 -0.025050164897465237 1.7223700431691737 -1.2314883412414739
leaf_weight=425 97 76 49 44 65 66 46 113 122 44 459 2689 41 98
leaf_count=425 97 76 49 44 65 66 46 113 122 44 459 2689 41 98
internal_value=5.40906e-05 -0.000175115 0.00363057 0.00528986 -0.00278481 0.00846348 -0.0101754 0.00507553 0.00972477 -0.00208333 -0.000818304 -6.33312e-05 0.00584551 -0.00507143
internal_weight=4434 4337 625 549 155 394 111 328 215 93 3712 3155 466 557
internal_count=4434 4337 625 549 155 394 111 328 215 93 3712 3155 466 557
cat_boundaries=0 1
cat_threshold=428082336
is_linear=0
shrinkage=0.04


Tree=146
num_leaves=15
num_cat=2
split_feature=1 13 8 16 0 0 15 10 19 6 18 10 10 8
split_gain=7.28143 16.5034 13.337 8.51084 12.1694 10.0286 10.1503 18.9559 10.4324 9.05493 9.01413 8.99805 8.86319 8.36541
threshold=-100.49999999999999 9.5148148148148159 55.685454096347691 0.22557928214447981 0 1 8.2242114305097509 245.50000000000003 16.122729436101984 55.643770265000008 295.28640217245612 313.50000000000006 28.500000000000004 55.685310854836708
decision_type=2 10 10 8 9 9 10 10 8 2 10 10 10 10
left_child=1 -1 -3 4 9 6 7 8 -5 -2 -8 -12 13 -6
right_child=3 2 -4 5 12 -7 10 -9 -10 -11 11 -13 -14 -15
leaf_value=0.42406813654408859 0.54419328187521265 -1.2252603788998817 0.19335026716056064 -0.15607057911092603 0.041318472836707802 0.022943839502174372 -0.66298309047385284 0.36713564961087114 0.14357444031225641 -0.077208690253963916 -0.1076056682976835 -1.3824436757772669 0.074389149840969823 1.3323271517107795
leaf_weight=102 55 176 63 274 67 1466 38 117 172 358 545 51 893 57
leaf_count=102 55 176 63 274 67 1466 38 117 172 358 545 51 893 57
internal_value=-0.000108181 -0.00569767 -0.011405 0.000361328 0.00284717 -0.000975244 -0.00366942 0.000212014 -0.00356347 -0.0029108 -0.00715856 -0.00587646 0.00516505 0.0151181
internal_weight=4434 341 239 4093 1430 2663 1197 563 446 413 634 596 1017 124
internal_count=4434 341 239 4093 1430 2663 1197 563 446 413 634 596 1017 124
cat_boundaries=0 2 4
cat_threshold=82592260 32 3008602237 80
is_linear=0
shrinkage=0.04


Tree=147
num_leaves=15
num_cat=1
split_feature=20 3 10 3 0 3 1 6 14 23 23 10 6 8
split_gain=6.21204 9.42124 10.8464 11.0894 6.47501 10.3196 10.2527 10.3339 9.18634 10.9883 11.5453 8.10344 7.34018 7.17451
threshold=9.5000000000000018 20.500000000000004 257.50000000000006 15.500000000000002 0 14.500000000000002 32.500000000000007 55.643489145000011 28.626153846153851 1261.0555570520003 75.906804611500021 126.50000000000001 55.637256620000009 55.646880488180066
decision_type=2 2 10 2 9 2 2 2 10 8 10 10 2 10
left_child=4 2 3 -2 5 6 -1 11 9 10 12 -8 -7 -9
right_child=1 -3 -4 -5 -6 8 7 13 -10 -11 -12 -13 -14 -15
leaf_value=-0.079485154558675011 0.13762606698514332 -0.24661476441155233 -0.12947119069727564 1.8519109118985029 0.012169255524973437 0.14886473964969515 0.19121052580369366 -0.25079478415012163 0.053463002422303722 0.50855429445515399 -0.79927602959113542 2.2016317650537758 -0.30518868179007996 0.10184367840927763
leaf_weight=583 107 72 35 63 2561 38 36 74 40 60 126 49 287 303
leaf_count=583 107 72 35 63 2561 38 36 74 40 60 126 49 287 303
internal_value=9.0151e-05 0.00585714 0.0101923 0.0143353 -0.000298077 -0.00228713 3.81679e-05 0.00447312 -0.0067148 -0.00817121 -0.0103084 0.0168182 -0.00621951 0.00157895
internal_weight=4434 277 205 170 4157 1596 1045 462 551 511 451 85 325 377
internal_count=4434 277 205 170 4157 1596 1045 462 551 511 451 85 325 377
cat_boundaries=0 2
cat_threshold=2722763295 96
is_linear=0
shrinkage=0.04


Tree=148
num_leaves=15
num_cat=2
split_feature=3 17 23 20 1 0 12 7 7 7 24 8 0 3
split_gain=6.68866 9.61997 9.48293 8.46265 14.6621 17.1927 11.5267 9.53147 22.0894 11.491 11.148 22.9996 10.0895 10.083
threshold=2.5000000000000004 29.500000000000004 inf 8.5000000000000018 282.50000000000006 0 26.222500000000007 37.707137462107291 37.727230000000013 37.687037000000011 1845.1957207402668 55.67648731662495 1 8.5000000000000018
decision_type=2 8 8 2 2 9 10 10 10 8 8 10 9 2
left_child=1 -1 3 7 5 -5 -7 9 -9 12 11 -11 13 -2
right_child=2 -3 -4 4 -6 6 -8 8 -10 10 -12 -13 -14 -15
leaf_value=0.0010113507901692742 0.56573050700009575 -0.5529032155208996 0.39691903685207386 0.410367191684611 1.5504373698628933 -0.005649445632745582 -0.69619856574251071 -0.92831930856863976 -0.002120360359222495 1.1766303091734351 0.7038393834509088 -0.78168699047025825 0.0041041374303545921 -0.5482720503587396
leaf_weight=65 45 46 61 368 61 518 40 232 542 35 123 51 2080 167
leaf_count=65 45 46 61 368 61 518 40 232 542 35 123 51 2080 167
internal_value=9.0151e-05 -0.00947368 0.000342117 0.000112544 0.00335354 0.00206674 -0.00238179 -0.000866382 -0.00473616 0.000335463 0.00924528 -0.00179775 -0.000488017 -0.00853333
internal_weight=4434 111 4323 4262 987 926 558 3275 774 2501 209 86 2292 212
internal_count=4434 111 4323 4262 987 926 558 3275 774 2501 209 86 2292 212
cat_boundaries=0 2 3
cat_threshold=1056977026 65 538017810
is_linear=0
shrinkage=0.04


Tree=149
num_leaves=15
num_cat=0
split_feature=3 17 23 20 1 3 6 10 25 3 8 10 7 7
split_gain=6.73914 9.61997 7.95301 7.36322 11.1917 9.39093 8.73766 11.7929 10.5414 7.33983 6.83866 8.86303 6.81039 15.5014
threshold=2.5000000000000004 29.500000000000004 inf 8.5000000000000018 282.50000000000006 21.500000000000004 55.65948546500001 284.50000000000006 15.429356692670728 9.5000000000000018 55.642883327811326 169.50000000000003 37.707137462107291 37.727230000000013
decision_type=2 8 8 2 2 2 2 10 10 2 10 10 10 10
left_child=1 -1 3 12 5 6 10 8 9 -8 11 -5 -2 -14
right_child=2 -3 -4 4 -6 -7 7 -9 -10 -11 -12 -13 13 -15
leaf_value=0.00097089675856253165 0.0021918682037964034 -0.53078708690006371 0.3810422753779909 -0.028449858202871495 1.4884198750683777 -0.34813890176604417 -0.5681634044308993 -0.60824775810743181 0.13197047996194772 0.090381484960759914 0.87525535476951866 0.32083665480592621 -0.89118653622589405 -0.0020355459448537605
leaf_weight=65 2501 46 61 142 61 76 41 79 295 59 146 88 232 542
leaf_count=65 2501 46 61 142 61 76 41 79 295 59 146 88 232 542
internal_value=0.000126211 -0.00947368 0.000379103 0.000168816 0.00319192 0.00206674 0.00328253 -0.00033543 0.00251256 -0.00854369 0.00781003 0.00343348 -0.000744356 -0.00401544
internal_weight=4434 111 4323 4262 987 926 850 474 395 100 376 230 3275 774
internal_count=4434 111 4323 4262 987 926 850 474 395 100 376 230 3275 774
is_linear=0
shrinkage=0.04


Tree=150
num_leaves=15
num_cat=1
split_feature=3 23 6 20 3 13 0 22 14 11 10 12 24 10
split_gain=6.71388 7.97405 7.22518 6.91941 8.98242 9.91275 6.58961 10.7205 8.94033 13.1432 8.79164 11.0417 10.2539 9.59751
threshold=2.5000000000000004 inf 55.690941955000007 9.5000000000000018 20.500000000000004 12.066590909090911 0 91.371687411000011 10.478676470588235 13.802462500000003 284.50000000000006 15.284659090909093 161.68589469141446 242.50000000000003
decision_type=2 8 2 2 2 8 9 2 8 10 10 8 10 10
left_child=2 3 -1 6 5 -5 7 8 9 -2 12 -12 -9 -14
right_child=1 -3 -4 4 -6 -7 -8 10 -10 -11 11 -13 13 -15
leaf_value=-0.47042877489515778 -0.46232210971108884 0.36580058436287133 0.092634529122626652 1.58097424802137 -0.24974491599798526 0.22980970259901048 0.014638359451283946 -0.43045887357501661 -0.061428207539043052 0.22674224595312353 0.71608043178110226 -0.13579213279112742 0.074477394464068813 -0.63043471594348721
leaf_weight=76 255 61 35 69 72 115 2185 48 842 45 79 36 453 63
leaf_count=76 255 61 35 69 72 115 2185 48 842 45 79 36 453 63
internal_value=0.000108181 0.00036061 -0.00947368 0.000150059 0.00648649 0.011123 -0.000259416 -0.00202835 -0.00440175 -0.010297 0.00193548 0.0118644 -0.000141093 0.00154143
internal_weight=4434 4323 111 4262 256 184 4006 1821 1142 300 679 115 564 516
internal_count=4434 4323 111 4262 256 184 4006 1821 1142 300 679 115 564 516
cat_boundaries=0 2
cat_threshold=3058336535 104
is_linear=0
shrinkage=0.04


Tree=151
num_leaves=15
num_cat=0
split_feature=5 18 18 8 15 19 26 5 1 6 15 16 8 13
split_gain=7.13788 6.51181 9.69946 15.0069 11.1023 10.307 17.0936 14.6333 12.3239 11.8458 9.9641 9.60096 8.58611 9.49762
threshold=37.858991355000008 4624.9935482237161 2359.4960758246184 55.613873045332909 8.7787469879879989 1416.3526874655129 1.1073096507721731 37.517761265000011 131.50000000000003 55.702370685000005 11.953720103963651 0.27823315118397091 55.663546422149587 21.60465838509317
decision_type=2 10 10 8 10 10 10 2 2 2 10 10 10 10
left_child=1 2 3 -1 -4 7 12 10 -9 -8 -6 -12 -7 -14
right_child=-2 -3 4 -5 5 6 9 8 -10 -11 11 -13 13 -15
leaf_value=2.8433645047548222 0.28628481807505096 0.048434778788418384 0.064287044998853266 0.0011780289302586056 0.0040230732876123908 0.55224396428547551 -0.97962542996270485 -1.1490248386486406 -0.053378641729438105 0.42955367313897341 0.015803657757806774 -1.1695337176908591 0.13390465198346405 -0.91658009353590075
leaf_weight=103 97 625 244 2444 217 132 123 127 42 37 64 98 39 42
leaf_count=103 97 625 244 2444 217 132 123 127 42 37 64 98 39 42
internal_value=0.000234393 -9.21659e-06 -0.00064603 0.000737255 -0.00366438 -0.005671 -0.000531915 -0.00914701 -0.0188372 -0.0103067 -0.00471204 -0.0121212 0.00685185 -0.00333333
internal_weight=4434 4337 3712 2547 1165 921 373 548 169 160 379 162 213 81
internal_count=4434 4337 3712 2547 1165 921 373 548 169 160 379 162 213 81
is_linear=0
shrinkage=0.04


Tree=152
num_leaves=15
num_cat=0
split_feature=1 7 8 13 13 23 1 8 12 6 17 10 13 17
split_gain=6.93295 12.8893 7.95899 8.09582 7.63808 7.12038 10.9702 7.60302 15.8657 14.5559 11.2389 6.24423 13.1277 11.0909
threshold=-96.499999999999986 37.74405500000001 55.685454096347691 12.143650793650794 13.122794117647059 64.067189866000021 412.50000000000006 55.616113262801377 0.23500000000000004 55.621725505000008 50.500000000000007 265.50000000000006 12.520714285714286 38.500000000000007
decision_type=2 10 10 10 10 10 2 8 10 2 10 8 10 10
left_child=1 2 3 -1 -4 6 -2 8 -7 -9 -10 -11 -13 -14
right_child=5 -3 4 -5 -6 7 -8 9 10 11 -12 12 13 -15
leaf_value=-0.058928560261135486 0.021501615182479762 1.0106676080062746 -1.2720028282652802 -1.5316653917054603 0.90971852070884296 -1.6806835461245857 3.2269431556893302 1.112189517937453 1.7932563013770004 -0.081474075531793561 -1.5723812503132593 0.44726986090434823 0.034051474193194264 -0.81183905392596734
leaf_weight=75 2658 60 40 146 37 60 45 73 41 927 38 127 70 37
leaf_count=75 2658 60 40 146 37 60 45 73 41 927 38 127 70 37
internal_value=0.000216362 -0.00509695 -0.00850498 -0.0123214 0.0025 0.000686443 0.00187731 -0.00165698 -0.0104225 -0.000646726 0.00146341 -0.00175258 0.00405063 -0.00618182
internal_weight=4434 358 298 221 77 4076 2703 1373 139 1234 79 1161 234 107
internal_count=4434 358 298 221 77 4076 2703 1373 139 1234 79 1161 234 107
is_linear=0
shrinkage=0.04


Tree=153
num_leaves=15
num_cat=1
split_feature=23 1 1 15 10 0 15 16 19 1 6 3 17 11
split_gain=6.63094 10.1219 9.18451 8.65554 12.1012 14.5166 9.51098 9.21081 8.91005 10.7898 8.87407 8.58678 9.668 7.94428
threshold=64.067189866000021 -136.99999999999997 412.50000000000006 12.028961235436244 260.50000000000006 0 9.9492481833432365 0.09449404761904763 876.2461375515544 33.500000000000007 55.680448115000011 2.5000000000000004 28.500000000000004 14.726701000000002
decision_type=10 2 2 10 10 9 10 10 10 2 2 2 8 10
left_child=1 -1 11 4 5 13 -7 -5 9 -6 -8 12 -3 -2
right_child=3 2 -4 7 8 6 10 -9 -10 -11 -12 -13 -14 -15
leaf_value=-0.64667164568893498 0.097123473772125893 0.010028545025535407 3.097865429461756 0.15123051175915142 0.10020209909617364 -0.30282926462086829 -0.09439100459042378 -0.34649712958305501 -0.20102715339541774 1.3262574167998002 0.28740293048307813 0.036949577399380207 -0.42293591698305477 0.75640730595403316
leaf_weight=125 178 54 45 52 91 518 59 381 46 68 58 2676 43 40
leaf_count=125 178 54 45 52 91 518 59 381 46 68 58 2676 43 40
internal_value=0.000216362 0.00131704 0.00181496 -0.00195448 0 -0.0021028 -0.00512346 -0.00669725 0.00865385 0.0130864 0.005 0.00151297 -0.01 0.00658009
internal_weight=4434 2943 2818 1491 1058 853 635 433 205 159 117 2773 97 218
internal_count=4434 2943 2818 1491 1058 853 635 433 205 159 117 2773 97 218
cat_boundaries=0 2
cat_threshold=486608928 3
is_linear=0
shrinkage=0.04


Tree=154
num_leaves=15
num_cat=3
split_feature=2 0 0 9 1 12 26 12 26 5 5 10 0 17
split_gain=5.64832 14.1929 9.32763 8.14637 7.95126 7.73537 7.32332 12.1061 8.36951 8.40899 7.62475 6.20391 8.38404 6.18032
threshold=666.52870850000011 0 1 43.850000000000001 55.500000000000007 22.736666666666672 1.5935693193748577 10.718333333333335 1.2575438648172832 37.48296091000001 37.620985870000005 49.500000000000007 2 34.500000000000007
decision_type=2 9 9 8 2 10 10 10 10 2 2 10 9 10
left_child=2 4 -1 5 -2 11 8 -8 9 -6 -11 13 -13 -3
right_child=1 3 -4 -5 6 -7 7 -9 -10 10 -12 12 -14 -15
leaf_value=-0.022642861787129504 -0.3431882232180084 -0.17390534211911779 0.10498266220744157 0.076391591067596742 -0.27224496174873936 -0.64483063311372579 -0.45794075290371772 1.2187222975206971 -0.83514343355229925 0.54080902939642583 -0.0072776963989275604 -0.01686476292224633 0.30560186649994242 0.41099879581761367
leaf_weight=1279 512 108 1556 67 75 75 38 70 81 48 65 212 188 60
leaf_count=1279 512 108 1556 67 75 75 38 70 81 48 65 212 188 60
internal_value=0.000126211 -0.00177278 0.00119803 0.0024343 -0.00509978 0.00105263 -0.000736842 0.00792793 -0.00426471 0.000418848 0.00724138 0.002662 0.0053598 -0.00374269
internal_weight=4434 1599 2835 710 889 643 377 108 269 188 113 568 400 168
internal_count=4434 1599 2835 710 889 643 377 108 269 188 113 568 400 168
cat_boundaries=0 2 4 6
cat_threshold=3461116490 70 2981266067 57 540082436 33
is_linear=0
shrinkage=0.04


Tree=155
num_leaves=15
num_cat=1
split_feature=23 1 1 15 12 19 0 15 18 1 2 9 10 16
split_gain=6.20093 9.77406 8.41186 7.831 8.41466 9.49945 12.9809 11.573 10.1739 11.0863 10.8911 10.4808 8.59255 8.17941
threshold=64.067189866000021 412.50000000000006 -136.99999999999997 31.408404849564402 34.150000000000013 1580.0180314093006 0 15.829096707332193 1508.6205735204096 -78.499999999999986 659.0834645000001 25.850000000000005 213.50000000000003 0.62678571428571439
decision_type=10 2 2 10 10 10 9 8 10 2 2 10 10 10
left_child=1 2 -1 4 5 6 7 8 13 -10 11 -11 -7 -4
right_child=-2 -3 3 -5 -6 12 -8 -9 9 10 -12 -13 -14 -15
leaf_value=-0.60707725093265708 -0.048346623029747064 2.961726737623287 0.47160941643483284 0.036326807814284316 -0.25232626561219607 0.42746816067781085 0.089213862526321755 -0.6633914769221374 -1.3884102445032001 0.26912948916927293 -0.18757372176084799 -0.33262383274589297 -0.039275878161738477 -0.29991517808917739
leaf_weight=125 1491 45 211 37 111 267 1093 52 42 272 419 61 150 58
leaf_count=125 1491 45 211 37 111 267 1093 52 42 272 419 61 150 58
internal_value=0.000198332 0.00126273 0.000965184 0.00142651 0.00116831 0.00162861 0.000578924 -0.00244681 -0.00153846 -0.0038143 -0.00264901 0.0027381 0.00714286 0.00514706
internal_weight=4434 2943 2898 2773 2736 2625 2208 1115 1063 794 752 333 417 269
internal_count=4434 2943 2898 2773 2736 2625 2208 1115 1063 794 752 333 417 269
cat_boundaries=0 2
cat_threshold=2433368821 71
is_linear=0
shrinkage=0.04


Tree=156
num_leaves=15
num_cat=0
split_feature=18 8 5 20 7 10 21 6 10 14 3 24 7 3
split_gain=6.63212 10.3758 10.828 20.2281 9.80365 10.503 9.01228 8.27698 16.2918 20.2025 8.48057 10.9157 9.07088 7.80182
threshold=4624.9935482237161 55.802496500000011 37.416216135000006 3.5000000000000004 37.445623420190046 71.500000000000014 3.5000000000000004 55.733677020000009 156.50000000000003 13.34920634920635 10.500000000000002 2160.3724050378228 37.412151268651094 9.5000000000000018
decision_type=8 10 2 2 10 10 2 2 10 10 2 10 10 2
left_child=1 2 3 -1 5 -4 -7 8 -5 -10 12 -12 -9 -8
right_child=-2 -3 4 7 -6 6 13 10 9 -11 11 -13 -14 -15
leaf_value=-0.49934159350517909 0.038919404403599527 -0.24045717391237717 0.17939447154939273 1.7821960923449514 -0.0030952331387795341 -1.3328886833801625 -0.83567150057307804 -0.33300648101944719 -0.81235822803493019 0.92897797382635761 0.023640760212032288 3.5443768122016475 1.8351337896858331 1.0371383076067491
leaf_weight=72 627 104 56 46 3039 122 41 44 56 35 36 74 43 39
leaf_count=72 627 104 56 46 3039 122 41 44 56 35 36 74 43 39
internal_value=0.000198332 -0.000430446 -7.55532e-05 0.00606357 -0.000836364 -0.00827586 -0.0124878 0.0102077 0.00257143 -0.00723404 0.0154 0.0226549 0.00577778 -0.00192771
internal_weight=4434 3807 3703 406 3297 258 202 334 137 91 197 110 87 80
internal_count=4434 3807 3703 406 3297 258 202 334 137 91 197 110 87 80
is_linear=0
shrinkage=0.04


Tree=157
num_leaves=15
num_cat=1
split_feature=23 1 15 7 0 3 7 5 1 15 14 16 11 14
split_gain=5.89433 9.68499 8.16839 8.32949 7.51179 7.23554 13.7288 7.0634 9.47401 8.04531 9.92899 9.8674 9.55801 7.52286
threshold=64.067189866000021 412.50000000000006 31.408404849564402 37.385964230085953 0 9.5000000000000018 37.348065000000013 37.729629150000008 -136.99999999999997 14.080400535707158 12.577083333333336 0.12933094384707292 6.1142140000000014 25.495846588900676
decision_type=10 2 10 10 9 2 10 2 2 10 10 10 10 8
left_child=1 2 3 5 -2 -1 -7 8 -5 10 12 -12 -9 -10
right_child=4 -3 -4 7 -6 6 -8 9 13 -11 11 -13 -14 -15
leaf_value=-0.054513010041039256 0.025347036605969892 2.8433814774439066 0.033316959325568975 -0.95054069453184642 -0.10939112030806485 0.0049630527926922243 2.2682727675012964 -0.45008562688195169 0.0079128956559185622 -1.1877636577175119 -0.027549060982494357 1.0787169382227666 0.26224836888031727 -0.16162256621512608
leaf_weight=45 481 45 37 100 1010 61 62 68 2050 44 36 98 124 173
leaf_count=45 481 45 37 100 1010 61 62 68 2050 44 36 98 124 173
internal_value=0.000306513 0.0013442 0.00104791 0.000796089 -0.00174029 0.00935673 0.0142857 0.000252226 -0.000567498 0.00536193 0.00753799 0.0157664 0.00164103 -1.79695e-05
internal_weight=4434 2943 2898 2861 1491 168 123 2693 2323 370 326 134 192 2223
internal_count=4434 2943 2898 2861 1491 168 123 2693 2323 370 326 134 192 2223
cat_boundaries=0 2
cat_threshold=1234245344 1
is_linear=0
shrinkage=0.04


Tree=158
num_leaves=15
num_cat=1
split_feature=18 25 8 0 23 8 5 25 12 13 19 18 6 15
split_gain=6.03835 8.88848 7.76892 7.96412 6.75245 6.73888 8.96302 21.0007 7.79584 7.75255 9.00953 8.29099 7.64285 9.71975
threshold=5927.6571901265579 34.903003796892129 55.728122363288556 0 4.0671898660000005 55.802496500000011 37.416216135000006 3.1339545526140937 22.736666666666672 29.348509485094855 1982.1618400731663 2748.835913550939 55.733677020000009 8.4639546574126516
decision_type=8 10 10 9 10 10 2 10 10 8 10 10 2 10
left_child=5 -2 4 -4 -3 6 7 -1 -7 10 -8 -11 13 -9
right_child=1 2 3 -5 -6 8 9 12 -10 11 -12 -13 -14 -15
leaf_value=-0.48049735397320908 0.80317185182147111 0.010653016101421614 -0.010738961314231457 0.066298908710859208 -0.26540682895215389 -0.038704527097659758 -0.0098229036206387826 1.2501766048354941 -1.242661984753928 0.054090807266492583 0.28562251444773668 -1.2469795562652899 1.2494683406594487 -0.33390590221639999
leaf_weight=65 40 46 126 103 40 86 3262 47 44 50 163 63 203 96
leaf_count=65 40 46 126 103 40 86 3262 47 44 50 163 63 203 96
internal_value=0.000270453 0.0052514 0.00289308 0.00672414 -0.00719101 -0.000166585 0.000131579 0.00570048 -0.00902256 -0.000519627 -0.000175029 -0.0106897 0.00962751 0.00246575
internal_weight=4434 355 315 229 86 4079 3949 411 130 3538 3425 113 346 143
internal_count=4434 355 315 229 86 4079 3949 411 130 3538 3425 113 346 143
cat_boundaries=0 2
cat_threshold=4587520 24
is_linear=0
shrinkage=0.04


Tree=159
num_leaves=15
num_cat=4
split_feature=18 24 20 0 3 15 3 0 26 24 6 0 0 14
split_gain=5.55685 7.85853 8.40764 10.9156 10.3477 8.80566 12.6325 17.9691 10.6569 15.2556 11.9962 9.95929 8.35178 14.725
threshold=4624.9935482237161 5188.7510418538723 8.5000000000000018 0 3.5000000000000004 11.437256023311582 14.500000000000002 1 1.1545928211051528 3668.8504394850647 55.636910570000005 2 3 13.41794871794872
decision_type=10 8 2 9 2 10 2 9 10 10 2 9 9 10
left_child=1 2 5 -4 -5 6 12 -8 -9 10 -10 -7 -1 -14
right_child=-2 -3 3 4 -6 11 7 8 9 -11 -12 -13 13 -15
leaf_value=0.19827678093386197 0.036890905384946111 -0.39204606594224972 0.61445044801011872 -0.73154613478919661 0.039256786509165191 -0.58745225386076472 -0.71648514045633449 -0.33438638538209775 0.48560800815583621 2.153217660818624 -0.24372694880797838 -0.010120257074136134 -0.097042201029383657 0.31890936142001181
leaf_weight=607 625 56 239 45 523 455 220 123 59 37 125 625 512 183
leaf_count=607 625 56 239 45 523 455 220 123 59 37 125 625 512 183
internal_value=0.000144242 -0.00043022 -0.000202343 0.00340741 0.000275387 -0.00119362 0.00047084 -0.00451499 0.00134454 0.00660714 0.00171123 -0.00406279 0.00263602 -0.00039548
internal_weight=4434 3809 3753 807 568 2946 1866 564 344 221 184 1080 1302 695
internal_count=4434 3809 3753 807 568 2946 1866 564 344 221 184 1080 1302 695
cat_boundaries=0 2 4 6 8
cat_threshold=772812800 64 1633166080 65 2617479176 97 3305551648 33
is_linear=0
shrinkage=0.04


Tree=160
num_leaves=15
num_cat=1
split_feature=20 7 6 17 6 0 1 1 1 13 5 9 22 19
split_gain=5.95473 16.3966 12.4487 16.9184 15.4062 12.3863 7.74493 7.44624 7.27665 10.3229 9.91294 10.3862 7.88665 13.9142
threshold=7.5000000000000009 37.348065000000013 55.739211305000005 35.500000000000007 55.730446065000002 0 327.50000000000006 363.50000000000006 -5.4999999999999991 22.459714285714288 37.755198300000011 6.6500000000000012 325.07315599100008 18.158773247393636
decision_type=2 10 2 10 2 9 2 2 2 8 2 10 2 10
left_child=5 -2 4 -4 7 6 -1 -3 9 10 -7 -12 -10 -14
right_child=1 2 3 -5 -6 8 -8 -9 12 -11 11 -13 13 -15
leaf_value=0.032646797302194205 -0.44545899641825315 0.016736545740089922 0.29192057742248606 3.1295196437473125 -0.75907383213824864 -0.71725431507460924 -0.42228953678169995 1.3031157309212631 -0.092201582843364494 -3.6751466491820328 -0.24511075575690164 0.86555009841591413 -0.098651287194749207 0.65271818755264521
leaf_weight=903 38 1741 167 55 100 289 44 37 757 38 42 37 84 102
leaf_count=903 38 1741 167 55 100 289 44 37 757 38 42 37 84 102
internal_value=0.000126211 0.00164409 0.00213029 0.0110222 0.00106326 -0.00128752 0.00220833 0.0019315 -0.00372981 -0.00821516 -0.00603774 0.00634146 -0.00181818 0.00550265
internal_weight=4434 2138 2100 222 1878 2296 947 1778 1349 406 368 79 943 186
internal_count=4434 2138 2100 222 1878 2296 947 1778 1349 406 368 79 943 186
cat_boundaries=0 2
cat_threshold=3236333428 3
is_linear=0
shrinkage=0.04


Tree=161
num_leaves=15
num_cat=2
split_feature=20 5 1 1 19 23 0 12 0 15 20 3 18 10
split_gain=5.50161 7.2845 6.59185 9.7143 5.56155 5.08297 11.7035 10.6779 10.3554 9.16826 9.29948 8.85425 17.4202 16.5554
threshold=9.5000000000000018 37.720688285000008 81.500000000000014 -1.0000000180025095e-35 1205.1436631889599 58.452861869500005 0 13.457738095238097 1 12.373900327932459 7.5000000000000009 13.500000000000002 1078.2664149024552 206.50000000000003
decision_type=2 2 2 2 8 10 9 10 9 10 2 2 8 10
left_child=5 2 3 -2 -5 6 7 -1 11 -9 -11 12 -7 -14
right_child=1 -3 -4 4 -6 8 -8 9 -10 10 -12 -13 13 -15
leaf_value=-0.14553592592534406 0.38536464250577884 1.7583197972430002 1.6521905988294385 -0.33896654892039169 -0.0074875828524719927 0.31923912604018001 0.078043154185863564 0.21948148376886856 0.0080686711124938887 -1.0842657422688442 0.1759196800376833 -0.68389807422210336 -0.41161585518314497 0.074694240011945343
leaf_weight=563 84 46 57 46 44 157 1265 298 1033 106 129 275 197 134
leaf_count=563 84 46 57 46 44 157 1265 298 1033 106 129 275 197 134
internal_value=0.000144242 0.00557143 0.0025641 -0.00135593 -0.0103226 -0.000221154 0.000998308 -0.00201984 -0.00182324 0.00201493 -0.00386555 -0.00530928 -0.00211813 -0.00730539
internal_weight=4434 277 231 174 90 4157 2361 1096 1796 533 235 763 488 331
internal_count=4434 277 231 174 90 4157 2361 1096 1796 533 235 763 488 331
cat_boundaries=0 2 4
cat_threshold=2904097491 65 572192045 32
is_linear=0
shrinkage=0.04


Tree=162
num_leaves=15
num_cat=3
split_feature=3 10 7 20 13 3 0 3 15 3 0 0 17 3
split_gain=4.95204 9.28334 8.10869 10.9955 12.8136 12.9785 13.2025 12.5883 12.9942 12.0289 14.5424 13.3935 11.6493 9.85883
threshold=21.500000000000004 66.500000000000014 37.373646810293664 7.5000000000000009 29.348509485094855 17.500000000000004 0 19.500000000000004 8.7787469879879989 5.5000000000000009 1 2 30.500000000000004 10.500000000000002
decision_type=2 10 8 2 8 2 9 2 10 2 9 9 10 2
left_child=2 -2 13 9 5 6 -5 8 -7 10 -4 -11 -9 -1
right_child=1 -3 3 4 -6 7 -8 12 -10 11 -12 -13 -14 -15
leaf_value=-0.24681219109498784 0.07936078859066191 -0.34323987433981806 -0.17902876219483879 0.099110318145162371 -0.44990805255749111 4.6321215866239482 -0.04903178751946851 -0.33395839052120208 0.69781369047103847 0.016475035433652183 0.43156496692112106 -0.28314179764447972 0.56750902553534621 1.120393451524311
leaf_weight=37 88 103 112 717 79 54 829 93 100 647 190 1137 107 141
leaf_count=37 88 103 112 717 79 54 829 93 100 647 190 1137 107 141
internal_value=0.000270453 -0.00597938 0.000555817 0.000186824 0.00232089 0.00298476 0.00139445 0.00985994 0.0183439 -0.0018382 0.0055082 -0.00308898 0.00315271 0.00883978
internal_weight=4434 191 4243 4065 1979 1900 1546 354 154 2086 302 1784 200 178
internal_count=4434 191 4243 4065 1979 1900 1546 354 154 2086 302 1784 200 178
cat_boundaries=0 2 4 6
cat_threshold=1568683145 68 68698112 69 2147731044 5
is_linear=0
shrinkage=0.04


Tree=163
num_leaves=15
num_cat=1
split_feature=5 16 23 1 11 12 20 0 1 25 9 8 15 15
split_gain=5.20192 5.73083 5.26344 8.42538 19.2447 13.6881 10.8845 9.38541 8.63196 8.78603 11.3885 8.47861 15.1985 7.9551
threshold=37.858991355000008 0.83602150537634423 64.067189866000021 140.50000000000003 7.9433180000000005 16.861818181818187 5.5000000000000009 0 -131.49999999999997 12.232138192034135 2.6500000000000008 55.585937171518616 13.389700268284619 12.028961235436244
decision_type=2 10 10 2 10 8 2 9 2 8 10 10 8 10
left_child=2 -2 3 7 6 -6 -5 -1 -9 10 -10 12 -11 -4
right_child=1 -3 13 4 5 -7 -8 8 9 11 -12 -13 -14 -15
leaf_value=-0.062032867032970604 1.1458039595082141 -0.00083638859512615851 -0.00080418307921100059 -0.39300083396462027 0.087679492720452001 -0.44673015649079106 1.1885303595467611 -0.55032351473584584 -0.13213200481291987 0.68452926406478753 0.83479482108366232 0.027245103105419083 -1.248213866833326 -0.24375504577156862
leaf_weight=1070 45 52 1004 59 187 109 249 77 75 35 99 886 67 420
leaf_count=1070 45 52 1004 59 187 109 249 77 75 35 99 886 67 420
internal_value=0.000180302 0.0092 -2.76498e-05 0.000946502 0.00514003 -0.00214047 0.01209 -0.000155709 0.00220447 0.00309013 0.0112994 0.00161453 -0.00914286 -0.00201822
internal_weight=4434 97 4337 2913 604 296 308 2309 1239 1162 174 988 102 1424
internal_count=4434 97 4337 2913 604 296 308 2309 1239 1162 174 988 102 1424
cat_boundaries=0 2
cat_threshold=3071885888 7
is_linear=0
shrinkage=0.04


Tree=164
num_leaves=15
num_cat=1
split_feature=9 12 1 2 1 3 3 3 8 15 15 9 0 3
split_gain=5.9954 5.31497 7.87779 9.69265 7.02956 11.3357 9.57915 13.9414 25.4348 14.9756 11.6291 12.4861 10.2979 11.3445
threshold=98.850000000000009 34.150000000000013 125.50000000000001 701.84361000000013 -22.499999999999996 20.500000000000004 17.500000000000004 15.500000000000002 55.65031121900919 8.518973692978447 8.518973692978447 1.8500000000000003 0 2.5000000000000004
decision_type=8 8 2 2 2 2 2 2 10 10 10 10 9 2
left_child=1 4 3 -3 -1 6 7 12 9 -9 -8 -12 -6 -14
right_child=-2 2 -4 -5 5 -7 10 8 -10 -11 11 -13 13 -15
leaf_value=-0.10046103283706125 0.028210146029699176 -0.15555696865623872 -0.95404214605124138 0.13056347042392064 -0.038211227022140977 -0.073858363866605756 1.4065197359058395 -0.91457586310550998 -0.82885714753480655 0.78827322045518966 -1.0284196988071623 0.47751836995852953 -0.095201948406288178 0.10862408968640576
leaf_weight=998 57 127 63 60 645 290 122 46 140 72 49 197 69 1499
leaf_count=998 57 127 63 60 645 290 122 46 140 72 49 197 69 1499
internal_value=0.000108181 -6.39269e-05 -0.0056917 -0.00147368 0.000280872 0.00121328 0.00198452 0.00108327 -0.00766284 0.00595041 0.00797844 0.00289157 0.00211191 0.00384567
internal_weight=4434 4377 250 187 4127 3129 2839 2471 258 118 368 246 2213 1568
internal_count=4434 4377 250 187 4127 3129 2839 2471 258 118 368 246 2213 1568
cat_boundaries=0 2
cat_threshold=469860578 1
is_linear=0
shrinkage=0.04


Tree=165
num_leaves=15
num_cat=1
split_feature=18 10 3 10 23 25 26 0 8 5 24 11 7 10
split_gain=5.90684 9.84458 11.876 9.57762 8.64097 8.97475 7.9136 11.2885 10.2181 14.619 12.0258 19.3401 12.0115 13.0332
threshold=4624.9935482237161 244.50000000000003 18.500000000000004 120.50000000000001 120.91653547100002 29.163802583976768 1.0460717964229798 0 55.802496500000011 37.416216135000006 2455.6197139630535 10.943318000000001 37.445623420190046 66.500000000000014
decision_type=10 10 2 10 8 10 8 9 10 2 10 10 8 10
left_child=6 3 -3 4 5 -2 7 -1 9 10 11 -8 13 -11
right_child=1 2 -4 -5 -6 -7 8 -9 -10 12 -12 -13 -14 -15
leaf_value=-0.37258391758018433 -0.90030905061544897 0.02421124518202987 -0.41992910939913441 0.42679332176551954 -0.18640235380865022 0.10430242310682186 -0.28135116282878575 -0.0055275590912735066 -0.38162576419349165 0.21897499399907078 1.7567716382315655 0.7366206388802633 0.0098013167927877027 -0.85063053629923291
leaf_weight=222 37 101 49 173 35 230 126 437 73 48 193 39 2477 194
leaf_count=222 37 101 49 173 35 230 126 437 73 48 193 39 2477 194
internal_value=3.60604e-05 0.00363057 -0.00522876 0.00644351 0.00209836 0.00459259 -0.000556139 -0.00453172 0.000279099 0.000636364 0.00819945 0.000238095 -0.000367377 -0.00881633
internal_weight=4434 625 150 475 302 267 3809 659 3150 3077 358 165 2719 242
internal_count=4434 625 150 475 302 267 3809 659 3150 3077 358 165 2719 242
cat_boundaries=0 2
cat_threshold=2686058529 97
is_linear=0
shrinkage=0.04


Tree=166
num_leaves=15
num_cat=0
split_feature=8 12 3 8 23 8 3 8 19 10 10 6 10 1
split_gain=6.64057 6.75114 6.3479 9.81578 7.27461 7.27294 13.1689 23.0833 10.8097 13.777 11.248 9.42658 13.84 9.01647
threshold=55.976437021859475 34.150000000000013 2.5000000000000004 55.685310854836708 inf 55.733418836703386 17.500000000000004 55.862703262215966 511.15793143616401 275.50000000000006 39.500000000000007 55.73777608000001 81.500000000000014 -96.499999999999986
decision_type=8 10 2 10 8 10 2 10 10 10 10 2 10 2
left_child=1 2 3 -1 5 11 8 -8 9 -7 -10 13 -13 -4
right_child=-2 -3 4 -5 -6 6 7 -9 10 -11 -12 12 -14 -15
leaf_value=-0.55757052239401395 0.039003143278582578 -0.13707317193686488 -0.25550085500555697 0.12965473526706439 0.33044574031594492 -0.16233946901473992 3.9895750954913978 -0.037402468963511265 0.082016378130772699 0.87438842329323063 -0.62818257556505486 -0.66166636369402665 1.6604958989192107 0.024832379472580143
leaf_weight=68 70 192 318 35 60 193 58 79 73 36 288 44 91 2829
leaf_count=68 70 192 318 35 60 193 58 79 73 36 288 44 91 2829
internal_value=9.0151e-05 -0.000109915 0.00022994 -0.00943396 0.000481336 0.000269192 -0.00334247 0.00771429 -0.00593592 0.000862069 -0.0102198 0.00107154 0.0113043 0.000622222
internal_weight=4434 4364 4172 103 4069 4009 727 137 590 229 361 3282 135 3147
internal_count=4434 4364 4172 103 4069 4009 727 137 590 229 361 3282 135 3147
is_linear=0
shrinkage=0.04


Tree=167
num_leaves=15
num_cat=0
split_feature=8 8 6 10 1 1 10 10 25 11 12 13 22 23
split_gain=6.76113 6.84169 12.4655 11.837 11.0736 12.5139 10.8886 10.4164 9.94336 15.5821 8.68482 7.41925 7.29224 7.18114
threshold=55.976437021859475 55.733418836703386 55.73777608000001 39.500000000000007 73.500000000000014 14.500000000000002 257.50000000000006 81.500000000000014 20.188923827955112 13.943318000000001 0.48750000000000004 30.235526315789475 67.545453756000015 60.91653547100001
decision_type=8 10 2 10 2 2 10 10 10 10 10 8 2 8
left_child=1 2 11 10 5 6 -5 -4 9 -6 13 -1 -12 -3
right_child=-2 3 7 4 8 -7 -8 -9 -10 -11 12 -13 -14 -15
leaf_value=0.0056998070333992776 0.037443017547439228 0.076594029880385522 -0.2775941230305935 -0.3357098624619807 -0.37363822666444807 -0.81937090748025987 0.086756637848110926 1.6061027723613057 0.75738036688292365 0.34927952725507394 0.078735723005541727 -0.7191454701747404 0.70387515819982183 -0.23912076971728963
leaf_weight=3256 70 35 48 202 139 122 96 96 90 35 71 92 45 37
leaf_count=3256 70 35 48 202 139 122 96 96 90 35 71 92 45 37
internal_value=-1.80302e-05 -0.000219831 0.000572246 -0.00338286 -0.00582242 -0.00983452 -0.00531561 0.0119728 0.000599251 -0.00497175 0.00544503 7.16204e-05 0.0121008 -0.00533333
internal_weight=4434 4364 3492 872 684 420 298 144 264 174 188 3348 116 72
internal_count=4434 4364 3492 872 684 420 298 144 264 174 188 3348 116 72
is_linear=0
shrinkage=0.04


Tree=168
num_leaves=15
num_cat=1
split_feature=8 3 1 20 10 1 1 0 3 1 24 5 12 19
split_gain=5.498 5.70636 13.4684 9.52499 9.25149 10.6291 7.87852 9.90022 9.76736 9.1749 8.23083 12.6264 7.73956 10.1498
threshold=55.976437021859475 20.500000000000004 -9.4999999999999982 9.5000000000000018 257.50000000000006 47.500000000000007 -21.499999999999996 0 7.5000000000000009 -206.49999999999997 3247.7578368319596 37.467961820000006 34.150000000000013 1519.6602895087672
decision_type=8 2 2 2 10 2 2 9 2 2 10 2 8 10
left_child=1 3 -3 6 5 -5 7 8 -1 -10 -9 -12 13 -8
right_child=-2 2 -4 4 -6 -7 12 10 9 -11 11 -13 -14 -15
leaf_value=0.10711607999545379 0.035945296845541659 0.26562086997482837 -0.16658198172817565 0.17949645666510983 -0.10880573697026966 1.8056628302040474 0.0071418593032345082 0.10995719631136056 1.332279632530857 -0.86514629390847364 0.046995431421748605 -1.8370267949785843 -0.14939179068106509 0.21055309423552268
leaf_weight=120 70 71 279 116 35 54 2298 373 36 336 36 39 176 395
leaf_count=120 70 71 279 116 35 54 2298 373 36 336 36 39 176 395
internal_value=7.21208e-05 -0.000109915 -0.00498584 0.000318646 0.00865385 0.0124855 -0.000136411 -0.00330859 -0.00712871 -0.0104533 0.00104121 -0.0107692 0.000905292 0.00143917
internal_weight=4434 4364 350 4014 205 170 3809 940 492 372 448 75 2869 2693
internal_count=4434 4364 350 4014 205 170 3809 940 492 372 448 75 2869 2693
cat_boundaries=0 2
cat_threshold=2718659075 100
is_linear=0
shrinkage=0.04


Tree=169
num_leaves=15
num_cat=3
split_feature=9 2 0 0 1 25 18 18 3 5 16 0 18 18
split_gain=4.80532 5.50004 10.5385 10.1359 7.33525 8.64267 7.98063 7.54462 8.30255 6.45078 11.9398 6.74657 9.4192 7.03172
threshold=98.850000000000009 666.52870850000011 0 1 51.500000000000007 18.66985691983373 4013.9635355868418 2521.5998794186871 16.500000000000004 37.737280210000009 0.65685449957947861 2 202.78571341338176 1050.1912880269649
decision_type=8 2 9 9 2 10 10 10 2 2 10 9 10 10
left_child=1 3 4 -1 -3 7 -7 8 -6 11 -11 -5 -13 -14
right_child=-2 2 -4 9 5 6 -8 -9 -10 10 -12 12 13 -15
leaf_value=0.12596536319234333 0.033850519442836416 -0.34502922497174465 0.0292004522065589 -0.17430534515604884 0.047733141539445398 2.4237494841217528 -0.17063709007180877 -0.7975619675609511 -0.75777066330141107 1.0248367460413088 -0.09652219081691471 -0.77926925945553627 0.26386055010503073 -0.028655628807310336
leaf_weight=1455 57 471 754 146 172 43 37 57 37 63 53 36 191 862
leaf_count=1455 57 471 754 146 172 43 37 57 37 63 53 36 191 862
internal_value=9.0151e-05 -6.39269e-05 -0.0019568 0.000996796 -0.00506024 -0.000687679 0.0106024 -0.00416357 -0.000566038 -0.0014956 0.00739496 -0.00235864 -0.00119782 -0.000492424
internal_weight=4434 4377 1571 2806 817 346 80 266 209 1351 116 1235 1089 1053
internal_count=4434 4377 1571 2806 817 346 80 266 209 1351 116 1235 1089 1053
cat_boundaries=0 2 4 5
cat_threshold=3326898762 70 1313633640 70 8486930
is_linear=0
shrinkage=0.04


Tree=170
num_leaves=15
num_cat=2
split_feature=9 15 19 3 3 0 25 25 5 0 25 10 19 13
split_gain=4.83618 5.35456 9.83243 8.85936 13.302 15.6386 11.8207 9.84314 14.705 9.49773 14.7686 12.0074 9.85647 9.48207
threshold=98.850000000000009 12.028961235436244 1606.1295737685116 5.5000000000000009 12.500000000000002 0 22.17897694714058 14.978819846426456 37.623685515000012 1 13.413537807571037 220.50000000000003 1995.3481727464621 16.13571428571429
decision_type=8 8 8 2 2 9 10 10 2 9 10 10 10 10
left_child=1 2 -1 -3 5 6 13 8 -7 11 -11 -6 -12 -5
right_child=-2 3 -4 4 9 7 -8 -9 -10 10 12 -13 -14 -15
leaf_value=0.0072019138708449759 0.032496498665122962 0.19376070690094493 0.35754347277275239 0.51621057536160952 0.018709526960281518 0.34353426546768384 -0.48424668504715324 -0.99981952099640581 -2.0413099893406508 -0.77140067643579557 0.38367838162660917 -0.75683365989209794 -0.080912007408105002 -0.017422232646608506
leaf_weight=2755 57 220 85 84 236 84 53 271 66 42 229 80 70 102
leaf_count=2755 57 220 85 84 236 84 53 271 66 42 229 80 70 102
internal_value=5.40906e-05 -0.000100457 0.000928597 -0.002 -0.00324242 -0.00723982 0.00111111 -0.0117051 -0.00366013 0.000787879 0.00531073 -0.00413374 0.00860927 0.00592593
internal_weight=4434 4377 2840 1537 1317 660 239 421 150 657 341 316 299 186
internal_count=4434 4377 2840 1537 1317 660 239 421 150 657 341 316 299 186
cat_boundaries=0 2 4
cat_threshold=1100546220 1 365433016 38
is_linear=0
shrinkage=0.04


Tree=171
num_leaves=15
num_cat=0
split_feature=18 8 1 20 6 26 19 5 10 12 18 7 10 2
split_gain=5.83171 8.98483 8.1771 7.39991 7.09184 7.05177 12.278 11.9894 9.61047 9.52013 9.00487 8.69121 13.7329 8.53405
threshold=4624.9935482237161 55.802496500000011 -21.499999999999996 5.5000000000000009 55.572060790000002 1.0460717964229798 1310.40349967733 37.416216135000006 305.50000000000006 30.525000000000002 1013.2579838541429 37.445623420190046 71.500000000000014 701.84361000000013
decision_type=8 10 2 2 2 10 10 2 10 10 10 10 10 2
left_child=1 5 -2 -3 -4 6 8 10 -1 -8 -7 12 -9 -12
right_child=2 3 4 -5 -6 7 9 11 -10 -11 13 -13 -14 -15
leaf_value=-0.34110034708411024 0.26353535625715352 -0.0046153926357068407 2.1753601890620708 -0.93551983394518501 0.0048058290699364258 -0.014484183209370585 0.27455436869875044 0.15132302228246203 0.10819790815177611 -0.51576200335017308 1.9425497253798472 0.010467529200311815 -0.89323563612602186 0.026543376226165948
leaf_weight=391 59 57 64 47 504 138 130 56 71 36 147 2476 186 72
leaf_count=391 59 57 64 47 504 138 130 56 71 36 147 2476 186 72
internal_value=5.40906e-05 -0.000535433 0.00361905 -0.0119626 0.00210158 -0.000205073 -0.00405705 0.000584795 -0.00739785 0.0052071 0.00744444 -0.000323411 -0.0075102 0.0124324
internal_weight=4434 3807 627 104 568 3703 628 3075 462 166 357 2718 242 219
internal_count=4434 3807 627 104 568 3703 628 3075 462 166 357 2718 242 219
is_linear=0
shrinkage=0.04


Tree=172
num_leaves=15
num_cat=0
split_feature=2 5 24 18 5 7 17 17 20 19 10 7 6 15
split_gain=4.83481 5.04028 11.3505 16.883 13.752 11.514 17.8065 15.2994 15.8988 12.6296 11.4176 12.4885 15.1147 9.4794
threshold=891.46575700000005 37.532417395000003 3834.0368359050722 2236.637232913175 37.721927465 37.687037000000011 34.500000000000007 26.500000000000004 6.5000000000000009 511.15793143616401 124.50000000000001 37.859625466624315 55.676956365000002 6.2723840460147224
decision_type=2 2 10 10 2 10 10 10 2 10 10 10 2 10
left_child=1 -1 3 5 -4 6 -3 10 -9 -10 -7 12 -12 -5
right_child=-2 2 4 13 -6 7 -8 8 9 -11 11 -13 -14 -15
leaf_value=0.02094821040759726 -0.32303811957297318 -0.020572484764368397 0.012634727181765584 0.19618332446793943 3.4786524876566443 -0.21206746167587895 -1.2829856289964781 -0.17911840883090918 -0.09999784006813954 0.97751816007488457 0.30795221667032818 1.2687157696179561 -0.39126122440725641 -0.59760766378113717
leaf_weight=2207 45 297 361 49 72 304 88 123 38 234 141 41 150 284
leaf_count=2207 45 297 361 49 72 304 88 123 38 234 141 41 150 284
internal_value=0.000126211 0.000264117 -0.0010984 -0.00253425 0.0046789 -0.000620155 -0.00649485 0.00158607 0.00773869 0.0130909 -0.00225352 0.00286567 -0.000136054 -0.0105952
internal_weight=4434 4389 2182 1749 433 1416 385 1031 395 272 636 332 291 333
internal_count=4434 4389 2182 1749 433 1416 385 1031 395 272 636 332 291 333
is_linear=0
shrinkage=0.04


Tree=173
num_leaves=15
num_cat=2
split_feature=2 0 0 20 5 12 10 5 18 3 5 20 1 5
split_gain=5.91465 12.2452 7.74333 7.30695 6.94148 6.51756 8.34303 7.89891 6.3985 7.37706 7.17076 5.933 8.16152 7.3887
threshold=666.52870850000011 0 1 8.5000000000000018 37.720688285000008 8.5928571428571434 217.50000000000003 37.690101775000009 47.469483283395512 4.5000000000000009 37.72213836000001 8.5000000000000018 131.50000000000003 37.414099515000011
decision_type=2 9 9 2 2 10 10 2 10 2 2 2 2 2
left_child=2 3 11 8 5 -5 7 -7 -2 -10 -11 13 -13 -1
right_child=1 -3 -4 4 -6 6 -8 -9 9 10 -12 12 -14 -15
leaf_value=0.31099705773357528 0.15442823374766487 0.018628280869977944 -0.011177963739066002 0.50113188512330031 0.83735297010441545 0.36891378228525484 -1.4638996530467103 -0.68681626819859476 0.091982248804938258 -0.17930527697522167 -1.0765800616816439 0.10436061975857469 2.3278062324212376 0.017979376312748058
leaf_weight=135 48 803 1389 44 41 43 36 37 59 357 131 265 53 993
leaf_count=135 48 803 1389 44 41 43 36 37 59 357 131 265 53 993
internal_value=0.000270453 -0.00167291 0.00136716 -0.00514215 0.00137255 -0.00245399 -0.00739496 0 -0.00742475 -0.00865455 -0.0102648 0.00339959 0.0082243 0.00205128
internal_weight=4434 1599 2835 796 201 160 116 80 595 547 488 1446 318 1128
internal_count=4434 1599 2835 796 201 160 116 80 595 547 488 1446 318 1128
cat_boundaries=0 2 4
cat_threshold=2387374156 98 1332508008 66
is_linear=0
shrinkage=0.04


Tree=174
num_leaves=15
num_cat=3
split_feature=2 0 0 14 8 23 3 8 6 0 25 1 5 22
split_gain=5.4268 13.1512 7.37264 6.62002 8.93996 8.51945 10.0366 8.73348 8.80725 7.62691 7.61751 7.68075 7.18782 6.43712
threshold=666.52870850000011 0 1 21.249615384615389 55.745006972568902 54.461329979000006 14.500000000000002 55.730982000000004 55.718844985000011 2 19.10967971906403 -11.499999999999998 37.853056340000009 36.718549374500007
decision_type=2 9 9 8 10 10 2 10 2 9 10 2 2 2
left_child=2 -2 -1 4 5 7 9 8 -4 12 11 -8 -7 -3
right_child=1 13 3 -5 -6 6 10 -9 -10 -11 -12 -13 -14 -15
leaf_value=-0.010760590349957796 -0.1882167654255133 -0.13828273367999239 0.20604021459799299 -0.070331579989121956 0.40469410604879008 -0.51115545751072644 -0.0021798376358447059 -0.49197135608572296 1.6232916020199741 0.40764328822707285 0.4147466042253859 -0.98835614203428779 0.86750725283349628 0.034634884664518494
leaf_weight=1363 675 194 522 223 74 84 49 84 83 197 35 75 46 730
leaf_count=1363 675 194 522 223 74 84 49 84 83 197 35 75 46 730
internal_value=0.000288483 -0.00157303 0.00133897 0.0032862 0.00444089 0.00356537 -0.000490798 0.00641618 0.00809211 0.00351515 -0.00864198 -0.0132283 -0.00391608 0.00153682
internal_weight=4434 1599 2835 1472 1249 1175 486 689 605 327 159 124 130 924
internal_count=4434 1599 2835 1472 1249 1175 486 689 605 327 159 124 130 924
cat_boundaries=0 2 4 5
cat_threshold=2387374144 66 814973591 125 234882056
is_linear=0
shrinkage=0.04


Tree=175
num_leaves=15
num_cat=1
split_feature=9 15 8 8 23 20 24 5 25 25 23 3 0 3
split_gain=4.7592 5.5785 10.9908 15.6035 8.68665 9.29585 19.8179 10.632 9.56537 8.78856 8.52406 7.51231 19.5891 9.03492
threshold=98.850000000000009 12.028961235436244 55.613873045332909 55.533200111526718 64.067189866000021 7.5000000000000009 4161.7802230146344 37.439882260000005 26.757758206528369 10.174695950992435 52.454546244000007 14.500000000000002 0 6.5000000000000009
decision_type=8 8 10 10 10 2 10 2 10 10 10 2 9 2
left_child=1 2 3 -1 5 7 -7 -3 9 -9 -11 13 -13 -4
right_child=-2 4 11 -5 -6 6 -8 8 -10 10 -12 12 -14 -15
leaf_value=-0.14186552888986087 0.029864334399209158 0.16330845531441424 -0.047697647019150365 2.3839183580472993 -0.22853029411479803 0.39513997288613611 -0.11431815318780481 0.22626141269263822 0.31728181763210728 -0.97713737964410674 -0.016082789642028618 -0.32490338420951448 0.037623037973304511 0.11350256621738972
leaf_weight=48 57 102 609 71 429 385 262 60 37 200 62 363 583 1166
leaf_count=48 57 102 609 71 429 385 262 60 37 200 62 363 583 1166
internal_value=0.000144242 -9.13242e-06 0.00104115 0.0127869 -0.00194805 -7.20072e-05 0.00301538 -0.00439655 -0.00762431 -0.00984615 -0.0129811 0.00051395 -0.00236038 0.00204724
internal_weight=4434 4377 2840 119 1537 1108 647 461 359 322 262 2721 946 1775
internal_count=4434 4377 2840 119 1537 1108 647 461 359 322 262 2721 946 1775
cat_boundaries=0 2
cat_threshold=3776709428 76
is_linear=0
shrinkage=0.04


Tree=176
num_leaves=15
num_cat=0
split_feature=8 3 5 6 5 18 8 1 25 1 26 7 1 25
split_gain=6.28514 5.1098 10.9613 11.1521 6.79026 6.63389 5.94209 6.03332 9.21399 11.3438 7.84919 15.5364 10.6399 9.84951
threshold=55.976437021859475 21.500000000000004 37.445680755000005 55.63241845000001 37.550987865000003 5626.6019564729031 55.805895063876655 -21.499999999999996 19.364021718922558 -58.499999999999993 1.1280231059216546 37.70371947820172 -49.499999999999993 5.9361673618981454
decision_type=8 2 2 2 2 10 10 2 10 2 10 10 2 10
left_child=1 5 -3 -4 -5 6 7 8 10 -10 11 12 -1 -12
right_child=-2 2 3 4 -6 -7 -8 -9 9 -11 13 -13 -14 -15
leaf_value=0.29141361015822886 0.045426018400354817 -0.3030865280072228 0.93883911922528795 -0.56515384143866287 0.032147741356879464 0.071844752087890817 -0.35867510379616813 0.015629909643756719 -2.0542004769145414 0.27097584310731782 1.3237251839865363 -0.78570040909153394 -0.64674531720362582 -0.024386964831934605
leaf_weight=92 70 59 36 35 51 251 47 2889 74 35 57 69 72 597
leaf_count=92 70 59 36 35 51 251 47 2889 74 35 57 69 72 597
internal_value=0.000414695 0.000219831 -0.00630435 0.00064 -0.00719101 0.00050645 0.000101652 0.000277778 -0.0024024 -0.0132143 -0.00103371 -0.00728814 -0.000479042 0.00121766
internal_weight=4434 4364 181 122 86 4183 3932 3885 996 109 887 233 164 654
internal_count=4434 4364 181 122 86 4183 3932 3885 996 109 887 233 164 654
is_linear=0
shrinkage=0.04


Tree=177
num_leaves=15
num_cat=0
split_feature=5 5 13 25 18 22 16 15 19 19 16 13 22 8
split_gain=5.76464 6.19618 9.3559 10.5804 17.695 9.29259 12.7122 9.02371 9.84368 8.36955 7.93897 8.71318 7.37818 7.30936
threshold=37.858991355000008 37.532417395000003 24.428174603174607 18.883697510217043 2305.6356507737446 66.528708786500019 0.12599206349206352 6.2723840460147224 1352.6143904855194 2.3068588175592102 0.13819628647214857 17.297500000000003 117.02162602100002 55.585937171518616
decision_type=2 2 10 10 10 2 8 10 10 8 8 10 2 8
left_child=1 10 3 4 -3 6 -5 -6 -9 -8 11 -1 -13 -12
right_child=-2 2 -4 5 7 -7 9 8 -10 -11 13 12 -14 -15
leaf_value=0.90274711563453369 0.31133674700922648 -0.0084221686209063756 -0.34564996065156067 -0.31039439383224815 0.184048234618337 -0.025083405146371182 0.03860668558718526 -0.89262359243637468 0.0029607346158135608 0.74490977384099699 -0.28661861729769378 -0.0011372655542669463 0.13970720575385617 0.019111257894426466
leaf_weight=56 97 1304 121 43 37 130 126 140 41 153 301 163 64 1658
leaf_count=56 97 1304 121 43 37 130 126 140 41 153 301 163 64 1658
internal_value=0.000504846 0.000285714 -0.00127741 -0.00060698 -0.00220328 0.00474725 0.00836923 -0.0126697 -0.0163043 0.0114894 0.0017461 0.00797203 0.00434783 0.000835882
internal_weight=4434 4337 2095 1974 1522 452 322 218 181 279 2242 283 227 1959
internal_count=4434 4337 2095 1974 1522 452 322 218 181 279 2242 283 227 1959
is_linear=0
shrinkage=0.04


Tree=178
num_leaves=15
num_cat=2
split_feature=0 16 13 13 6 19 11 1 0 14 23 22 23 13
split_gain=5.22746 9.43186 10.2883 7.58554 8.63629 6.89248 8.35305 7.30852 6.21591 7.6172 8.64062 6.12056 5.71825 8.32326
threshold=0 0.28966437833714725 8.8141369047619076 17.632770270270278 55.617760000000004 1145.8945180282442 4.1216390000000009 260.50000000000006 1 16.934815106215577 13.694479510500003 57.02162602100001 54.461329979000006 15.455000000000002
decision_type=9 10 10 8 2 10 10 2 9 8 10 2 10 10
left_child=1 3 -3 4 -1 7 -7 -4 -5 -10 -11 -8 13 -6
right_child=-2 2 5 8 12 6 11 -9 9 10 -12 -13 -14 -15
leaf_value=1.1103592371491184 -0.012093652735351271 0.038429405654576282 -0.47456996922582945 -0.12646850184078581 0.072873018390736496 0.45643741845727642 -0.98022082412749201 0.035276171082019803 -0.89138995732385296 0.39965394367555646 0.027513753208708601 0.36772465813105071 0.006077466998178167 0.43108228097206691
leaf_weight=75 2249 645 254 273 222 35 36 39 37 72 168 48 202 79
leaf_count=75 2249 645 254 273 222 35 36 39 37 72 168 48 202 79
internal_value=0.000450755 0.00183803 -0.000867925 0.0043855 0.00757315 -0.00578313 0.00229508 -0.00905405 0.00101266 0.00510345 0.00790123 -0.0045977 0.00561265 0.00907895
internal_weight=4434 2185 1057 1128 578 412 119 293 550 277 240 84 503 301
internal_count=4434 2185 1057 1128 578 412 119 293 550 277 240 84 503 301
cat_boundaries=0 2 3
cat_threshold=3420607914 6 2306883712
is_linear=0
shrinkage=0.04


Tree=179
num_leaves=15
num_cat=2
split_feature=13 12 9 0 10 16 26 10 13 13 15 15 3 0
split_gain=4.48854 10.9149 6.43415 5.9278 7.4177 7.60054 11.7135 8.43186 10.3939 8.91356 8.07155 7.40088 8.55743 10.1895
threshold=69.091776315789488 34.150000000000013 36.050000000000004 0 350.50000000000006 0.30079365079365084 4.2227014069320221 102.50000000000001 12.066590909090911 17.131414473684213 8.9485114738748042 9.9199972413472466 5.5000000000000009 1
decision_type=10 10 10 9 10 8 10 10 10 10 8 8 2 9
left_child=1 3 -3 4 5 7 10 9 -9 -1 -7 -12 -13 -14
right_child=-2 2 -4 -5 -6 6 -8 8 -10 -11 11 12 13 -15
leaf_value=0.55154532806639534 0.033111542358541066 -0.86589262189863858 -0.046760624171504547 -0.007919126147016016 -0.67635442026950221 0.11445795609465151 -0.5713180464573776 -0.40190905582338587 0.11405307986040412 0.16890041301086739 -0.98042635094853381 0.71657791782673941 0.10129123478172708 -0.44089122730965702
leaf_weight=152 91 42 110 2511 39 426 50 82 434 131 53 53 103 157
leaf_count=152 91 42 110 2511 39 426 50 82 434 131 53 53 103 157
internal_value=0.000288483 0.000101243 -0.0103226 0.000486409 0.00231542 0.00274939 9.46746e-05 0.00553616 0.00246628 0.011049 0.00130818 -0.00303523 -0.000632911 -0.00365019
internal_weight=4434 4343 152 4191 1680 1641 842 799 516 283 792 366 313 260
internal_count=4434 4343 152 4191 1680 1641 842 799 516 283 792 366 313 260
cat_boundaries=0 2 3
cat_threshold=3684832514 6 1375864064
is_linear=0
shrinkage=0.04


Tree=180
num_leaves=15
num_cat=1
split_feature=26 16 23 8 26 1 8 22 14 6 24 1 0 25
split_gain=5.07301 7.96651 7.97366 6.54539 5.77707 8.36974 12.0259 10.4656 7.86138 13.9415 11.919 7.4711 6.3384 9.08574
threshold=3.8768636749268039 0.20864427860696519 53.471291213500002 55.667632011982569 2.0240013450901917 -20.499999999999996 55.642087747604116 57.527775369000004 10.717510944340214 55.637256620000009 2431.3219789391701 14.500000000000002 0 18.122331687668574
decision_type=8 8 8 10 10 2 10 2 10 2 10 2 9 10
left_child=4 -2 3 -3 12 6 -6 -8 9 -7 -10 -11 13 -1
right_child=1 2 -4 -5 5 8 7 -9 10 11 -12 -13 -14 -15
leaf_value=-0.082287849772457386 0.15774005828020449 0.52438727145156716 -0.34442769921244126 -0.45840222557063898 -1.234345845009702 0.89517301660235749 -0.16555394342402793 1.0772114278807765 -0.087936305689252661 0.027172444906640628 1.1230582338081263 -0.60104251910765305 0.015731621688765927 0.045237745921121758
leaf_weight=1049 67 44 62 79 36 44 85 50 57 35 167 71 2110 478
leaf_count=1049 67 44 62 79 36 44 85 50 57 35 167 71 2110 478
internal_value=0.000144242 -0.00533333 -0.00957447 -0.00349206 0.000477897 0.00430657 -0.00298851 0.0026087 0.00763926 0.000522876 0.0123348 -0.00733945 -9.89011e-05 -0.00205195
internal_weight=4434 252 185 123 4182 545 171 135 374 150 224 106 3637 1527
internal_count=4434 252 185 123 4182 545 171 135 374 150 224 106 3637 1527
cat_boundaries=0 2
cat_threshold=2220368601 81
is_linear=0
shrinkage=0.04


Tree=181
num_leaves=15
num_cat=0
split_feature=6 8 7 7 10 24 26 15 8 22 25 9 6 10
split_gain=4.54925 16.0566 12.3969 13.3493 12.3939 15.753 17.2767 13.7159 12.1239 20.5915 15.8227 11.7688 11.4503 10.4467
threshold=55.646745290000005 55.685454096347691 37.737733221722046 37.448938814063538 169.50000000000003 2961.5640362265608 1.0843515637481884 14.909379845404013 55.616113262801377 186.5287087865 21.560783165257472 27.950000000000003 55.705094765000005 28.500000000000004
decision_type=2 8 10 10 8 10 10 10 10 2 10 10 2 10
left_child=4 2 3 -2 8 -6 -7 11 9 10 -1 -8 -3 -14
right_child=1 12 -4 -5 5 6 7 -9 -10 -11 -12 -13 13 -15
leaf_value=1.003731475271668 0.51452741246218947 0.12938425444749613 0.41076006452995928 -0.22627023685480482 0.52974644657541059 0.66616605460964762 -0.15535936899034355 -1.8385407823015616 0.027433108144444277 -1.7657449698999212 -0.65291265176966762 1.009048739990676 0.14157540464497473 -0.029099585011703608
leaf_weight=87 41 402 39 835 282 160 123 72 672 51 123 35 294 1218
leaf_count=87 41 402 39 835 282 160 123 72 672 51 123 35 294 1218
internal_value=0.000216362 -0.000748588 -0.00509804 -0.00609784 0.00191542 0.00604444 0.000814249 -0.00618026 -0.00106838 -0.00833333 -0.00262911 0.000496894 0.00133542 -0.000264026
internal_weight=4434 2829 915 876 1605 672 390 230 933 261 210 158 1914 1512
internal_count=4434 2829 915 876 1605 672 390 230 933 261 210 158 1914 1512
is_linear=0
shrinkage=0.04


Tree=182
num_leaves=15
num_cat=1
split_feature=3 6 23 8 5 7 20 13 0 6 26 7 2 3
split_gain=5.71977 8.76904 5.43485 4.97389 7.12435 9.61206 7.89734 11.3095 10.3928 14.6268 12.837 10.6451 10.5436 10.1456
threshold=2.5000000000000004 55.690941955000007 inf 55.976437021859475 37.356637395000007 37.356163412270099 7.5000000000000009 29.663372093023259 0 55.737122935000009 2.1725217205203498 37.814740146483238 748.91311800000005 7.5000000000000009
decision_type=2 2 8 8 2 10 2 10 9 2 10 10 2 2
left_child=1 -1 3 4 -2 -6 -7 8 9 10 -8 -11 13 -10
right_child=2 -3 -4 -5 5 6 7 -9 12 11 -12 -13 -14 -15
leaf_value=-0.36295771805727839 -0.14672819429551151 0.12400914086345022 0.32623024494301772 0.053565202333938092 1.4893386429330491 -0.027557863074412995 0.22346879461449692 -0.97037680753725197 -0.13065472018543289 2.784656468820951 -0.23497105191525713 0.50987965116672973 -0.87019705924920487 0.052607732056936814
leaf_weight=76 126 35 61 69 61 2007 662 57 257 68 206 57 55 637
leaf_count=76 126 35 61 69 61 2007 662 57 257 68 206 57 55 637
internal_value=7.21208e-05 -0.00877193 0.000305132 0.000131301 -4.76644e-05 0.0002457 0 0.00177822 0.00230334 0.00512922 0.00330654 0.0178125 -0.000706861 0.000356745
internal_weight=4434 111 4323 4262 4193 4067 4006 1999 1942 993 868 125 949 894
internal_count=4434 111 4323 4262 4193 4067 4006 1999 1942 993 868 125 949 894
cat_boundaries=0 2
cat_threshold=2115003786 6
is_linear=0
shrinkage=0.04


Tree=183
num_leaves=15
num_cat=2
split_feature=14 12 0 5 7 11 6 3 25 0 1 18 18 3
split_gain=5.63271 8.40106 5.63893 8.00794 7.65678 6.49645 6.14948 10.0703 8.41938 15.9029 11.095 10.0381 8.0801 8.73416
threshold=42.828508085550347 34.150000000000013 0 37.356637395000007 37.379233439029967 8.1142140000000023 55.646745290000005 3.5000000000000004 16.808058817343039 1 181.50000000000003 2236.637232913175 2642.0091463554959 11.500000000000002
decision_type=10 10 9 2 10 10 2 2 10 9 2 10 10 2
left_child=1 2 -1 -4 5 -5 7 -6 11 10 -10 -8 -11 -14
right_child=-2 -3 3 4 6 -7 8 -9 9 12 -12 -13 13 -15
leaf_value=0.05686969433287288 0.027645705392469612 -0.43865672089801139 -0.26179969035615841 1.6941500026759599 -0.19625317575212706 0.28684561263063019 -0.030390624852830044 0.056832434185354844 -0.034305286090901888 0.69612132091778678 -1.1138093641015265 -0.81037164474719647 -0.11366299721086591 0.083141565453096464
leaf_weight=1031 109 143 81 40 76 54 974 1050 176 159 37 161 141 202
leaf_count=1031 109 143 81 40 76 54 974 1050 176 159 37 161 141 202
internal_value=7.21208e-05 -0.000157116 0.000172043 -0.000670038 -0.000338432 0.0107216 -0.000698221 0.00162976 -0.00211549 0.00128134 -0.00761062 -0.00425308 0.00512621 0.0017341
internal_weight=4434 4325 4182 3151 3070 94 2976 1126 1850 715 213 1135 502 343
internal_count=4434 4325 4182 3151 3070 94 2976 1126 1850 715 213 1135 502 343
cat_boundaries=0 2 4
cat_threshold=1528825088 2 8655396 112
is_linear=0
shrinkage=0.04


Tree=184
num_leaves=15
num_cat=0
split_feature=5 18 1 6 3 17 8 6 1 1 7 26 11 25
split_gain=5.34848 5.31981 8.03674 7.5025 6.97449 7.19836 6.38158 15.0264 10.2843 14.1926 11.9551 11.8314 10.0514 13.8445
threshold=37.858991355000008 4624.9935482237161 -21.499999999999996 55.572060790000002 2.5000000000000004 28.500000000000004 55.730982000000004 55.73777608000001 73.500000000000014 12.500000000000002 37.814740146483238 1.0803459114127889 13.118590000000003 20.081771769981689
decision_type=2 10 2 2 2 8 8 2 2 2 8 10 10 10
left_child=1 4 -3 -4 5 -1 7 -6 9 10 11 -8 13 -10
right_child=-2 2 3 -5 6 -7 8 -9 12 -11 -12 -13 -14 -15
leaf_value=-0.023927686563891336 0.29213002794146747 0.27119216110316324 1.968540289173847 0.0013312964488492438 -0.0011975650855248433 -0.40067563475202533 -0.45554124228335185 1.7613252910823061 -0.33132418838468625 -0.74320948946900678 -0.86228063614249806 0.16819358861880304 0.25613025663099526 2.9791867454383287
leaf_weight=52 97 58 64 503 2841 39 49 82 180 141 60 162 64 42
leaf_count=52 97 58 64 503 2841 39 49 82 180 141 60 162 64 42
internal_value=5.40906e-05 -0.000156682 0.00324841 0.00175439 -0.000732167 -0.0114894 -0.000452539 0.000369105 -0.00388017 -0.00790361 -0.00248175 0.00205607 0.00193772 -0.00213333
internal_weight=4434 4337 625 567 3712 91 3621 2923 698 412 271 211 286 222
internal_count=4434 4337 625 567 3712 91 3621 2923 698 412 271 211 286 222
is_linear=0
shrinkage=0.04


Tree=185
num_leaves=15
num_cat=2
split_feature=0 16 10 1 2 11 0 1 15 25 7 14 26 1
split_gain=4.22709 7.30679 12.653 7.8189 7.70941 7.67828 7.03779 8.17559 6.35635 5.39778 5.31903 10.2633 4.69507 4.52914
threshold=0 0.32071428571428579 67.500000000000014 253.50000000000003 663.98848050000015 4.7453935000000014 1 7.5000000000000009 12.788931821498391 16.768356822973171 37.478308541883102 7.97009090909091 5.6037230095584176 391.00000000000006
decision_type=9 10 10 2 2 10 9 2 10 10 10 10 10 2
left_child=1 2 8 6 10 -6 9 -8 -1 -4 11 -3 13 -2
right_child=12 4 3 -5 5 -7 7 -9 -10 -11 -12 -13 -14 -15
leaf_value=0.86784984690706779 -0.0061945658975240828 0.45423208068282045 -0.907722089649038 1.564278834216732 -0.91265065525511091 -0.11077205586949418 0.15945015937680937 -0.058379358379611689 0.039552886780947601 0.076552119378836339 0.47421140089864594 -0.58136322706811916 -0.10934333120338938 1.255102242061588
leaf_weight=65 3403 91 94 47 35 109 68 99 50 45 97 74 99 58
leaf_count=65 3403 91 94 47 35 109 68 99 50 45 97 74 99 58
internal_value=5.40906e-05 0.00252537 0.0059448 0.00213483 -0.00136919 -0.00870748 -0.0002589 0.00511111 0.0172881 -0.00657895 0.00271698 -0.00166667 -0.000559754 -0.000311778
internal_weight=4434 874 468 353 406 144 306 167 115 139 262 165 3560 3461
internal_count=4434 874 468 353 406 144 306 167 115 139 262 165 3560 3461
cat_boundaries=0 2 4
cat_threshold=1245709572 2 33555456 2
is_linear=0
shrinkage=0.04


Tree=186
num_leaves=15
num_cat=0
split_feature=3 1 10 1 2 11 26 3 5 6 3 5 19 8
split_gain=5.03493 9.32494 10.4188 5.02104 11.0527 9.28215 8.53759 7.75482 10.256 7.92897 7.43106 14.8847 9.67116 7.31835
threshold=21.500000000000004 -11.499999999999998 66.500000000000014 76.500000000000014 794.27329800000018 2.8332025000000005 1.0027026891500956 17.500000000000004 37.537139550000006 55.651852825000006 16.500000000000004 37.483752450000004 1058.2875039291469 55.636977170475568
decision_type=2 2 10 2 2 10 10 2 2 2 2 2 8 10
left_child=3 -2 -3 7 5 -5 -7 10 9 -9 -1 -12 -13 -8
right_child=1 2 -4 4 -6 6 13 8 -10 -11 11 12 -14 -15
leaf_value=-0.011206598086793348 0.24521703157234767 0.004901109132772594 -0.51245307097055104 -0.160999696981944 -0.55232557336618471 -0.066504240605577886 -0.0049828321990865732 1.1623989195447668 -0.016732393919802923 0.052281479500964283 0.23735359714392448 -0.33566035234741931 -3.3306421567899829 0.24598017176239947
leaf_weight=2297 35 73 83 153 63 54 376 60 170 57 55 79 42 837
leaf_count=2297 35 73 83 153 63 54 376 60 170 57 55 79 42 837
internal_value=-9.0151e-05 -0.00639175 -0.010566 0.000197833 0.00207268 0.00281096 0.00393701 -0.000810713 0.00537931 0.0143333 -0.00153473 -0.00938547 -0.0170968 0.00463816
internal_weight=4434 191 156 4243 1483 1420 1267 2760 287 117 2473 176 121 1213
internal_count=4434 191 156 4243 1483 1420 1267 2760 287 117 2473 176 121 1213
is_linear=0
shrinkage=0.04


Tree=187
num_leaves=15
num_cat=2
split_feature=26 0 13 7 9 13 5 19 1 17 3 17 0 3
split_gain=4.03917 10.0521 10.4548 9.02137 8.02309 7.11186 6.12844 13.0823 9.79253 7.88113 7.30414 10.0896 8.32754 10.4139
threshold=1.03040095246991 0 26.931142241379312 37.710834892949528 14.750000000000002 5.8038461538461545 37.737280210000009 1567.9057518538777 -96.499999999999986 26.500000000000004 2.5000000000000004 29.500000000000004 1 14.500000000000002
decision_type=10 9 8 10 8 8 2 10 2 10 2 10 9 2
left_child=1 5 3 4 -3 -1 8 9 -2 -8 11 -10 -12 -14
right_child=6 2 -4 -5 -6 -7 7 -9 10 -11 12 -13 13 -15
leaf_value=0.0031582513120672218 -0.56771948982795795 0.002440181943232176 -0.31556870441613571 -0.33806130617100283 0.38161480490142241 -0.65128645567503518 0.15812157355696335 -0.4647259730913561 0.0057217319563866199 0.44839945869751135 -0.022667389039287996 -0.6096998983758084 0.097935967023914897 -0.031984983967136865
leaf_weight=78 258 255 57 67 140 154 323 51 39 114 738 38 1408 714
leaf_count=78 258 255 57 67 140 154 323 51 39 114 738 38 1408 714
internal_value=-0.000144242 -0.00281167 0.00037594 0.0024086 0.00472362 -0.00946939 0.000401519 0.00456212 -0.000237649 0.00681818 0.000421769 -0.0115 0.000754453 0.00202342
internal_weight=4434 751 519 462 395 232 3683 488 3195 437 2937 77 2860 2122
internal_count=4434 751 519 462 395 232 3683 488 3195 437 2937 77 2860 2122
cat_boundaries=0 2 4
cat_threshold=580387424 101 268690439 24
is_linear=0
shrinkage=0.04


Tree=188
num_leaves=15
num_cat=2
split_feature=1 2 23 10 0 20 16 19 25 0 15 16 18 5
split_gain=4.18184 8.94102 8.85003 14.5118 12.7365 8.02456 9.39867 10.1114 8.88436 7.45024 8.38698 7.1441 7.68933 9.86225
threshold=76.500000000000014 794.27329800000018 172.45454624400003 261.50000000000006 0 5.5000000000000009 0.20761494252873566 328.70097133642139 15.256229103232327 1 13.305624154502381 0.29061583577712619 2101.3608799282315 37.51257174500001
decision_type=2 2 10 10 9 2 10 10 10 9 10 8 10 2
left_child=9 2 4 -4 5 -2 -7 -8 -9 11 -11 12 -1 -14
right_child=1 -3 3 -5 -6 6 7 8 -10 10 -12 -13 13 -15
leaf_value=0.29701355626195464 -0.0089978035089336578 -0.52895315107285168 -0.42765649519172116 0.46106493760876932 0.0010630709355298506 0.87632884925254584 2.5303935862194873 -0.45238589505012244 0.53803695785713734 -0.014066503513241244 -0.201689426929796 -0.013801251541662419 0.023620934169813382 -0.29354518947391867
leaf_weight=251 113 63 185 37 768 111 35 56 152 1416 322 587 210 128
leaf_count=251 113 63 185 37 768 111 35 56 152 1416 322 587 210 128
internal_value=-1.80302e-05 0.00168089 0.00232877 -0.00497778 0.00365105 0.00875 0.0118768 0.00731707 0.00379147 -0.000905039 -0.00255854 0.00154752 0.00466216 0.000703812
internal_weight=4434 1520 1457 222 1235 467 354 243 208 2914 1738 1176 589 338
internal_count=4434 1520 1457 222 1235 467 354 243 208 2914 1738 1176 589 338
cat_boundaries=0 2 4
cat_threshold=1712981068 6 1218728381 76
is_linear=0
shrinkage=0.04


Tree=189
num_leaves=15
num_cat=1
split_feature=26 16 23 20 7 10 3 23 1 13 25 16 0 23
split_gain=4.97605 6.52883 5.68612 4.49686 12.7793 11.3034 7.86482 10.2304 9.96187 13.0759 10.2222 8.24048 7.60654 7.4824
threshold=3.8768636749268039 0.21244358478401035 53.471291213500002 8.5000000000000018 37.74879224290887 279.50000000000006 3.5000000000000004 148.62831258900005 21.500000000000004 25.349384615384619 24.802205517061079 0.41967741935483877 0 31.086881592000005
decision_type=10 10 8 2 10 10 2 10 2 10 10 10 9 10
left_child=3 -2 -3 12 5 6 13 8 -8 10 11 -10 -1 -5
right_child=1 2 -4 4 -6 -7 7 -9 9 -11 -12 -13 -14 -15
leaf_value=0.042524629925577491 0.13896895276695317 -0.10306258840854403 -0.37202245195776767 0.020078542843361902 1.2948764021286121 -0.21960839935015153 0.0084620478757713689 -0.36245020606556905 0.54932183008501967 -0.24523102160948476 1.7723945630461071 -0.33184927702980122 -0.021640412183086124 -0.54950223732537329
leaf_weight=605 67 123 60 37 76 144 302 52 145 36 67 44 2632 44
leaf_count=605 67 123 60 37 76 144 302 52 145 36 67 44 2632 44
internal_value=7.21208e-05 -0.00537549 -0.00924731 0.000401242 0.00282105 0.00141876 0.00345205 0.00493066 0.00643216 0.011661 0.0148263 0.00979167 -0.000308642 -0.00809524
internal_weight=4434 250 183 4184 947 871 727 646 594 292 256 189 3237 81
internal_count=4434 250 183 4184 947 871 727 646 594 292 256 189 3237 81
cat_boundaries=0 2
cat_threshold=3223356724 24
is_linear=0
shrinkage=0.04


Tree=190
num_leaves=15
num_cat=0
split_feature=20 10 3 3 8 5 11 7 15 24 8 3 18 15
split_gain=4.56905 9.33148 10.6426 11.1767 6.01342 5.57183 8.40428 7.50974 9.20281 8.89907 13.4518 9.84233 7.88766 8.11624
threshold=9.5000000000000018 273.50000000000006 20.500000000000004 15.500000000000002 55.684294296496624 37.533866470000014 16.309283000000004 37.539684979281141 8.3532624445434696 3834.0368359050722 55.72920400000001 6.5000000000000009 2236.637232913175 12.084714994879759
decision_type=2 10 2 2 10 2 10 10 10 10 10 2 10 10
left_child=5 2 3 4 -2 -1 7 8 -7 12 11 -11 13 -9
right_child=1 -3 -4 -5 -6 6 -8 9 -10 10 -12 -13 -14 -15
leaf_value=0.010443082033882263 -0.046950972345299678 -0.30308483828718635 -0.19576972645856572 1.3892714837948694 1.6600981406693489 -0.01933557307438187 -0.36907980093687781 0.028232553704810072 -1.6966674127093047 0.3908743826163788 3.8186858183594747 -0.021685778124538212 -0.48908647713384978 -0.22784893352466606
leaf_weight=2163 77 37 62 66 35 88 104 909 54 67 53 165 274 280
leaf_count=2163 77 37 62 66 35 88 104 909 54 67 53 165 274 280
internal_value=5.40906e-05 0.005 0.00790123 0.0128177 0.00486957 -0.000278846 -0.0018027 -0.00118331 -0.00993103 -0.000456882 0.00597222 0.00170213 -0.00171896 -0.000302013
internal_weight=4434 277 240 178 112 4157 1994 1890 142 1748 285 232 1463 1189
internal_count=4434 277 240 178 112 4157 1994 1890 142 1748 285 232 1463 1189
is_linear=0
shrinkage=0.04


Tree=191
num_leaves=15
num_cat=1
split_feature=19 3 12 10 19 9 11 15 8 17 6 8 2 0
split_gain=4.16064 8.0528 8.6132 8.81053 5.90512 9.5072 5.42191 4.92494 14.3537 7.10164 6.8877 6.71198 7.24893 8.20203
threshold=1962.5833392402187 6.5000000000000009 21.283333333333335 206.50000000000003 2266.92242161688 38.650000000000013 6.1203630000000011 15.160078849450715 55.968566791193389 50.500000000000007 55.553544570000007 55.533200111526718 665.53866950000008 0
decision_type=10 2 10 10 10 10 10 8 10 10 2 10 2 9
left_child=7 -2 6 4 -4 -6 -3 10 9 -9 -1 -12 -13 -14
right_child=1 2 3 -5 5 -7 -8 8 -10 -11 11 12 13 -15
leaf_value=1.2542092425824347 0.64176641341785368 -0.00051455667177282779 1.4138168147448118 -0.86539738785620213 -0.74128480081657477 0.45865505312473864 0.45042207218232422 -0.033045871604207376 0.10469168361526703 -1.0416753746608207 -1.3354604680778521 0.026047322443401983 0.012978765677188165 -0.12746924306014648
leaf_weight=80 64 44 40 71 35 36 55 275 59 97 63 2251 523 741
leaf_count=80 64 44 40 71 35 36 55 275 59 97 63 2251 523 741
internal_value=5.40906e-05 0.00425287 0.00126761 -0.00389189 0.00315789 -0.00378378 0.0105882 -0.00030303 -0.0043318 -0.00725333 0.000174816 -8.93605e-05 0.000147811 -0.00227309
internal_weight=4434 345 281 182 111 71 99 4089 431 372 3658 3578 3515 1264
internal_count=4434 345 281 182 111 71 99 4089 431 372 3658 3578 3515 1264
cat_boundaries=0 2
cat_threshold=1066443810 33
is_linear=0
shrinkage=0.04


Tree=192
num_leaves=15
num_cat=4
split_feature=23 0 3 0 0 13 10 12 0 3 13 14 9 23
split_gain=4.34743 11.0841 8.71816 13.2136 9.50262 8.3696 9.31554 9.20541 7.67397 9.45843 9.78421 8.68144 13.8883 9.99143
threshold=58.452861869500005 0 6.5000000000000009 1 2 9.0809615384615405 173.50000000000003 8.8535714285714295 3 14.500000000000002 15.386631944444446 17.292261904761911 6.1500000000000012 120.91653547100002
decision_type=10 9 2 9 9 10 10 10 9 2 8 8 10 10
left_child=1 -1 3 -3 5 6 -4 -7 -2 10 -10 12 13 -11
right_child=8 2 4 -5 -6 7 -8 -9 9 11 -12 -13 -14 -15
leaf_value=0.079298377258709987 0.026061358658881487 -0.45440252541528026 0.12491352983027913 -0.0051137998322153067 -0.042354857678443505 -0.54712940436526059 1.2610939283439975 0.050623388369446048 0.058853005850876841 0.045282316715606043 -0.080547293228256794 0.024201500974603513 -1.4656884243323327 -0.69624022459547119
leaf_weight=1036 739 106 64 229 496 91 44 479 487 65 278 100 83 137
leaf_count=1036 739 106 64 229 496 91 44 479 487 65 278 100 83 137
internal_value=3.60604e-05 0.0011146 -0.00107753 -0.00674556 0.000543755 0.003589 0.0136937 0.00167539 -0.00141649 -0.00343938 -0.000885417 -0.0085567 -0.0120833 -0.0062439
internal_weight=4434 2545 1509 335 1174 678 108 570 1889 1150 765 385 285 202
internal_count=4434 2545 1509 335 1174 678 108 570 1889 1150 765 385 285 202
cat_boundaries=0 2 4 6 8
cat_threshold=1656943916 26 2149056512 1 2419851264 101 1562444498 3
is_linear=0
shrinkage=0.04


Tree=193
num_leaves=15
num_cat=2
split_feature=6 10 26 0 8 22 11 24 10 3 8 23 6 0
split_gain=5.55512 11.1791 11.8014 21.6823 10.9665 16.1995 15.2841 15.0857 10.9383 12.4889 10.9358 9.57443 10.6621 9.55078
threshold=55.644023925000006 169.50000000000003 1.0843515637481884 0 55.616113262801377 186.5287087865 9.3285570000000018 3517.5609490120228 189.50000000000003 13.500000000000002 55.685454096347691 12811.416667579002 55.705094765000005 1
decision_type=2 10 10 9 10 2 10 8 10 2 8 8 2 9
left_child=1 4 -3 8 5 7 13 -1 -4 -10 -2 12 -12 -6
right_child=10 2 3 -5 6 -7 -8 -9 9 -11 11 -13 -14 -15
leaf_value=1.1604294464978933 -0.097985971147547063 0.75213979705688472 1.1194381042395878 0.87075947441583401 -0.56982889150375249 -1.6813439078591859 0.35075473862410717 -0.45201261105534629 -1.6575996776881561 0.063532275400957891 0.12066254331101206 0.36204230370086249 -0.016278795343802985 0.029460495805407307
leaf_weight=70 1007 213 35 182 136 51 208 141 116 86 408 59 1453 269
leaf_count=70 1007 213 35 182 136 51 208 141 116 86 408 59 1453 269
internal_value=-9.0151e-05 0.00188079 0.00592126 0.00199052 -0.00104784 -0.00784906 0.00188312 -0.00280374 -0.00592 -0.0097561 -0.0011058 0.000665627 0.000150215 -0.00264706
internal_weight=4434 1507 632 419 875 262 613 211 237 202 2927 1920 1861 405
internal_count=4434 1507 632 419 875 262 613 211 237 202 2927 1920 1861 405
cat_boundaries=0 1 2
cat_threshold=402751618 2281710080
is_linear=0
shrinkage=0.04


Tree=194
num_leaves=15
num_cat=1
split_feature=3 6 6 24 26 3 3 3 20 24 16 0 23 18
split_gain=3.83557 7.3451 5.8577 11.9309 20.9983 17.095 12.2865 17.04 12.4422 10.0412 9.23015 8.61856 10.6297 10.2806
threshold=2.5000000000000004 55.690941955000007 55.646745290000005 2942.9812445646526 1.0843515637481884 12.500000000000002 10.500000000000002 11.500000000000002 2.5000000000000004 5313.4800306041807 0.2312382739212008 0 172.45454624400003 2236.637232913175
decision_type=2 2 2 10 10 2 2 2 2 10 10 9 10 10
left_child=1 -1 3 6 -5 -6 -2 -8 -9 10 -7 13 -13 -4
right_child=2 -3 11 4 5 9 7 8 -10 -11 -12 12 -14 -15
leaf_value=-0.32643855493902474 0.51888528447886473 0.12716077163077785 -0.017149626053231941 0.31389600607035933 -1.053099725205199 0.90207076781545026 -2.7128326099947366 -0.74182020038792584 0.17068875690356719 -0.70453877324388037 -0.021158682900930332 0.015187758504612958 -0.14555006034303133 -0.5038122679886351
leaf_weight=76 311 35 278 296 204 77 58 55 379 46 133 1940 396 150
leaf_count=76 311 35 278 296 204 77 58 55 379 46 133 1940 396 150
internal_value=-0.000126211 -0.00736842 6.47249e-05 0.00202305 -0.00158103 -0.00691145 0.00540943 0.00145455 0.00421053 0 0.00375587 -0.00104084 -6.81141e-05 -0.0061678
internal_weight=4434 111 4323 1559 756 460 803 492 434 256 210 2764 2336 428
internal_count=4434 111 4323 1559 756 460 803 492 434 256 210 2764 2336 428
cat_boundaries=0 2
cat_threshold=2147488256 105
is_linear=0
shrinkage=0.04


Tree=195
num_leaves=15
num_cat=1
split_feature=5 14 0 23 5 7 13 5 7 3 24 6 3 5
split_gain=4.68744 5.09943 4.68995 6.83762 5.20986 7.13634 5.24242 8.3312 5.53916 5.55339 7.68223 8.25701 7.97388 7.28096
threshold=37.858991355000008 0.98499999999999999 0 inf 37.356637395000007 37.376489388900275 24.428174603174607 37.402185150000001 37.4034976522221 20.500000000000004 3642.0239687146573 55.706838720000007 2.5000000000000004 37.664377550000005
decision_type=2 10 9 8 2 10 10 2 10 2 10 2 2 2
left_child=2 -2 3 -1 -4 -6 8 -8 -7 10 12 -12 -10 -14
right_child=1 -3 4 -5 5 6 7 -9 9 -11 11 -13 13 -15
leaf_value=0.0095895910416761154 -0.0061968827527613263 0.77274519306580292 -0.20211542140047326 0.34695310121264344 0.8489926674431223 -0.41436678208785821 0.019534902134232084 -0.16250862179734679 -0.50000201281519652 -0.1165681976986047 0.041456853488965599 0.21845819186130533 0.10395125422766846 -0.056533521333342336
leaf_weight=2230 49 48 68 45 90 48 54 160 37 108 175 98 482 742
leaf_count=2230 49 48 68 45 90 48 54 160 37 108 175 98 482 742
internal_value=-0.000162272 0.0084 -0.000359447 0.000891608 -0.00173494 -0.00136204 -0.00188778 -0.00774194 -0.00113408 -0.000729483 -0.000104099 0.00594203 -0.00142405 -0.000847596
internal_weight=4434 97 4337 2275 2062 1994 1904 214 1690 1642 1534 273 1261 1224
internal_count=4434 97 4337 2275 2062 1994 1904 214 1690 1642 1534 273 1261 1224
cat_boundaries=0 2
cat_threshold=4175480232 106
is_linear=0
shrinkage=0.04


Tree=196
num_leaves=15
num_cat=1
split_feature=0 9 5 10 10 10 6 20 24 5 22 20 5 5
split_gain=4.08046 6.98334 11.051 10.2775 8.76506 8.59514 8.155 6.9536 7.73158 6.80127 6.78308 7.54049 11.0221 15.1096
threshold=0 1.7500000000000002 37.694099260000009 123.50000000000001 69.500000000000014 83.500000000000014 55.643019465000009 4.5000000000000009 2332.1584164340825 37.533866470000014 115.93281013400001 7.5000000000000009 37.412974280000007 37.416216135000006
decision_type=9 10 2 10 10 10 2 2 10 2 2 2 2 2
left_child=1 3 5 4 -1 -3 -5 -7 -9 -6 11 -2 -13 -14
right_child=10 2 -4 6 9 7 -8 8 -10 -11 -12 12 13 -15
leaf_value=-0.088480988415364878 -0.21778984479813854 0.099793204058561721 0.22418371673598059 0.56163121353153522 -0.48788859448913924 0.057950241064661574 -0.040788786878958948 -0.90202945078720909 -0.025299523314543961 -0.62281182957454773 0.075797487666503627 -0.5117402433122743 2.1493460849512434 0.015354909262395609
leaf_weight=286 632 240 272 88 35 36 235 91 554 41 798 71 68 987
leaf_count=286 632 240 272 88 35 36 235 91 554 41 798 71 68 987
internal_value=-0.000198332 -0.00160762 0.000234114 -0.00482558 -0.00942466 -0.00186147 0.000368098 -0.00415205 -0.00512346 -0.0212658 0.000840794 -0.000545145 0.00141718 0.00245747
internal_weight=4434 1878 1193 685 362 921 323 681 645 76 2556 1758 1126 1055
internal_count=4434 1878 1193 685 362 921 323 681 645 76 2556 1758 1126 1055
cat_boundaries=0 2
cat_threshold=18821719 21
is_linear=0
shrinkage=0.04


Tree=197
num_leaves=15
num_cat=0
split_feature=5 6 24 26 3 8 24 6 5 17 10 3 23 24
split_gain=4.49228 4.8436 11.3614 19.9462 17.246 13.0054 10.2762 10.1528 10.3504 15.199 12.1868 8.43146 8.40847 7.64294
threshold=37.858991355000008 55.646745290000005 2985.0235419619098 1.0874355643124334 12.500000000000002 55.613727644606968 5313.4800306041807 55.642452590000012 37.748820685000005 32.500000000000007 1.0000000180025095e-35 7.5000000000000009 93.481997468000017 3178.4419630030957
decision_type=2 2 10 10 2 10 10 2 2 10 10 2 10 10
left_child=1 2 5 -4 11 -1 13 8 9 10 -7 -5 -9 -6
right_child=-2 -3 3 4 6 7 -8 12 -10 -11 -12 -13 -14 -15
leaf_value=3.7333937463039808 0.28631247657903935 -0.012333374388222716 0.28421205455083509 -0.3007329074456368 -0.2305813355991595 -1.7450216731043089 -0.67735500232628743 0.55747078385317905 0.25209345729923466 -0.49213453758037673 0.29862839061164276 -2.3009457222536587 -0.0090222700044392933 0.46746589204092071
leaf_weight=73 97 2732 303 101 36 43 44 137 78 212 255 103 55 165
leaf_count=73 97 2732 303 101 36 43 44 137 78 212 255 103 55 165
internal_value=1.80302e-05 -0.000175115 0.00156716 -0.00201325 -0.00734513 0.00471963 -0.00016129 0.00316731 0.000541455 -0.00155945 0.00425249 -0.0158454 0.0110769 0.00372549
internal_weight=4434 4337 1605 752 449 853 245 780 588 510 298 204 192 201
internal_count=4434 4337 1605 752 449 853 245 780 588 510 298 204 192 201
is_linear=0
shrinkage=0.04


Tree=198
num_leaves=15
num_cat=2
split_feature=23 0 0 3 22 19 23 22 3 1 20 10 23 21
split_gain=3.69379 10.5847 7.20219 7.15219 14.382 9.00728 7.23479 6.67055 6.52221 6.00425 17.2026 9.47914 7.58187 5.85043
threshold=58.452861869500005 0 1 13.500000000000002 186.5287087865 1503.1705172948991 1348.6283125890002 418.02790747700004 12.500000000000002 98.500000000000014 4.5000000000000009 69.500000000000014 58.452861869500005 2.5000000000000004
decision_type=10 9 9 2 2 8 10 2 2 2 2 10 8 2
left_child=1 9 3 4 8 6 13 -6 -2 12 -11 -12 -1 -5
right_child=2 -3 -4 5 7 -7 -8 -9 -10 10 11 -13 -14 -15
leaf_value=0.0052030169585062036 -0.22919736963696494 -0.012786192408402642 0.0053970997875211427 -1.4209180847640521 1.2284889679081956 0.098776098692804015 0.01962157050228262 0.016496580375079475 0.29135734125121515 -0.78156211391152508 1.7053287792774432 0.6079832594143233 0.35306730424502958 -0.62448668624749359
leaf_weight=729 244 1469 1283 47 42 39 46 48 35 38 65 194 50 105
leaf_count=729 244 1469 1283 47 42 39 46 48 35 38 65 194 50 105
internal_value=-0.000162272 0.000832025 -0.00150106 -0.00504039 -0.0016129 -0.0105 -0.0139303 0.012043 -0.00609929 0.00382002 0.00866667 0.0123664 0.00199488 -0.0180645
internal_weight=4434 2545 1889 606 369 237 198 90 279 1076 297 259 779 152
internal_count=4434 2545 1889 606 369 237 198 90 279 1076 297 259 779 152
cat_boundaries=0 2 4
cat_threshold=3806385452 58 33715500 36
is_linear=0
shrinkage=0.04


Tree=199
num_leaves=15
num_cat=2
split_feature=16 0 12 26 25 1 0 15 13 10 23 10 1 23
split_gain=4.08286 11.9806 9.86134 9.50912 9.45687 8.48589 8.25334 9.69406 7.92981 7.70581 8.91284 7.64967 8.61351 7.25946
threshold=0.22557928214447981 0 13.929166666666667 1.8647811103793266 15.775404224691799 -156.49999999999997 1 12.028961235436244 17.528375286041193 241.50000000000003 32.586703546500011 270.50000000000006 55.500000000000007 53.471291213500002
decision_type=8 9 10 10 10 2 9 8 8 10 10 10 2 10
left_child=1 2 4 9 -1 -3 -2 -8 11 10 -4 -7 -13 -9
right_child=6 5 3 -5 -6 8 7 13 -10 -11 -12 12 -14 -15
leaf_value=-1.1628782816327385 0.031902240365069758 -1.7591828009481116 0.39382468494593026 0.6235633341730189 -0.047965553655708655 0.31921283054227018 -0.012907231057262615 -0.03219349567733483 0.015935946033655123 -0.99928815259986348 -0.089540839580407122 0.17943549422094354 -0.60006429807709705 -0.51810060329357444
leaf_weight=56 1169 39 59 54 61 395 1212 282 670 64 67 60 41 205
leaf_count=56 1169 39 59 54 61 395 1212 282 670 64 67 60 41 205
internal_value=-0.000162272 0.00147865 -0.00481283 -0.000323887 -0.0143333 0.00338259 -0.00105886 -0.0028271 0.00403764 -0.00455959 0.00124031 0.00785571 -0.00192308 -0.00759184
internal_weight=4434 1566 361 244 117 1205 2868 1699 1166 190 126 496 101 487
internal_count=4434 1566 361 244 117 1205 2868 1699 1166 190 126 496 101 487
cat_boundaries=0 2 4
cat_threshold=67895809 34 1285900033 42
is_linear=0
shrinkage=0.04


Tree=200
num_leaves=15
num_cat=0
split_feature=3 6 6 5 19 5 26 15 19 13 10 15 19 24
split_gain=4.72019 6.12909 4.43178 8.43308 14.8983 12.863 14.2534 12.8958 11.2358 9.99914 8.99897 12.0075 9.61562 9.54937
threshold=2.5000000000000004 55.643770265000008 55.644023925000006 37.709555890000011 6.3930878266237423 37.533866470000014 1.1073096507721731 12.298023976752434 1197.4100947133311 16.190178571428575 154.50000000000003 14.976727958476937 1688.5355593713098 3988.8931501228139
decision_type=2 2 2 2 10 2 10 10 10 10 10 10 10 10
left_child=1 -1 3 5 -5 7 -7 9 -9 -2 13 -12 -13 -10
right_child=2 -3 -4 4 -6 6 -8 8 10 -11 11 12 -14 -15
leaf_value=-0.50455746678106828 0.19829207037266541 -0.010953355539261338 -0.0070492132309306049 -0.082887400270087216 0.55950840212694142 0.50010859318724599 -0.39679632162847273 -1.0545119178504205 0.0078318255874911813 1.6669484787028057 2.4382716500162336 -1.6464739468015301 0.21551324277523976 -0.68821510686411624
leaf_weight=42 429 69 2859 110 252 52 147 84 81 48 55 46 93 67
leaf_count=42 429 69 2859 110 252 52 147 84 81 48 55 46 93 67
internal_value=-3.60604e-05 -0.00807018 0.000175682 0.00196319 0.00723288 0.000217195 -0.00891089 0.00225166 -0.0027972 0.00675 0.000463768 0.00609137 -0.00028169 -0.00688742
internal_weight=4434 111 4323 1464 362 1102 199 903 426 477 342 194 139 148
internal_count=4434 111 4323 1464 362 1102 199 903 426 477 342 194 139 148
is_linear=0
shrinkage=0.04


Tree=201
num_leaves=15
num_cat=0
split_feature=26 16 11 20 13 8 18 8 6 5 1 5 14 15
split_gain=3.68677 5.77725 5.18413 4.12605 10.4836 9.28005 10.6546 8.51638 7.32043 7.13291 11.9497 8.40525 12.7622 13.9314
threshold=3.8768636749268039 0.21244358478401035 4.075762000000001 7.5000000000000009 29.348509485094855 55.576096230814606 3966.6463108468056 55.613873045332909 55.803551360000007 37.405385265000007 20.500000000000004 37.452376350000009 10.717510944340214 8.4639546574126516
decision_type=10 10 10 2 8 8 10 8 2 2 2 2 10 10
left_child=3 -2 -3 5 9 6 -1 -7 -9 10 -5 12 13 -11
right_child=1 2 -4 4 -6 7 -8 8 -10 11 -12 -13 -14 -15
leaf_value=-2.8968603939003739 0.099576682875457442 0.11176415813594032 -0.30952100281910616 0.02209386012594618 -0.2269144106644545 2.5011800978930001 -0.090474692674897036 -0.019186383275425316 0.082415004968315608 0.51503019220801671 -0.95339856984307636 0.02331673604615787 1.1270267951619803 -1.3164656258597072
leaf_weight=40 67 44 139 40 91 65 56 1848 196 56 37 1508 207 40
leaf_count=40 67 44 139 40 91 65 56 1848 196 56 37 1508 207 40
internal_value=-5.40906e-05 -0.00474308 -0.0083871 0.000229281 0.00155399 -0.000960145 -0.0129293 -0.000397727 -0.000859795 0.00219989 -0.0095 0.00271224 0.00875817 -0.00323232
internal_weight=4434 250 183 4184 1979 2205 96 2109 2044 1888 77 1811 303 96
internal_count=4434 250 183 4184 1979 2205 96 2109 2044 1888 77 1811 303 96
is_linear=0
shrinkage=0.04


Tree=202
num_leaves=15
num_cat=0
split_feature=7 7 3 5 7 25 8 11 17 8 25 7 22 7
split_gain=3.61294 12.8596 15.8546 12.8041 10.6744 10.4517 18.3399 13.64 10.3921 14.1452 13.7104 9.62678 9.02211 8.97143
threshold=37.731438739734195 37.70744360366453 7.5000000000000009 37.732755915000006 37.687037000000011 19.613622259822364 55.730433038245302 13.114214000000002 27.500000000000004 55.651627497236525 10.381300353594781 37.694112493762582 179.08346452900003 37.816259500000008
decision_type=10 10 2 2 10 10 10 10 10 10 10 10 2 10
left_child=1 4 -3 -4 -1 6 7 -2 9 12 -11 -10 -6 -8
right_child=5 2 3 -5 8 -7 13 -9 11 10 -12 -13 -14 -15
leaf_value=-0.0065821658711993185 0.47063276322884745 0.15803276754611839 -1.2138466692347338 0.10564304237270818 0.011903752522623563 1.2128305566962172 0.13736099818957528 -0.076439869973426652 1.1020460419578422 -0.61080288727103238 0.15484164229953987 0.062054003211812869 1.1256107777490167 -0.44105530266572374
leaf_weight=3060 251 96 209 74 45 79 50 75 80 45 76 53 41 200
leaf_count=3060 251 96 209 74 45 79 50 75 80 45 76 53 41 200
internal_value=0 -0.000475939 -0.00743455 -0.0121678 0.000305613 0.00273556 0.000829016 0.00705167 0.00699708 0.00133333 -0.00741935 0.0155882 0.0134831 -0.00727273
internal_weight=4434 3779 379 283 3400 655 576 326 340 207 121 133 86 250
internal_count=4434 3779 379 283 3400 655 576 326 340 207 121 133 86 250
is_linear=0
shrinkage=0.04


Tree=203
num_leaves=15
num_cat=2
split_feature=5 10 0 14 13 0 18 10 15 2 5 25 18 7
split_gain=4.56986 4.41 3.64621 9.5823 19.3377 9.67429 9.22869 8.20811 6.82766 6.3075 5.94961 5.7969 5.77085 11.2238
threshold=37.858991355000008 151.50000000000003 0 10.543657505285413 8.8141369047619076 1 1200.7064069956539 179.50000000000003 8.7280860939613909 636.71854900000005 37.733575425000005 18.122331687668574 1050.1912880269649 37.429905000000005
decision_type=2 10 9 10 8 9 10 10 10 2 2 8 10 10
left_child=2 -2 3 4 9 6 7 -5 -7 -1 -10 -6 13 -4
right_child=1 -3 12 5 11 8 -8 -9 10 -11 -12 -13 -14 -15
leaf_value=0.31316477490170985 0.0051049088020381972 0.83290229220114953 -0.80739401807598943 1.4037438472666646 -0.82814993382802304 1.0238189086535292 1.9429035882454986 -0.15478604049765735 0.0038276772400232064 -0.03519893458497142 0.53421740102282766 -0.14945331595052011 -0.020499648076005749 0.064866131035613075
leaf_weight=152 50 47 36 51 65 59 36 37 858 364 41 40 2046 552
leaf_count=152 50 47 36 51 65 59 36 37 858 364 41 40 2046 552
internal_value=-5.40906e-05 0.0084 -0.000248848 0.00118881 -0.00275641 0.00346544 0.0134307 0.00703297 0.00197734 0.000462428 0.00110865 -0.0181481 -0.00117869 0.00230118
internal_weight=4434 97 4337 1703 621 1082 124 88 958 516 899 105 2634 588
internal_count=4434 97 4337 1703 621 1082 124 88 958 516 899 105 2634 588
cat_boundaries=0 2 3
cat_threshold=2027996440 66 1610612992
is_linear=0
shrinkage=0.04


Tree=204
num_leaves=15
num_cat=1
split_feature=3 6 23 1 2 8 8 1 26 0 7 1 18 3
split_gain=3.89306 6.90102 4.48031 3.99239 11.3869 7.50237 10.2331 16.8824 11.9907 11.4549 10.288 9.95722 9.21582 14.0883
threshold=2.5000000000000004 55.643770265000008 inf 76.500000000000014 794.27329800000018 55.969853500000006 55.730982000000004 14.500000000000002 1.1152106669884054 0 37.814740146483238 49.500000000000007 2165.6867341351231 10.500000000000002
decision_type=2 2 8 2 2 8 8 2 10 9 10 2 10 2
left_child=1 -1 3 5 -5 6 9 8 -8 -2 -10 -9 13 -11
right_child=2 -3 -4 4 -6 -7 7 11 10 12 -12 -13 -14 -15
leaf_value=-0.49499401472303189 0.30590379595321737 0.0066903567535737812 0.3005752694384497 0.047395035198694591 -0.57199643757960794 0.08020167732747116 -0.15180059870488813 -0.83293969603186657 0.083030345440757602 0.23626625643764498 -0.65809653361464349 -0.24539197535901913 -0.075483999408755831 -0.030204637596286974
leaf_weight=42 209 69 61 1445 62 92 103 99 166 497 64 63 717 745
leaf_count=42 209 69 61 1445 62 92 103 99 166 497 64 63 717 745
internal_value=-7.21208e-05 -0.00736842 0.000120203 -3.75147e-05 0.00161589 -0.000942712 -0.00133533 -0.00650602 -0.00130952 -0.000147398 0.00377682 -0.0169697 -0.00111562 0.000963855
internal_weight=4434 111 4323 4262 1507 2755 2663 495 333 2168 230 162 1959 1242
internal_count=4434 111 4323 4262 1507 2755 2663 495 333 2168 230 162 1959 1242
cat_boundaries=0 1
cat_threshold=1283457088
is_linear=0
shrinkage=0.04


Tree=205
num_leaves=15
num_cat=1
split_feature=7 7 26 2 24 15 14 24 6 7 0 3 19 6
split_gain=4.99756 10.785 14.4845 11.8304 9.47019 7.78382 15.9218 12.4741 7.5566 7.34007 9.63458 10.3777 8.41139 21.4153
threshold=37.731438739734195 37.70744360366453 1.1924140632027165 665.53866950000008 4021.0976802889932 13.452182436580168 12.367424242424244 3224.3949815719648 55.657609310000005 37.687037000000011 0 14.500000000000002 595.2267439470196 55.676956365000002
decision_type=10 10 10 2 10 10 10 10 2 10 9 2 10 2
left_child=1 9 8 -4 5 6 7 -2 -3 10 11 -1 13 -11
right_child=4 2 3 -5 -6 -7 -8 -9 -10 12 -12 -13 -14 -15
leaf_value=-0.040649162033727107 0.018789803709926067 -0.29793778379127878 0.1062066301038206 -0.95599070384649287 1.800203241533548 -0.56334712609284288 0.46405694717427298 -0.37452792179054173 -1.5159900727047804 0.67051395685025339 0.0046389808668476466 -1.7385527182108593 0.41401404394451669 -0.53397705420850861
leaf_weight=199 328 44 184 97 58 69 139 61 54 69 2803 58 200 71
leaf_count=199 328 44 184 97 58 69 139 61 54 69 2803 58 200 71
internal_value=0.000126211 -0.000433633 -0.00680628 -0.00211268 0.00334347 0.0018 0.00346516 -0.000714286 -0.019802 0.000282104 -0.000339536 -0.00755556 0.0058309 -0.00167832
internal_weight=4434 3779 379 281 655 597 528 389 98 3400 3060 257 340 140
internal_count=4434 3779 379 281 655 597 528 389 98 3400 3060 257 340 140
cat_boundaries=0 1
cat_threshold=1671178
is_linear=0
shrinkage=0.04


Tree=206
num_leaves=15
num_cat=0
split_feature=7 8 25 14 3 1 3 5 22 7 16 6 3 8
split_gain=4.28524 8.58501 16.7992 10.5035 8.10083 10.2459 8.58176 6.74501 6.84031 6.49466 13.6165 13.9719 15.2746 13.5569
threshold=37.743880356696529 55.730433038245302 19.746894550553385 0.50909090909090915 10.500000000000002 4.5000000000000009 13.500000000000002 37.766501465000012 119.08346452900001 37.707137462107291 0.52223320158102771 55.65948546500001 8.5000000000000018 55.655975119782077
decision_type=10 10 10 8 2 2 2 2 2 10 10 2 2 10
left_child=9 3 4 7 5 -3 -6 8 -2 -1 11 12 -11 -14
right_child=1 2 -4 -5 6 -7 -8 -9 -10 10 -12 -13 13 -15
leaf_value=0.0038777852123319436 0.03048439293384405 -0.15337549176244458 3.9793041019021054 1.4969560309649492 0.39045468780710824 -1.3765481015485597 -0.22341564808208167 0.27336292876959062 -0.32517014909955821 0.54045101177215371 -1.8288067759670492 -0.57197804590380263 0.14281459075988212 -1.9993854531087092
leaf_weight=3383 53 58 47 108 57 54 81 42 42 72 75 168 152 42
leaf_count=3383 53 58 47 108 57 54 81 42 42 72 75 168 152 42
internal_value=5.40906e-05 0.00337615 -0.0012 0.00887097 -0.00537549 -0.0132174 0.00113475 0.00142857 -0.0044898 -0.000410783 -0.00460937 -0.00183066 0.00386617 -0.00203046
internal_weight=4434 542 297 245 250 112 138 137 95 3892 509 434 266 194
internal_count=4434 542 297 245 250 112 138 137 95 3892 509 434 266 194
is_linear=0
shrinkage=0.04


Tree=207
num_leaves=15
num_cat=2
split_feature=20 1 1 10 22 0 13 23 0 22 13 15 18 16
split_gain=5.43399 7.03689 11.4128 4.20435 4.19858 19.7713 13.3981 12.713 11.8454 9.99297 8.77854 12.6301 9.26979 13.2705
threshold=9.5000000000000018 67.500000000000014 -1.4999999999999998 127.50000000000001 115.93281013400001 0 0.55773809523809537 153.04529662800002 1 245.53867002100003 22.176785714285717 15.332829885902905 1200.7064069956539 0.26352339181286555
decision_type=2 2 2 10 2 9 10 10 9 2 10 10 10 10
left_child=4 2 -2 -4 7 6 9 8 -1 -6 12 -12 13 -10
right_child=1 -3 3 -5 5 -7 -8 -9 10 -11 11 -13 -14 -15
leaf_value=-0.073604461197430887 0.40023810210432614 0.77092155990243783 -0.0092653354943237794 -0.16994060873337591 -0.060911399420073328 0.10292726684172465 -0.0029638904053874999 -0.46051898070511582 0.33806762252217581 -1.0629365500475216 -0.34498461651288298 0.06993896764409456 0.11151155841041835 -0.34398184963094436
leaf_weight=1431 104 74 55 44 64 895 312 181 89 93 108 119 719 146
leaf_count=1431 104 74 55 44 64 895 312 181 89 93 108 119 719 146
internal_value=-0.000108181 0.00528571 0.00135922 -0.00823529 -0.000471154 0.00134601 -0.00522822 -0.00135908 -0.000642447 -0.01475 0.00231156 -0.00469565 0.00401254 -0.00285714
internal_weight=4434 277 203 99 4157 1364 469 2793 2612 157 1181 227 954 235
internal_count=4434 277 203 99 4157 1364 469 2793 2612 157 1181 227 954 235
cat_boundaries=0 2 4
cat_threshold=1990671 6 2668205040 97
is_linear=0
shrinkage=0.04


Tree=208
num_leaves=15
num_cat=0
split_feature=5 14 18 10 3 15 14 22 18 3 8 1 7 18
split_gain=4.49228 5.09943 4.60688 12.6492 9.47477 9.09723 8.75756 8.7436 7.80425 11.8192 10.2723 9.92802 9.33424 9.30085
threshold=37.858991355000008 0.98499999999999999 4624.9935482237161 225.50000000000003 18.500000000000004 19.142270117554975 25.668115942028994 119.08346452900001 2445.5607186704883 3.5000000000000004 55.613873045332909 125.50000000000001 37.510428092734998 3180.6342164242465
decision_type=2 10 10 10 2 10 10 2 10 2 8 2 10 10
left_child=2 -2 8 5 -5 6 7 -4 10 12 -1 -11 -10 -13
right_child=1 -3 3 4 -6 -7 -8 -9 9 11 -12 13 -14 -15
leaf_value=1.94247066282096 -0.014879761251943081 0.57898508943866656 0.15770959259920336 0.00012679825590936389 -0.2503587554455583 0.1741827025224475 -0.21997445647710315 -0.070312512437613772 -1.5921011782866024 -0.11972609380963548 -0.0013697675314841608 0.54673389916765502 -0.077386835496143933 -0.043140715841842051
leaf_weight=106 49 48 257 113 54 94 45 62 39 665 2542 121 35 204
leaf_count=106 49 48 257 113 54 94 45 62 39 665 2542 121 35 204
internal_value=1.80302e-05 0.0084 -0.000175115 0.00299363 -0.00635294 0.00642082 0.00348774 0.00583851 -0.000710633 -0.00359888 0.000452659 -0.00241692 -0.0187013 0.00329268
internal_weight=4434 97 4337 625 167 458 364 319 3712 1064 2648 990 74 325
internal_count=4434 97 4337 625 167 458 364 319 3712 1064 2648 990 74 325
is_linear=0
shrinkage=0.04


Tree=209
num_leaves=15
num_cat=0
split_feature=18 10 10 23 11 3 18 8 9 9 3 3 26 18
split_gain=4.40183 10.5336 8.16025 8.90655 7.87879 7.00212 6.26933 12.7233 9.39754 10.3705 7.12175 10.9761 10.8306 7.45449
threshold=4624.9935482237161 225.50000000000003 42.500000000000007 113.47129121350001 11.118590000000003 18.500000000000004 3180.6342164242465 55.533200111526718 35.350000000000001 42.050000000000004 12.500000000000002 15.500000000000002 1.1073096507721731 4183.7414945521459
decision_type=10 10 10 8 10 2 10 8 10 10 2 2 10 10
left_child=6 2 3 -2 -4 -3 7 -1 10 -10 12 -12 13 -8
right_child=1 5 4 -5 -6 -7 8 -9 9 -11 11 -13 -14 -15
leaf_value=1.4070503862907529 0.034733088769942244 0.00012172632567285291 0.54855478698630122 -0.30081366762285833 -0.010562384576682984 -0.24034440522773601 -0.0090472943794752334 -0.002793239055028849 1.048389650761212 -0.11073350013078374 0.178982708528276 -0.24565727342363203 -1.3881813606390256 -0.60819584056146425
leaf_weight=50 205 113 153 36 64 54 130 3195 49 44 75 147 80 39
leaf_count=50 205 113 153 36 64 54 130 3195 49 44 75 147 80 39
internal_value=1.80302e-05 0.00312102 0.00624729 0.00114754 0.0118182 -0.00541176 -0.000493179 0.000184729 -0.0043739 0.00708333 -0.00666667 -0.00142222 -0.0112698 -0.00534884
internal_weight=4434 625 458 241 217 167 3809 3245 564 93 471 222 249 169
internal_count=4434 625 458 241 217 167 3809 3245 564 93 471 222 249 169
is_linear=0
shrinkage=0.04


Tree=210
num_leaves=15
num_cat=0
split_feature=20 5 9 15 5 1 1 1 14 26 26 5 8 11
split_gain=4.21477 8.21197 9.57988 10.5924 5.56859 7.92358 8.21151 6.42301 7.45986 6.40875 9.67049 12.0211 9.11535 7.72084
threshold=9.5000000000000018 37.720688285000008 30.050000000000004 9.6386013762383076 37.532417395000003 346.50000000000006 240.50000000000003 140.50000000000003 21.249615384615389 2.9127157611022576 1.6299291849695279 37.412271120000007 55.642883327811326 15.602232000000003
decision_type=2 2 10 8 2 2 2 2 10 10 10 2 10 10
left_child=4 2 3 -2 9 6 7 8 -6 10 13 -12 -13 -1
right_child=1 -3 -4 -5 5 -7 -8 -9 -10 -11 11 12 -14 -15
leaf_value=-0.0064957407602911138 0.17420362105001297 1.3781890408697797 0.56905371585404418 -0.13462545828635911 -0.024032773303812451 1.0175931819089754 -0.67917091274041652 0.27982343411090271 -0.3000835888148628 -0.34082893465282044 -0.15772102914685612 0.017865476741799426 1.3493074402114404 0.058784777286635191
leaf_weight=1486 74 46 40 117 1600 68 78 126 140 148 54 80 162 215
leaf_count=1486 74 46 40 117 1600 68 78 126 140 148 54 80 162 215
internal_value=-3.60604e-05 0.00471429 0.00153846 -0.00226804 -0.000355769 -0.001866 -0.00234206 -0.00179775 -0.00243259 0.00106145 0.00166 0.00829431 0.0120816 0.000492958
internal_weight=4434 277 231 191 4157 2012 1944 1866 1740 2145 1997 296 242 1701
internal_count=4434 277 231 191 4157 2012 1944 1866 1740 2145 1997 296 242 1701
is_linear=0
shrinkage=0.04


Tree=211
num_leaves=15
num_cat=1
split_feature=0 11 2 26 20 5 10 23 24 3 10 17 22 7
split_gain=3.21848 7.41179 10.305 6.98702 6.92236 7.99389 6.53791 8.16039 11.0263 8.04261 10.0743 7.65646 6.82929 7.82465
threshold=0 4.7453935000000014 775.93281000000013 4.2227014069320221 5.5000000000000009 37.686169235000001 229.50000000000003 1653.0716155205002 2678.7232907262301 13.500000000000002 202.50000000000003 50.500000000000007 57.02162602100001 37.451636599406143
decision_type=9 10 2 10 2 2 10 10 10 2 10 10 2 10
left_child=1 2 4 6 -1 -6 7 8 -3 11 12 -10 13 -11
right_child=-2 3 -4 -5 5 -7 -8 -9 9 10 -12 -13 -14 -15
leaf_value=-0.36780104862978535 -0.011696951189858903 0.52043944350219473 -0.39631925091582182 -0.21973393719107734 -0.019472200365884405 0.49616313231393494 -0.0073928538596546821 -0.094502451418481931 0.016066350158739341 0.35987008941996701 2.1848406271225098 -0.58360817730859393 0.22313797779809533 -0.49290764836083961
leaf_weight=91 2622 263 50 71 299 61 333 72 249 43 37 73 116 54
leaf_count=91 2622 263 50 71 299 61 333 72 249 43 37 73 116 54
internal_value=-0.000108181 0.00118356 -0.00293651 0.00277017 -0.000969163 0.0015427 0.00347546 0.00523077 0.00634845 0.0032 0.00853755 -0.000984615 0.005 -0.0028
internal_weight=4434 1812 501 1311 451 360 1240 907 835 572 250 322 213 97
internal_count=4434 1812 501 1311 451 360 1240 907 835 572 250 322 213 97
cat_boundaries=0 2
cat_threshold=1608810764 6
is_linear=0
shrinkage=0.04


Tree=212
num_leaves=15
num_cat=3
split_feature=20 7 1 24 0 3 0 0 11 1 15 10 1 19
split_gain=3.86164 8.93352 8.67307 8.916 8.42333 7.4128 16.019 14.2827 12.4088 8.23946 8.41688 8.41073 8.36548 7.97389
threshold=7.5000000000000009 37.348065000000013 399.50000000000006 2228.4560428856098 0 9.5000000000000018 1 2 15.602232000000003 240.50000000000003 11.723349680148822 201.50000000000003 1.0000000180025095e-35 61.497133953682571
decision_type=2 10 2 10 9 2 9 9 10 2 10 10 2 10
left_child=4 -2 3 -3 -1 6 13 -7 -8 10 -9 -11 -12 -6
right_child=1 2 -4 -5 5 7 8 9 -10 11 12 -13 -14 -15
leaf_value=0.030103847661985841 -0.35132723888190959 0.52832024763746543 2.2417429274697351 0.00061335109051121608 -0.35242346620166315 -0.54786899201368733 -0.27458974886629134 0.079661813413989868 0.15585765335332696 -0.73078208842040027 -0.90246536231449626 0.050086784245306437 0.033692813695019357 0.57330424198398489
leaf_weight=739 38 165 38 1897 56 367 257 372 61 42 84 42 105 171
leaf_count=739 38 165 38 1897 56 367 257 372 61 42 84 42 105 171
internal_value=-0.000288483 0.000934143 0.00129339 0.000929782 -0.00142671 -0.0030828 0.000656934 -0.00512315 -0.00507553 -0.00139818 0.00035461 -0.0128736 -0.00645833 0.0085
internal_weight=4434 2138 2100 2062 2296 1557 545 1012 318 645 561 84 189 227
internal_count=4434 2138 2100 2062 2296 1557 545 1012 318 645 561 84 189 227
cat_boundaries=0 2 4 5
cat_threshold=2212661040 2 1611165833 32 1880633353
is_linear=0
shrinkage=0.04


Tree=213
num_leaves=15
num_cat=2
split_feature=0 16 7 11 14 1 1 19 11 3 0 6 7 7
split_gain=3.50559 7.3037 9.95335 8.61342 9.50028 8.02388 11.1967 6.98458 6.62292 6.31011 8.07246 5.85694 6.87015 11.9725
threshold=0 0.3047162859248343 37.816827865471865 4.7453935000000014 12.758257713248641 -9.4999999999999982 -37.499999999999993 1738.5205111777113 9.1025600000000022 3.5000000000000004 1 55.646745290000005 37.707137462107291 37.727230000000013
decision_type=9 10 8 10 10 2 2 10 10 2 9 2 10 10
left_child=1 2 5 -3 -5 6 -1 -7 -4 10 -2 -11 -13 -14
right_child=9 3 8 4 -6 7 -8 -9 -10 11 -12 12 13 -15
leaf_value=0.044934193322367123 -0.37721302708078358 -0.33059913371995936 -0.95704740150242718 0.11688571140420877 -0.52229261371297331 0.18742832211055202 0.36155078509279948 -0.05098735090736984 0.28319770749380679 0.032087822124483981 0.0017026795740050016 -0.002358171120908139 -0.94249417577801609 0.017715777060645907
leaf_weight=41 114 114 51 299 53 231 36 99 42 1289 128 1547 198 192
leaf_count=41 114 114 51 299 53 231 36 99 42 1289 128 1547 198 192
internal_value=-7.21208e-05 0.0020429 0.00540755 -0.00153518 0.00157746 0.00809756 0.0195 0.00528529 -0.00625 -0.000666475 -0.00685714 -0.000198204 -0.00158763 -0.00631043
internal_weight=4434 966 500 466 352 407 77 330 93 3468 242 3226 1937 390
internal_count=4434 966 500 466 352 407 77 330 93 3468 242 3226 1937 390
cat_boundaries=0 2 4
cat_threshold=1314914564 4 2416984584 1
is_linear=0
shrinkage=0.04


Tree=214
num_leaves=15
num_cat=0
split_feature=5 24 17 3 5 8 14 5 26 3 3 15 12 13
split_gain=4.59186 8.7771 9.83338 14.3803 7.11287 8.94483 10.2514 7.85552 6.83515 11.9528 8.10238 6.77803 6.4097 5.99745
threshold=37.737280210000009 3863.4989201435096 29.500000000000004 5.5000000000000009 37.72213836000001 55.654265167876062 15.799122807017545 37.720420390000008 1.1280231059216546 8.5000000000000018 14.500000000000002 11.545725545607636 15.690000000000003 11.080402930402933
decision_type=2 10 10 2 2 10 10 2 10 2 2 10 10 10
left_child=4 2 3 -2 7 11 13 -1 10 -10 -5 -6 -11 -7
right_child=1 -3 -4 8 5 6 -8 -9 9 12 -12 -13 -14 -15
leaf_value=-0.0030212744842086181 0.54470371886378088 3.4859903851666081 0.30703063541187919 -0.041155840870653861 -0.11028572428888354 -2.4753351635188428 -1.4954885476279622 0.57060867106142621 -0.99959022942723808 0.15903336043903821 -0.9162263497603198 1.0140904653208864 -0.42231497083281755 0.1929511469524175
leaf_weight=3559 82 54 87 62 65 37 38 60 47 156 37 49 62 39
leaf_count=3559 82 54 87 62 65 37 38 60 47 156 37 49 62 39
internal_value=3.60604e-05 0.00332203 0.00171642 -0.000712695 -0.000467532 -0.00727273 -0.0150427 -3.31309e-05 -0.00414169 -0.000746269 -0.0129412 0.000683761 0.00325792 -0.00607595
internal_weight=4434 587 533 446 3847 228 114 3619 364 265 99 114 218 76
internal_count=4434 587 533 446 3847 228 114 3619 364 265 99 114 218 76
is_linear=0
shrinkage=0.04


Tree=215
num_leaves=15
num_cat=1
split_feature=20 5 9 1 1 0 10 19 7 12 26 10 17 1
split_gain=4.27895 8.21197 9.57988 9.07466 10.4249 4.09206 6.23295 10.0894 10.0157 8.21599 6.86491 12.5868 10.7135 6.30213
threshold=9.5000000000000018 37.720688285000008 30.050000000000004 67.500000000000014 -1.0000000180025095e-35 0 195.50000000000003 501.44442199678844 37.706547022160969 0.23500000000000004 2.0543688679481602 284.50000000000006 27.500000000000004 21.500000000000004
decision_type=2 2 10 2 2 9 10 10 10 10 10 10 10 2
left_child=5 2 3 4 -2 -1 -7 8 -8 -10 13 12 -12 -9
right_child=1 -3 -4 -5 -6 6 7 10 9 -11 11 -13 -14 -15
leaf_value=0.016798327287786491 0.11883480577778853 1.2299684695316675 0.54807817762730937 1.0873641187082239 -0.27803383746426052 -0.028936373554541071 0.41195530678222725 0.027737031849895361 -0.5748840281024431 0.81387314815661371 -0.17559481158494275 -0.24463104975199201 0.89501462426490608 -0.24716462290981689
leaf_weight=1544 68 46 40 54 69 1568 189 269 63 42 46 54 66 316
leaf_count=1544 68 46 40 54 69 1568 189 269 63 42 46 54 66 316
internal_value=-7.21208e-05 0.00471429 0.00153846 -0.00226804 -0.00771429 -0.000394231 -0.00135567 0.00103053 0.00727273 -0.00259259 -0.00143236 0.00568047 0.0132174 -0.00346939
internal_weight=4434 277 231 191 137 4157 2613 1045 294 105 751 166 112 585
internal_count=4434 277 231 191 137 4157 2613 1045 294 105 751 166 112 585
cat_boundaries=0 2
cat_threshold=1541424388 6
is_linear=0
shrinkage=0.04


Tree=216
num_leaves=15
num_cat=2
split_feature=20 5 9 15 11 0 11 3 3 11 11 8 3 0
split_gain=4.87356 7.8972 9.20276 9.86527 8.34826 4.55085 8.44334 5.56775 15.957 10.0461 9.61183 10.9207 9.03899 8.07355
threshold=9.5000000000000018 37.720688285000008 30.050000000000004 9.6386013762383076 5.7657680000000013 0 32.004846000000008 16.500000000000004 17.500000000000004 8.7657680000000031 13.943318000000001 55.650745996106906 19.500000000000004 1
decision_type=2 2 10 8 8 9 8 2 2 10 10 10 2 9
left_child=5 2 3 -2 -5 -1 7 9 -9 13 11 -10 -13 -7
right_child=1 -3 -4 4 -6 6 -8 8 10 -11 -12 12 -14 -15
leaf_value=0.015312459029239563 0.17861387257113065 1.1807697307504004 0.52615505052221712 0.0032479123151696698 -0.64642981300319291 -0.18131770482957557 -0.21815977799837996 -1.0526896432018864 -0.17691806701373025 0.049485177091138935 -0.48206693395003641 1.8546218004662183 0.030780165122044227 0.0041534469143687152
leaf_weight=1615 74 46 40 52 65 510 64 122 129 830 69 53 120 645
leaf_count=1615 74 46 40 52 65 510 64 122 129 830 69 53 120 645
internal_value=-0.000108181 0.005 0.00188034 -0.00185567 -0.009 -0.000451923 -0.00150294 -0.00112858 -0.00491935 -0.000181087 -0.000748663 0.00236066 0.00886364 -0.00259067
internal_weight=4434 277 231 191 117 4157 2542 2478 493 1985 371 302 173 1155
internal_count=4434 277 231 191 117 4157 2542 2478 493 1985 371 302 173 1155
cat_boundaries=0 2 4
cat_threshold=1541424420 6 2752094208 32
is_linear=0
shrinkage=0.04


Tree=217
num_leaves=15
num_cat=1
split_feature=3 8 25 20 3 3 8 8 17 11 0 25 18 10
split_gain=4.0484 12.2778 8.07077 5.35807 6.7012 9.21345 8.4748 4.44734 5.39789 4.33036 13.905 10.9236 8.16636 7.36611
threshold=2.5000000000000004 55.686522206758944 17.185095251825427 9.5000000000000018 19.500000000000004 15.500000000000002 55.664566875651865 55.969853500000006 15.500000000000002 2.7886000000000002 0 16.293469956915761 2870.7704398800593 275.50000000000006
decision_type=2 10 10 2 2 2 10 8 8 10 9 10 10 10
left_child=1 2 -1 7 5 -5 -6 9 -9 10 11 -2 13 -12
right_child=3 -3 -4 4 6 -7 -8 8 -10 -11 12 -13 -14 -15
leaf_value=-0.44984858829335805 -0.058519142691685178 0.27639441432913864 -0.0039474700996736797 0.068690560682155705 0.15305304934648234 1.5085175723292401 -0.35253793895582536 -0.01096017987703835 0.13712777036744275 0.0015074520161948613 -0.23218880310947435 1.836833231372043 -0.42197686836876652 0.4036403936900223
leaf_weight=40 70 35 36 103 53 48 54 43 58 3557 172 45 81 39
leaf_count=40 70 35 36 103 53 48 54 43 58 3557 172 45 81 39
internal_value=7.21208e-05 -0.00736842 -0.0162025 0.000268146 0.00582375 0.0111688 -0.00181818 -8.84956e-05 0.00807692 -0.000302496 -0.00419512 0.0071875 -0.00865574 -0.0046729
internal_weight=4434 111 76 4323 258 151 107 4065 101 3964 407 115 292 211
internal_count=4434 111 76 4323 258 151 107 4065 101 3964 407 115 292 211
cat_boundaries=0 2
cat_threshold=1074816000 33
is_linear=0
shrinkage=0.04


Tree=218
num_leaves=15
num_cat=1
split_feature=7 7 3 6 5 15 14 1 1 7 7 0 3 6
split_gain=3.7935 9.41391 15.3536 15.7167 10.8814 8.16902 9.61624 9.05872 10.6443 7.03772 6.27225 10.4419 9.44309 12.782
threshold=37.731438739734195 37.70744360366453 7.5000000000000009 55.65948546500001 37.732755915000006 14.743341681282603 12.367424242424244 -113.49999999999999 49.500000000000007 37.820389840946973 37.687037000000011 0 7.5000000000000009 55.676956365000002
decision_type=10 10 2 2 2 10 8 2 2 10 10 9 2 2
left_child=1 10 3 -3 -4 6 7 -2 -9 -8 11 -1 13 -12
right_child=5 2 4 -5 -6 -7 9 8 -10 -11 12 -13 -14 -15
leaf_value=-0.25433878536281412 0.98587422817628523 0.5439067018313376 -1.0252824487240071 -0.64308192519857954 0.088442175766898001 -0.43139342573741346 0.45069368460639114 -0.18998215506173693 0.13873022350679634 -0.38541593869516361 0.51078766499450212 0.0040553396366698278 0.44968836120626449 -0.27632405363277296
leaf_weight=257 52 54 209 42 74 48 134 223 152 46 40 2803 232 68
leaf_count=257 52 54 209 42 74 48 134 223 152 46 40 2803 232 68
internal_value=5.40906e-05 -0.000433633 -0.00638743 0.00727273 -0.011049 0.00285714 0.00413115 0.000837209 -0.00137566 0.0118033 0.000235087 -0.000339536 0.00536443 -0.00432432
internal_weight=4434 3779 379 96 283 655 607 427 375 180 3400 3060 340 108
internal_count=4434 3779 379 96 283 655 607 427 375 180 3400 3060 340 108
cat_boundaries=0 1
cat_threshold=1671178
is_linear=0
shrinkage=0.04


Tree=219
num_leaves=15
num_cat=0
split_feature=20 3 14 21 5 11 5 18 26 7 24 25 7 18
split_gain=4.53582 8.16519 10.2964 5.10981 4.05501 8.12419 7.46378 13.1013 7.62943 10.5446 11.7971 8.91808 8.58034 7.25801
threshold=9.5000000000000018 20.500000000000004 11.701250000000002 4.5000000000000009 37.532417395000003 16.309283000000004 37.623685515000012 3782.6303887733511 1.1307657693551134 37.677568122833087 2443.289387206722 0.20843521272968665 37.706661938007962 956.1590815772887
decision_type=2 2 10 2 2 10 2 10 10 10 10 10 10 10
left_child=4 2 -2 -4 -1 6 13 8 11 10 -10 -8 -13 -6
right_child=1 -3 3 -5 5 -7 7 -9 9 -11 -12 12 -14 -15
leaf_value=0.010153583366257095 0.55997796443989301 -0.12326299680488774 -0.045943045090950874 0.20250663903101548 0.24217829534733892 -0.34463332183342604 0.14486701653336298 0.32444101185586716 -2.6561252683883927 0.057684533495844764 -0.032497462534252293 0.0063883664603464757 -0.56268379131406054 -0.20949490920124272
leaf_weight=2145 68 72 69 68 39 105 37 158 35 999 137 93 169 240
leaf_count=2145 68 72 69 68 39 105 37 158 35 999 137 93 169 240
internal_value=7.21208e-05 0.005 0.00903846 0.00257143 -0.000259615 -0.00154839 -0.000942408 9.80993e-05 -0.00108622 0.000374787 -0.00868571 -0.00675497 -0.00935849 -0.00695035
internal_weight=4434 277 205 137 4157 2012 1907 1628 1470 1171 172 299 262 279
internal_count=4434 277 205 137 4157 2012 1907 1628 1470 1171 172 299 262 279
is_linear=0
shrinkage=0.04


Tree=220
num_leaves=15
num_cat=0
split_feature=2 15 17 17 17 26 15 8 7 12 1 6 8 8
split_gain=3.35445 8.5253 7.66757 7.16913 10.6432 5.34432 6.26547 9.01569 7.0484 6.30446 9.23748 5.85645 6.92712 8.06572
threshold=666.52870850000011 18.180117739194255 13.500000000000002 68.500000000000014 59.500000000000007 5.2912070198540215 14.529982179366721 55.572665257799649 37.539684979281141 25.507142857142863 1.0000000180025095e-35 55.545383390000005 55.533200111526718 55.614236166017264
decision_type=2 8 10 10 10 10 10 10 10 10 2 2 10 10
left_child=2 3 -1 4 -2 6 11 -8 -9 10 -10 -4 -13 -14
right_child=1 -3 5 -5 -6 -7 7 8 9 -11 -12 12 13 -15
leaf_value=-0.10017081262727477 -0.033777447957689048 0.027142426025677069 1.9479480722495215 0.19793354826567475 -0.92568016503721762 -0.14689649163357815 -0.70059260967933068 0.060897124725831607 -1.4695019580680433 -0.86239327227440477 0.53909753897250456 -1.0774544585096189 1.6407253367580996 0.024688614872504788
leaf_weight=58 1316 164 43 70 49 89 100 215 36 39 37 41 88 2089
leaf_count=58 1316 164 43 70 49 89 100 215 36 39 37 41 88 2089
internal_value=9.0151e-05 -0.00137328 0.000916138 -0.00236439 -0.0030117 0.00122302 0.00154589 -0.00288372 0.000363636 -0.00765217 -0.000526316 0.00238516 0.00208915 0.00240367
internal_weight=4434 1599 2835 1435 1365 2777 2688 427 327 112 73 2261 2218 2177
internal_count=4434 1599 2835 1435 1365 2777 2688 427 327 112 73 2261 2218 2177
is_linear=0
shrinkage=0.04


Tree=221
num_leaves=15
num_cat=1
split_feature=0 3 17 23 3 25 15 11 11 6 13 2 6 12
split_gain=3.3014 7.11656 7.79707 6.45546 8.30423 18.8352 7.15801 6.95756 6.74404 8.25859 7.13111 6.58271 11.024 7.82947
threshold=0 3.5000000000000004 30.500000000000004 4226.4272594590011 16.500000000000004 15.497220382494056 7.9028806868086789 3.2718600000000002 7.2718600000000011 55.637256620000009 2.045128205128206 687.41329600000006 55.685316305000008 12.908333333333335
decision_type=9 2 10 8 2 10 10 10 10 2 10 2 2 8
left_child=1 2 -1 4 6 -6 8 -7 -3 -10 -11 -8 13 -13
right_child=-2 3 -4 -5 5 7 11 -9 9 10 -12 12 -14 -15
leaf_value=-0.016944144394436478 0.011951253166910978 -0.0037807792083356163 -0.85532724736881227 0.27014877900619494 -0.74731464049251206 -0.075217718273699469 0.0093527021339125938 0.14065308727845377 0.74235981648128146 -0.035832999714916269 0.85030477751730138 -0.55683803253275199 -0.7947322791236815 0.17243584022657152
leaf_weight=79 2774 124 46 35 133 47 630 165 48 65 39 86 67 96
leaf_count=79 2774 124 46 35 133 47 630 165 48 65 39 86 67 96
internal_value=0.000162272 -0.00124328 -0.0103125 -0.000494148 -0.000904857 -0.00632184 0.000725389 0.00111628 0.00630824 0.011871 0.00523364 -0.00104308 -0.00650794 -0.0012973
internal_weight=4434 1660 125 1535 1500 345 1155 212 276 152 104 879 249 182
internal_count=4434 1660 125 1535 1500 345 1155 212 276 152 104 879 249 182
cat_boundaries=0 2
cat_threshold=2417824369 1
is_linear=0
shrinkage=0.04


Tree=222
num_leaves=15
num_cat=2
split_feature=23 0 3 18 11 1 1 11 13 3 15 3 14 0
split_gain=3.48598 6.77248 8.84728 9.48962 7.52165 7.42473 7.61249 7.53376 7.27515 7.32634 13.289 6.61168 10.3569 6.60703
threshold=56.011518896500007 0 20.500000000000004 547.90243311266408 7.0054830000000008 87.500000000000014 74.500000000000014 11.118590000000003 28.192886178861794 6.5000000000000009 13.519146047482812 4.5000000000000009 10.203205128205131 1
decision_type=10 9 2 10 10 2 2 10 8 2 10 2 8 9
left_child=1 2 3 -1 -4 6 11 -7 9 10 -3 -5 -13 -11
right_child=-2 8 4 5 -6 7 -8 -9 -10 13 -12 12 -14 -15
leaf_value=-0.16485013014091146 -0.015651117088042669 -0.22851033338754248 0.0064867122323482755 0.60996318741720768 -0.34887758873928648 1.2828405458980279 -0.48570118939386875 0.0014462174743525224 -0.15852084073510042 0.093900046416879102 0.15184835311929307 -0.38020773058919732 0.10408862821161349 -0.0079172157666604175
leaf_weight=86 1899 264 46 67 42 190 37 67 90 512 73 94 313 654
leaf_count=86 1899 264 46 67 42 190 37 67 90 512 73 94 313 654
internal_value=0.000306513 0.0012766 0.00393717 0.00522754 -0.00791209 0.00664073 0.00381323 0.0121538 -0.000323786 0.000345286 -0.00482353 0.00519916 0.00321951 0.00184773
internal_weight=4434 2535 942 854 88 768 511 257 1593 1503 337 474 407 1166
internal_count=4434 2535 942 854 88 768 511 257 1593 1503 337 474 407 1166
cat_boundaries=0 2 4
cat_threshold=1656894764 44 20725761 3
is_linear=0
shrinkage=0.04


Tree=223
num_leaves=15
num_cat=1
split_feature=15 12 9 3 3 8 23 18 3 24 20 0 7 1
split_gain=4.36533 3.7384 6.41779 4.44075 4.09564 7.67616 4.81902 4.47224 8.84127 5.07989 6.33947 5.5549 5.8931 5.90518
threshold=31.408404849564402 34.150000000000013 34.250000000000007 11.500000000000002 2.5000000000000004 55.685310854836708 inf 5927.6571901265579 20.500000000000004 6052.6303405212029 9.5000000000000018 0 37.744691906188322 -69.499999999999986
decision_type=10 10 10 2 2 10 8 8 2 10 2 9 10 2
left_child=1 4 -3 -4 5 -1 7 9 -9 10 11 12 13 -6
right_child=-2 2 3 -5 6 -7 -8 8 -10 -11 -12 -13 -14 -15
leaf_value=-0.3280522812075749 0.029022865673867315 -0.70937337393407573 -0.28330855489832263 0.029760149118981706 -0.68116721828633442 0.12695135173076108 0.25090174396399351 0.33430422308734176 -0.0076005271359940018 -0.11950467261586938 0.18290880408645413 -0.018735204306377966 2.1301149545709972 0.0342490771691044
leaf_weight=69 70 38 72 76 135 35 60 101 102 69 180 2128 57 1242
leaf_count=69 70 38 72 76 135 35 60 101 102 69 180 2128 57 1242
internal_value=0.000162272 0 -0.00550265 -0.0015894 0.000248744 -0.00747664 0.000451312 0.000278815 0.00601942 -3.1463e-05 0.000170895 -0.000201964 0.00171389 0.00118841
internal_weight=4434 4364 186 148 4178 104 4074 4014 203 3811 3742 3562 1434 1377
internal_count=4434 4364 186 148 4178 104 4074 4014 203 3811 3742 3562 1434 1377
cat_boundaries=0 2
cat_threshold=1235510402 7
is_linear=0
shrinkage=0.04


Tree=224
num_leaves=15
num_cat=1
split_feature=14 12 2 1 23 13 5 0 11 9 14 25 3 5
split_gain=4.54371 4.39648 4.31688 4.65623 5.37141 5.48098 4.53002 4.93859 7.14995 6.01423 10.2116 6.33085 8.89621 6.21813
threshold=65.103576864535782 46.887500000000003 609.24851850000016 193.50000000000003 174.46132997900003 21.444505494505503 37.863127225000007 0 16.309283000000004 5.0500000000000007 18.678409090909096 14.486057569883991 9.5000000000000018 37.761282995000009
decision_type=10 10 2 2 10 8 2 9 10 10 10 10 2 2
left_child=1 2 3 4 5 -1 7 8 9 11 -11 13 -13 -4
right_child=-2 -3 6 -5 -6 -7 -8 -9 -10 10 -12 12 -14 -15
leaf_value=0.24858059376970623 0.020806987613366915 -0.13191642190735503 -0.77592432430077107 1.4122064862492676 -0.35041700376788615 -0.24023535164252197 0.5560806744744593 0.00077483040923141287 -1.0776758719977835 0.13564552738196056 -0.41691723474493758 -0.43462235617090733 0.37021203016400689 0.0097531685860566594
leaf_weight=219 95 35 118 45 46 35 37 3225 52 292 73 52 65 45
leaf_count=219 95 35 118 45 46 35 37 3225 52 292 73 52 65 45
internal_value=5.40906e-05 -0.000138185 -1.85744e-05 0.00425287 0.00237624 0.00466926 -0.000393741 -0.000529936 -0.0035493 -0.00240741 0.000978261 -0.00678445 0.000333333 -0.0118072
internal_weight=4434 4339 4304 345 300 254 3959 3922 697 645 365 280 117 163
internal_count=4434 4339 4304 345 300 254 3959 3922 697 645 365 280 117 163
cat_boundaries=0 1
cat_threshold=1109082176
is_linear=0
shrinkage=0.04


Tree=225
num_leaves=15
num_cat=1
split_feature=14 15 0 3 3 25 3 25 18 19 16 17 20 10
split_gain=4.4862 4.17324 10.4348 9.45223 9.32937 18.414 10.8143 8.29246 7.97216 7.49627 10.4633 7.42218 6.42209 13.1127
threshold=65.103576864535782 11.5871585743014 0 5.5000000000000009 12.500000000000002 13.213642900059362 16.500000000000004 20.309384192997168 2151.8400730733524 1916.8765188449777 0.13079116179615113 64.500000000000014 3.5000000000000004 46.500000000000007
decision_type=10 10 9 2 2 10 2 10 10 10 10 10 2 10
left_child=1 12 9 -4 5 -5 7 -6 -8 -3 -11 -10 13 -1
right_child=-2 2 3 4 6 -7 8 -9 11 10 -12 -13 -14 -15
leaf_value=-0.6538694252938323 0.019974708108832145 -0.1564729400144256 0.42840332569811418 0.43028850503272964 0.076894502783195123 -0.42950106197742716 0.34351166675719497 1.9687996484469696 -0.31428183037371932 -0.2100861435132883 0.39312294946753257 0.18327081522871971 0.019994347300604502 0.0023545566895262484
leaf_weight=87 95 625 147 82 109 288 67 57 133 41 77 45 2332 249
leaf_count=87 95 625 147 82 109 288 67 57 133 41 77 45 2332 249
internal_value=0.000108181 -8.29111e-05 -0.00164875 0.00119022 -0.000561224 -0.00514745 0.00357488 0.0113609 -0.00177419 -0.00513228 0.00396694 -0.00618785 0.00089854 -0.00424779
internal_weight=4434 4339 1671 928 781 370 411 166 245 743 118 178 2668 336
internal_count=4434 4339 1671 928 781 370 411 166 245 743 118 178 2668 336
cat_boundaries=0 2
cat_threshold=2500567144 35
is_linear=0
shrinkage=0.04


Tree=226
num_leaves=15
num_cat=0
split_feature=13 17 23 22 3 8 10 8 6 17 23 3 10 13
split_gain=3.7848 5.06468 3.94788 6.67992 9.02885 7.20813 16.7718 13.1426 9.61634 7.72226 6.4836 7.99455 9.7703 5.90325
threshold=69.091776315789488 15.500000000000002 58.452861869500005 115.93281013400001 4.5000000000000009 55.616113262801377 131.50000000000003 55.671170690112604 55.685316305000008 34.500000000000007 153.04529662800002 18.500000000000004 202.50000000000003 14.066025641025641
decision_type=10 10 10 2 2 8 10 10 2 10 10 2 10 8
left_child=2 -2 -1 10 -5 6 -6 9 -9 -7 11 13 -13 -4
right_child=1 -3 3 4 5 7 -8 8 -10 -11 -12 12 -14 -15
leaf_value=0.0085002334560716972 -0.0034455168258828196 0.093122249734117035 0.0010874377855931527 0.68355644578935493 -1.9292159327153413 0.50354587272870821 0.60733757659740972 -0.90223703669750455 -0.0004195528410377985 -0.35277735909692071 -0.38116502692729315 0.33201709333962615 -0.49154761528163365 -0.17679237528335492
leaf_weight=2507 44 47 378 64 46 172 37 51 316 46 193 82 35 416
leaf_count=2507 44 47 378 64 46 172 37 51 316 46 193 82 35 416
internal_value=0.000144242 0.00808511 -2.76116e-05 -0.00143556 0.00152381 0.000119225 -0.0106977 0.00170068 -0.00291892 0.00941176 -0.00339657 -0.00196937 0.00766667 -0.0034128
internal_weight=4434 91 4343 1836 732 668 83 585 367 218 1104 911 117 794
internal_count=4434 91 4343 1836 732 668 83 585 367 218 1104 911 117 794
is_linear=0
shrinkage=0.04


Tree=227
num_leaves=15
num_cat=2
split_feature=14 1 17 20 6 1 11 1 2 0 0 9 26 11
split_gain=4.87596 3.89191 3.61813 3.52338 6.30785 5.85068 5.53396 4.80665 3.55519 14.2481 9.26968 7.85265 7.81752 7.04851
threshold=36.380136986301373 8.5000000000000018 15.500000000000002 9.5000000000000018 55.713870240000013 -1.0000000180025095e-35 3.8332025000000005 81.500000000000014 666.52870850000011 0 1 42.70000000000001 5.2912070198540215 4.9433180000000005
decision_type=10 2 10 2 2 2 10 2 2 9 9 10 10 10
left_child=3 2 -2 8 5 -5 -7 -8 10 -10 -1 12 -12 -11
right_child=1 -3 -4 4 -6 6 7 -9 9 13 11 -13 -14 -15
leaf_value=0.12616960990605264 0.0034157164796005191 -0.097510922067460759 0.12409249636444555 0.16189759773224055 2.1954781295810792 0.03215732551179791 -0.27405492945887971 0.13047218068585381 -0.169211094070086 -0.059863920399236895 -0.0013401540637175292 -0.62058248165637109 -0.3495614104150136 0.048255351762654816
leaf_weight=828 39 35 49 94 45 35 65 37 605 236 1650 57 56 603
leaf_count=828 39 35 49 94 45 35 65 37 605 236 1650 57 56 603
internal_value=0.000180302 0.00793651 0.0123077 -4.63607e-05 0.00430108 0.00153846 -0.00371429 -0.00838095 -0.000346706 -0.00193504 0.000539707 -0.0011036 -0.000608543 0.0014554
internal_weight=4434 123 88 4311 276 231 137 102 4035 1444 2591 1763 1706 839
internal_count=4434 123 88 4311 276 231 137 102 4035 1444 2591 1763 1706 839
cat_boundaries=0 2 4
cat_threshold=3226234944 102 1212445764 66
is_linear=0
shrinkage=0.04


Tree=228
num_leaves=15
num_cat=1
split_feature=15 12 26 0 26 3 17 13 19 10 11 9 3 26
split_gain=4.41415 3.60179 5.81379 6.39325 8.49416 5.73836 6.41568 5.477 4.92067 8.09084 8.04562 5.71285 5.47309 5.00489
threshold=31.408404849564402 25.898214285714289 1.012140825248504 0 1.0252056377132848 11.500000000000002 22.500000000000004 21.60465838509317 1519.6602895087672 19.500000000000004 11.118590000000003 11.050000000000002 17.500000000000004 5.2912070198540215
decision_type=10 10 10 9 10 2 10 10 10 10 10 10 2 10
left_child=1 8 -3 -4 -5 7 -7 -6 13 -10 11 12 -11 -1
right_child=-2 2 3 4 5 6 -8 -9 9 10 -12 -13 -14 -15
leaf_value=0.0025273736255975914 0.026522041587937032 0.38843995745080295 0.12650149598557364 -1.0435690968875657 0.029790567246430869 0.32871364083688442 -0.1121016541744298 -0.50656985615438443 0.34493700064021199 -0.63639250916499235 0.12904708492502551 0.093887918664304376 0.0112543198323661 -0.13846864261178837
leaf_weight=3300 70 46 103 40 43 45 110 93 46 82 99 201 35 121
leaf_count=3300 70 46 103 40 43 45 110 93 46 82 99 201 35 121
internal_value=0.000108181 -5.49576e-05 -0.00331263 -0.00475973 -0.00732558 -0.00503401 0.000253165 -0.0109353 0.000349884 0.00420601 0.00238095 -0.000747664 -0.00766667 -0.000175234
internal_weight=4434 4364 480 434 331 291 155 136 3884 463 417 318 117 3421
internal_count=4434 4364 480 434 331 291 155 136 3884 463 417 318 117 3421
cat_boundaries=0 2
cat_threshold=136315008 4
is_linear=0
shrinkage=0.04


Tree=229
num_leaves=15
num_cat=1
split_feature=19 1 5 5 8 15 8 22 13 7 2 0 26 23
split_gain=5.47457 8.0746 6.29564 6.97571 10.6214 5.43599 11.8349 8.95219 7.91485 4.94311 4.90149 10.5217 7.89896 6.31273
threshold=1962.5833392402187 218.50000000000003 37.621718180000009 37.363783455000011 55.593519000000008 15.160078849450715 55.969853500000006 277.75507242650008 15.332291666666668 37.411179744268424 666.52870850000011 0 5.2912070198540215 56.011518896500007
decision_type=10 2 2 2 10 8 10 2 8 8 2 9 10 10
left_child=5 2 3 -2 -5 10 7 8 -7 -10 12 -12 13 -1
right_child=1 -3 -4 4 -6 6 -8 -9 9 -11 11 -13 -14 -15
leaf_value=0.064601725356864495 -0.097859743461141374 -0.56741027052473603 -0.043606518449198592 0.046982370881825233 0.55106467305916629 0.033322036099486571 0.069413731488724192 0.16868981616522824 -0.013590947545647545 -0.36531262650705626 -0.16641141346353208 0.013502598138051302 -0.13011371288889001 -0.018135478637910724
leaf_weight=1362 35 36 92 71 111 60 56 39 51 225 555 738 76 927
leaf_count=1362 35 36 92 71 111 60 56 39 51 225 555 738 76 927
internal_value=0.000126211 0.00494253 0.00705128 0.0107273 0.0138378 -0.00028348 -0.00451613 -0.00708995 -0.00920354 -0.012043 0.00021852 -0.00175926 0.00130068 0.00172775
internal_weight=4434 345 309 217 182 4089 431 375 336 276 3658 1293 2365 2289
internal_count=4434 345 309 217 182 4089 431 375 336 276 3658 1293 2365 2289
cat_boundaries=0 2
cat_threshold=3224256966 70
is_linear=0
shrinkage=0.04


Tree=230
num_leaves=15
num_cat=1
split_feature=23 13 25 1 26 0 11 11 3 24 11 13 10 1
split_gain=2.98355 6.49085 11.8805 11.1382 11.3235 9.54461 10.3582 8.90845 8.42822 7.27671 8.31817 6.96874 6.65207 6.23937
threshold=64.067189866000021 15.386631944444446 27.879905704863123 133.50000000000003 1.2022260978757144 0 3.8864580000000006 4.0054830000000008 5.5000000000000009 2468.8261464300663 10.765768000000003 18.604166666666668 225.50000000000003 424.00000000000006
decision_type=10 8 10 2 10 9 10 10 2 10 10 8 10 2
left_child=13 3 8 5 -5 6 -2 -7 -3 10 -8 -10 -4 -1
right_child=1 2 12 4 -6 7 9 -9 11 -11 -12 -13 -14 -15
leaf_value=0.0062912270889995004 0.75270112405994838 0.6967614682036134 0.19185237953071269 0.026941274574259069 -0.6647980705920512 -0.29058557753147457 -0.3885936174404313 0.01947511561023987 -0.72750813838397121 0.23538598149724321 0.3232545615547136 -0.29226739589342343 -0.16484983959029154 2.1049738404385381
leaf_weight=2904 62 48 68 107 132 79 103 375 96 111 74 197 39 39
leaf_count=2904 62 48 68 107 132 79 103 375 96 111 74 197 39 39
internal_value=0.000144242 -0.00131191 -0.00532151 0.00042065 -0.00710744 0.00267658 0.00749311 -0.00119914 -0.00895349 0.00439863 -0.000666667 -0.0114865 0.00618182 0.000882553
internal_weight=4434 1491 448 1043 239 804 350 454 341 288 177 293 107 2943
internal_count=4434 1491 448 1043 239 804 350 454 341 288 177 293 107 2943
cat_boundaries=0 2
cat_threshold=672694977 99
is_linear=0
shrinkage=0.04


Tree=231
num_leaves=15
num_cat=2
split_feature=3 23 24 16 0 0 18 1 15 10 16 23 15 1
split_gain=3.44616 5.36553 4.39613 3.90416 11.7529 11.7102 9.82252 6.84767 6.6127 10.516 12.5075 8.35887 6.81039 7.01555
threshold=2.5000000000000004 inf 2903.3753870762271 0.22557928214447981 0 1 963.96767829885744 -125.49999999999999 11.503061137307084 276.50000000000006 0.3406673114119923 853.68499447300007 10.479071550042567 -31.499999999999996
decision_type=2 8 10 10 9 9 10 2 10 10 10 10 10 2
left_child=2 3 -1 5 -5 6 -2 -7 9 12 -11 -12 -6 -14
right_child=1 -3 -4 4 8 7 -8 -9 -10 10 11 -13 13 -15
leaf_value=-0.17142021663854232 0.15768647843165554 0.24633519987124858 0.0013420346406132922 0.022896577095690988 -0.069481225567173302 -0.45332902624392035 -0.11095249878576426 0.087355480211544143 -0.19490807944120206 -0.18228225012199517 1.0266506433402875 0.020832164209668349 0.25401965168308155 -0.0085033718213605881
leaf_weight=50 61 61 61 1287 714 55 489 937 454 45 68 41 35 76
leaf_count=50 61 61 61 1287 714 55 489 937 454 45 68 41 35 76
internal_value=0.000198332 0.000379103 -0.00666667 0.000206331 -0.000705105 0.0018123 -0.00284192 0.00437811 -0.00318119 -0.0013442 0.00815287 0.0153571 -0.0031401 0.00596491
internal_weight=4434 4323 111 4262 2720 1542 550 992 1433 979 154 109 825 111
internal_count=4434 4323 111 4262 2720 1542 550 992 1433 979 154 109 825 111
cat_boundaries=0 2 4
cat_threshold=1303134981 35 80495105 35
is_linear=0
shrinkage=0.04


Tree=232
num_leaves=15
num_cat=1
split_feature=0 12 17 22 19 11 23 10 26 22 11 25 12 9
split_gain=4.04043 6.97212 5.40868 4.5245 7.55119 8.0582 6.94322 6.60231 5.26411 7.93624 4.83008 11.3147 7.37831 6.97799
threshold=0 101.81250000000001 11.500000000000002 115.93281013400001 3.4916108827642049 4.1303240000000008 136.80101731400003 170.50000000000003 1.280878738759851 157.75507242650002 3.1303240000000003 19.746894550553385 14.518333333333336 13.250000000000002
decision_type=9 8 10 2 10 10 10 8 10 2 10 10 10 10
left_child=1 3 -2 6 -5 7 10 -6 -7 -10 11 -1 13 -12
right_child=2 -3 -4 4 5 8 -8 -9 9 -11 12 -13 -14 -15
leaf_value=-0.020484794532060632 -0.080923004754086994 0.041720522378430595 -0.0063403998105420077 -0.117515962465705 0.11080138689735548 0.24070007607600657 -0.37029090551665278 -0.40784585003249191 0.28383749216734488 -0.45172801239214266 -0.0022920251331373718 0.68858527845887751 -0.18371083086073639 0.16496864097389796
leaf_weight=118 35 59 2588 79 65 245 98 55 81 71 385 60 371 124
leaf_count=118 35 59 2588 79 65 245 98 55 81 71 385 60 371 124
internal_value=0.000198332 0.00164474 -0.000804249 0.00118519 0.00400668 0.00576923 -0.0002761 -0.00325203 0.0085 0.00258065 0.000678605 0.00662983 -0.000543601 0.00257813
internal_weight=4434 1811 2623 1752 596 517 1156 120 397 152 1058 178 880 509
internal_count=4434 1811 2623 1752 596 517 1156 120 397 152 1058 178 880 509
cat_boundaries=0 2
cat_threshold=1327682853 64
is_linear=0
shrinkage=0.04


Tree=233
num_leaves=15
num_cat=0
split_feature=18 18 18 7 3 6 6 8 8 18 20 10 18 7
split_gain=3.354 5.30297 5.38193 8.65188 8.86313 10.3249 7.48512 9.53765 12.1151 6.63741 7.95487 6.61682 6.37321 10.6706
threshold=33.018215215093861 491.44254538134561 1050.1912880269649 37.412608015120092 10.500000000000002 55.733896435000005 55.642067515000001 55.652523176224413 55.685454096347691 1214.3765688020974 7.5000000000000009 195.50000000000003 1539.3153451604151 37.510936789105052
decision_type=10 10 10 10 2 2 2 10 10 10 2 10 10 10
left_child=-1 -2 3 -3 5 -5 -6 -8 -9 10 11 -4 13 -11
right_child=1 2 9 4 6 -7 7 8 -10 12 -12 -13 -14 -15
leaf_value=0.03746954772535372 -0.045310001426072687 -0.37844753253237118 -1.284220688751148 0.83387130616756056 -0.11218406800134034 -0.068330908561730283 0.97752314968418563 -0.88904146876248891 0.22837904851031304 1.2524361343277224 0.25938302232665206 -0.22715122620243874 -0.0041370883866022725 0.0098295487110397067
leaf_weight=56 397 75 77 178 104 48 40 56 111 114 104 53 2721 300
leaf_count=56 397 75 77 178 104 48 40 56 111 114 104 53 2721 300
internal_value=1.80302e-05 -0.000109564 0.000331325 0.00377236 0.00555556 0.0115284 0.0011465 0.00552381 0.00117647 -0.00029656 -0.00675105 -0.0132331 0.000191205 0.00479616
internal_weight=4434 4378 3981 612 537 226 311 207 167 3369 234 130 3135 414
internal_count=4434 4378 3981 612 537 226 311 207 167 3369 234 130 3135 414
is_linear=0
shrinkage=0.04


Tree=234
num_leaves=15
num_cat=1
split_feature=26 16 0 6 7 24 16 1 15 24 1 1 17 7
split_gain=4.65231 6.52883 4.99113 5.2106 8.76607 12.1214 12.7401 10.5871 10.2956 9.93767 10.6317 8.9041 8.86013 8.57566
threshold=3.8768636749268039 0.21244358478401035 0 55.65948546500001 37.480372384426794 3556.0848387521823 0.32200460829493094 25.500000000000004 12.298023976752434 4889.1373412434341 48.500000000000007 164.50000000000003 55.500000000000007 37.500081425196086
decision_type=10 10 9 2 8 10 10 2 10 10 2 2 10 10
left_child=2 -2 -1 4 5 -4 8 -6 -7 10 -9 -10 -13 -12
right_child=1 -3 3 -5 7 6 -8 9 11 -11 13 12 -14 -15
leaf_value=0.025200477607481168 0.069497084563149805 -0.10099444721732098 0.71274070385620913 -0.01680871107958435 -0.013425246537983212 0.42434257050968116 -1.2647816511576779 1.235380973678802 -0.68447143292129242 2.3593303974080029 0.63630200030334327 -0.63264561777775041 1.7022311814964406 0.019656008647147304
leaf_weight=917 67 183 91 1649 607 54 96 73 116 75 46 35 35 390
leaf_count=917 67 183 91 1649 607 54 96 73 116 75 46 35 35 390
internal_value=-0.000108181 -0.00537549 0.000210174 -0.00052439 0.00108575 -0.00381395 -0.00731563 0.00284757 -0.00230453 0.00667802 0.00460937 -0.00677249 0.00438356 0.00218679
internal_weight=4434 250 4184 3267 1618 427 336 1191 240 584 509 186 70 436
internal_count=4434 250 4184 3267 1618 427 336 1191 240 584 509 186 70 436
cat_boundaries=0 1
cat_threshold=1159955724
is_linear=0
shrinkage=0.04


Tree=235
num_leaves=15
num_cat=1
split_feature=26 16 0 8 8 8 10 2 25 26 25 9 12 18
split_gain=4.7162 6.52883 4.52367 5.40757 6.29508 6.25131 6.84098 6.88705 7.32511 4.90606 5.59564 9.30831 4.65602 4.4841
threshold=3.8768636749268039 0.21244358478401035 0 55.635377770683398 55.685454096347691 55.730982000000004 174.50000000000003 667.54545350000012 14.947004038667421 1.7536368748433371 16.57696543240041 7.9500000000000011 9.8062500000000021 2291.090358845338
decision_type=10 10 9 8 10 10 10 2 10 10 10 10 10 10
left_child=2 -2 3 -1 -5 9 -7 12 -9 10 11 -6 -8 -4
right_child=1 -3 13 4 5 6 7 8 -10 -11 -12 -13 -14 -15
leaf_value=0.23858427457102893 0.066717201180623825 -0.096954669328628146 0.01276190307862791 -0.084063389051996687 0.27218087247938427 0.040094086728415877 -0.040947963394010002 -0.54577805420569026 0.15091539789320835 1.143331329635469 0.75622793596352778 -1.2050238182271638 -0.45455669003651078 -0.015689456012368728
leaf_weight=75 67 183 1721 190 59 253 41 45 53 62 51 42 46 1546
leaf_count=75 67 183 1721 190 59 253 41 45 53 62 51 42 46 1546
internal_value=-7.21208e-05 -0.00537549 0.000248388 0.00270968 0.00179882 0.00366412 0.000907029 -0.00489362 0.00237624 0.00921659 0.00516129 -0.000384615 -0.0128889 -0.00045122
internal_weight=4434 250 4184 917 842 652 438 185 98 214 152 101 87 3267
internal_count=4434 250 4184 917 842 652 438 185 98 214 152 101 87 3267
cat_boundaries=0 1
cat_threshold=1159955724
is_linear=0
shrinkage=0.04


Tree=236
num_leaves=15
num_cat=2
split_feature=9 23 16 12 2 19 16 15 0 9 19 20 11 0
split_gain=4.47883 6.64214 8.6066 5.92073 5.25992 5.15771 9.65993 6.99009 11.5451 8.42388 8.26149 7.57095 10.2168 16.7363
threshold=34.850000000000001 1.9720925230000002 0.18933143669985777 34.150000000000013 628.91311800000005 1796.3668055550154 0.24165739710789771 11.5871585743014 0 23.950000000000003 1704.4181434314362 3.5000000000000004 6.8332025000000014 1
decision_type=8 10 10 10 2 10 8 8 9 10 8 2 10 9
left_child=3 -2 -3 5 -4 7 -7 11 9 -9 -10 -1 -13 -14
right_child=1 2 4 -5 -6 6 -8 8 10 -11 -12 12 13 -15
leaf_value=-0.055437144156171105 0.098801957368011006 0.057540509479762927 -0.65430127019065976 -0.59822556264794757 -0.04442663513844991 0.0041628059660655482 0.45597661764437947 -0.051282237156805452 0.017871922356179581 -0.59254299014019096 -0.20957277254006618 -0.017830834785551374 0.2824555915050217 -5.8595813058781587e-05
leaf_weight=332 76 197 45 43 161 226 67 351 528 116 47 1023 452 770
leaf_count=332 76 197 45 43 161 226 67 351 528 116 47 1023 452 770
internal_value=-7.21208e-05 0.00356846 0.00147783 -0.000515412 -0.00421053 -0.000347382 0.00472973 -0.00076201 -0.00352153 -0.00808333 0.000340136 0.000356589 0.00119217 0.00365714
internal_weight=4434 479 403 3955 206 3912 293 3619 1042 467 575 2577 2245 1222
internal_count=4434 479 403 3955 206 3912 293 3619 1042 467 575 2577 2245 1222
cat_boundaries=0 2 4
cat_threshold=2483716776 38 3691479649 2
is_linear=0
shrinkage=0.04


Tree=237
num_leaves=15
num_cat=1
split_feature=8 23 0 18 7 13 19 15 20 20 23 26 7 3
split_gain=3.69358 3.77305 6.62962 10.1057 6.30014 7.30749 7.43446 9.01493 6.69103 6.66175 6.7372 7.83775 5.88465 5.47986
threshold=55.976437021859475 58.452861869500005 0 510.85661844941052 37.399848500000012 29.348509485094855 1606.1295737685116 15.829096707332193 7.5000000000000009 8.5000000000000018 40.279967571500009 1.0803459114127889 37.423612500000004 3.5000000000000004
decision_type=10 10 9 10 8 10 10 10 2 2 8 10 10 2
left_child=1 2 3 -1 8 6 7 12 -4 10 11 -8 -6 -14
right_child=-2 -3 4 -5 5 -7 9 -9 -10 -11 -12 -13 13 -15
leaf_value=-0.36416801950385208 0.034285081979721993 -0.019110869240269928 0.4843708477484529 0.12435307567293989 -0.96511219282492167 -0.70476760695115048 0.18093343160073574 -0.63627242438908183 -0.22558077598076637 0.42326084314764162 0.71034442469051462 -0.52418025005130109 -0.089514579828349095 0.0014352076031056882
leaf_weight=66 68 1856 76 635 36 56 59 47 39 79 40 68 123 1186
leaf_count=66 68 1856 76 635 36 56 59 47 39 79 40 68 123 1186
internal_value=-3.60604e-05 -0.000183108 0.000827696 0.00408964 -0.000461032 -0.00108427 -0.000585009 -0.00172043 0.00847458 0.00578313 0.00117647 -0.00338462 -0.00109792 -0.000640244
internal_weight=4434 4366 2510 701 1809 1694 1638 1392 115 246 167 127 1345 1309
internal_count=4434 4366 2510 701 1809 1694 1638 1392 115 246 167 127 1345 1309
cat_boundaries=0 2
cat_threshold=1644315948 40
is_linear=0
shrinkage=0.04


Tree=238
num_leaves=15
num_cat=0
split_feature=19 1 17 13 15 23 24 5 26 16 1 24 15 3
split_gain=4.22491 5.54112 5.18411 5.93711 7.28037 6.17603 4.58992 9.28289 6.61138 4.57377 4.28658 11.0014 10.2622 9.01752
threshold=1962.5833392402187 218.50000000000003 11.500000000000002 35.191287878787882 19.853471220106048 53.471291213500002 2995.3041115631318 37.509563315000001 1.1959092517572596 0.22016949152542376 76.500000000000014 3682.1274667301991 12.341990136538877 20.500000000000004
decision_type=8 2 10 10 10 8 10 2 10 10 2 10 10 2
left_child=2 6 -1 4 10 -5 7 -2 9 -8 11 -4 -13 -12
right_child=1 -3 3 5 -6 -7 8 -9 -10 -11 13 12 -14 -15
leaf_value=-0.071133794300931502 2.3763814352129673 -0.57196668256192518 0.00021446601334787374 -0.0088093826496256859 -1.0707451502684961 0.20157828365031813 0.021581010026378859 0.0093387502202380256 -0.19715367993076213 0.14518846321943474 0.039678211836331911 -0.0099277785649103129 -0.54521517676403675 -0.86364241983554946
leaf_weight=39 35 36 2129 37 40 38 148 41 59 58 1279 295 130 70
leaf_count=39 35 36 2129 37 40 38 148 41 59 58 1279 295 130 70
internal_value=7.21208e-05 0.00410526 -0.000305419 -0.000159164 -0.000375063 0.0107692 0.00569767 0.0141772 0.00313433 0.00650718 -0.000194572 -0.00115761 -0.00700935 0.00162722
internal_weight=4434 377 4057 4018 3943 75 341 76 265 206 3903 2554 425 1349
internal_count=4434 377 4057 4018 3943 75 341 76 265 206 3903 2554 425 1349
is_linear=0
shrinkage=0.04


Tree=239
num_leaves=15
num_cat=0
split_feature=26 16 11 8 9 2 11 22 1 3 8 5 12 16
split_gain=4.47713 6.21478 5.88369 4.58894 4.51507 5.10601 9.45538 5.45285 7.09578 8.40092 7.27059 9.55439 8.15655 10.1712
threshold=3.8768636749268039 0.21896404109589043 3.7886000000000002 55.681036195527597 34.850000000000001 627.41329600000006 2.0054830000000003 41.843610747000007 -29.499999999999996 6.5000000000000009 55.646430351695841 37.509804465000009 15.00357142857143 0.35252692626346321
decision_type=8 8 8 10 8 2 10 2 2 2 10 2 10 10
left_child=4 3 -3 -2 5 6 -1 8 -7 -10 11 -11 13 -12
right_child=1 2 -4 -5 -6 7 -8 -9 9 10 12 -13 -14 -15
leaf_value=-0.084077438098561288 -0.029061750782520903 0.18587215860758241 -0.18899332132456606 0.25310486397047977 0.0197743959603294 -0.72623125495675822 0.11167576435593218 0.00042349549714117531 -0.67802362598311205 -0.0082105958572336133 0.14910636522187135 0.4434316806583587 -0.48995914298628152 -0.5024815178830252
leaf_weight=45 35 37 144 36 456 129 669 2460 84 77 67 76 59 60
leaf_count=45 35 37 144 36 456 129 669 2460 84 77 67 76 59 60
internal_value=0.000126211 -0.00501961 -0.00891304 0.00486486 0.000439665 -2.14535e-05 0.00301255 -0.000742952 -0.00432432 -0.00178404 0.00105263 0.0074359 -0.0042328 0.00153846
internal_weight=4434 252 181 71 4182 3726 714 3012 552 423 339 153 186 127
internal_count=4434 252 181 71 4182 3726 714 3012 552 423 339 153 186 127
is_linear=0
shrinkage=0.04


Tree=240
num_leaves=15
num_cat=0
split_feature=9 2 6 23 6 11 10 21 16 10 26 11 1 7
split_gain=4.49805 4.10683 4.7846 3.86295 5.67436 5.88537 7.80359 3.79397 4.37242 7.59955 8.24038 4.97774 4.3291 4.01711
threshold=34.850000000000001 609.24851850000016 55.630513735000001 174.46132997900003 55.73083620500001 8.1303240000000017 105.50000000000001 4.5000000000000009 0.18933143669985777 203.50000000000003 1.2608371862495471 4.4260780000000013 88.500000000000014 37.455697142080062
decision_type=10 2 2 10 2 10 10 2 10 10 10 10 2 10
left_child=1 2 -1 4 5 -4 -7 8 11 10 -10 -2 -11 -13
right_child=7 -3 3 -5 -6 6 -8 -9 9 12 -12 13 -14 -15
leaf_value=0.90288246544836515 0.19999004447267449 -0.0062159897367462238 -0.55833708547494354 -0.26978418306392998 0.5758699886409463 0.4869222614025418 -0.46582158014554181 0.053187687165782337 0.29469066191507326 -0.87840200796355927 -0.15082470960069258 0.052723686468641236 -0.041380226025725463 -0.18696132363297452
leaf_weight=37 62 3633 68 48 90 47 35 43 72 51 49 84 51 64
leaf_count=37 62 3633 68 48 90 47 35 43 72 51 49 84 51 64
internal_value=0.000180302 -0.00026256 0.00402439 0.00219931 0.00427984 -0.000522876 0.00658824 0.00384134 0.00266055 -0.00123894 0.00548387 0.00676056 -0.00914286 0.00264901
internal_weight=4434 3958 325 288 240 150 82 476 433 223 121 210 102 148
internal_count=4434 3958 325 288 240 150 82 476 433 223 121 210 102 148
is_linear=0
shrinkage=0.04


Tree=241
num_leaves=15
num_cat=1
split_feature=21 9 26 1 14 8 7 0 26 15 22 26 1 22
split_gain=4.51516 6.84408 5.97034 6.58015 7.04138 5.81547 7.20088 4.60499 5.38564 5.30659 4.98396 4.57151 11.3104 7.01342
threshold=4.5000000000000009 32.900000000000006 1.4367432401326719 136.50000000000003 17.906971153846158 55.687374880400711 37.694302632200582 0 3.8768636749268039 14.743341681282603 79.720032428500005 1.1328366015262126 -23.499999999999996 46.305520489500005
decision_type=2 10 10 2 10 10 10 9 10 8 2 10 2 2
left_child=7 2 3 4 -2 6 -4 8 9 11 -10 12 -1 -13
right_child=1 -3 5 -5 -6 -7 -8 -9 10 -11 -12 13 -14 -15
leaf_value=-0.66566820173717012 -0.43826392702040184 0.16870323388163883 -0.11356614876800564 0.73249689672117313 0.040642037402611478 0.88664480389870048 0.80174786315725333 0.0091810184303717079 -0.019554266796163518 -0.12444844824029737 -0.26538135792788581 -0.054905711728378818 -0.005198273212737874 0.084721577137484724
leaf_weight=73 65 49 67 55 42 53 47 2691 43 103 36 270 236 604
leaf_count=73 65 49 67 55 42 53 47 2691 43 103 36 270 236 604
internal_value=3.60604e-05 0.00419948 0.00204819 -0.00339394 -0.00909091 0.00729412 0.00205128 -0.000354767 -0.00223512 -0.00161365 -0.0121951 -0.00084317 -0.005 0.00063854
internal_weight=4434 378 329 162 107 167 114 4056 1365 1286 79 1183 309 874
internal_count=4434 378 329 162 107 167 114 4056 1365 1286 79 1183 309 874
cat_boundaries=0 2
cat_threshold=2224623706 52
is_linear=0
shrinkage=0.04


Tree=242
num_leaves=15
num_cat=1
split_feature=0 16 3 23 5 1 1 23 10 6 3 23 18 18
split_gain=4.00564 6.17673 5.52145 4.8015 6.87011 6.68188 8.4232 10.5368 9.95513 5.65423 5.71593 6.69635 5.7935 7.81386
threshold=0 0.1202409638554217 14.500000000000002 4226.4272594590011 37.511715455000008 227.50000000000003 75.500000000000014 58.452861869500005 123.50000000000001 55.743665670000006 10.500000000000002 326.03959622300005 1353.5846470349338 1574.6855006751291
decision_type=9 8 2 8 2 2 2 10 10 2 2 10 10 10
left_child=1 2 -1 4 -3 6 9 -8 -9 10 -6 12 -12 -14
right_child=-2 3 -4 -5 5 -7 7 8 -10 -11 11 -13 13 -15
leaf_value=-0.051057453787540369 0.0086656128813249293 -0.11101689778887902 -0.53621358964158494 0.11584064700534179 0.1024655932082419 -0.73283410766393409 0.76235138448672413 -0.43242622384643481 0.53205610425991101 -0.50964065982338025 -0.4130733318838074 0.81728102902262589 0.45692939170868968 -0.078427712798337559
leaf_weight=64 3268 164 40 41 213 36 91 39 49 41 162 36 42 148
leaf_count=64 3268 164 40 41 213 36 91 39 49 41 162 36 42 148
internal_value=-3.60604e-05 -0.00203562 -0.011215 -0.00112676 -0.00167969 -0.000232558 0.000533981 0.00813187 -0.00175824 -0.0016124 -0.000596026 -0.00347826 -0.0051831 -0.000414508
internal_weight=4434 1166 104 1062 1021 857 821 179 88 642 601 388 352 190
internal_count=4434 1166 104 1062 1021 857 821 179 88 642 601 388 352 190
cat_boundaries=0 2
cat_threshold=2149126738 48
is_linear=0
shrinkage=0.04


Tree=243
num_leaves=15
num_cat=1
split_feature=6 8 11 3 6 3 18 14 23 7 7 10 0 2
split_gain=3.6731 10.3474 9.67411 8.39513 6.8898 7.83833 8.83019 8.88281 7.79578 6.81688 7.31748 6.781 7.98771 7.59625
threshold=55.646745290000005 55.685454096347691 15.328557000000002 2.5000000000000004 55.705094765000005 13.500000000000002 2422.9948254359601 13.70638888888889 12811.416667579002 37.737733221722046 37.448938814063538 174.50000000000003 0 777.52777450000008
decision_type=2 10 8 2 2 2 10 10 8 10 10 10 9 2
left_child=3 2 9 -1 5 -3 7 -7 11 10 -2 12 -6 -14
right_child=1 4 -4 -5 8 6 -8 -9 -10 -11 -12 -13 13 -15
leaf_value=-0.38093375564088017 0.38165361450661978 0.29199222873529396 -1.0243799716236235 0.030030655405735518 -0.044480859002054556 -2.1318513027633395 0.1053589521886488 0.0099626399086554327 0.31020250819240275 0.4002577110820687 -0.066204066049747545 -0.082677153559419028 0.11253914587410577 -0.089596215578169811
leaf_weight=46 39 268 58 1559 369 36 56 42 59 37 782 599 425 59
leaf_count=46 39 268 58 1559 369 36 56 42 59 37 782 599 425 59
internal_value=9.0151e-05 -0.000776836 -0.00426551 0.00161692 0.000897704 0.00553086 -0.00233577 -0.0108642 -0.000343461 -0.00315912 -0.00393204 -0.000934708 0.00135514 0.00466801
internal_weight=4434 2829 916 1605 1913 402 134 78 1511 858 821 1452 853 484
internal_count=4434 2829 916 1605 1913 402 134 78 1511 858 821 1452 853 484
cat_boundaries=0 2
cat_threshold=595861616 24
is_linear=0
shrinkage=0.04


Tree=244
num_leaves=15
num_cat=2
split_feature=5 6 0 10 24 13 16 0 3 3 18 18 15 26
split_gain=4.43452 4.81304 6.90266 8.8556 12.7025 12.4573 11.589 11.2785 10.9033 9.382 12.2436 12.8653 9.10169 8.3146
threshold=37.858991355000008 55.646745290000005 0 147.50000000000003 2646.0309529436386 6.9310526315789476 0.31866537717601556 1 13.500000000000002 8.5000000000000018 2055.2750580124325 3397.2001873279237 14.743341681282603 1.1259949584522437
decision_type=2 2 9 8 10 8 10 9 2 2 10 10 8 10
left_child=1 -1 13 6 8 -6 7 12 -5 10 -8 -12 -4 -3
right_child=-2 2 3 4 5 -7 9 -9 -10 -11 11 -13 -14 -15
leaf_value=0.02345654550046845 0.11251554668984681 -0.21405012511561694 -0.13197921952869665 -0.042599100567658685 0.60917428244150362 -0.0092959838151647385 0.29380968590919543 0.58879317503048445 -0.9702724546414524 -0.047946542426853471 -0.6598661183396809 0.20262478354042743 0.18199075651303123 -0.02726541764375881
leaf_weight=1605 97 239 163 218 55 536 94 210 120 313 47 36 79 622
leaf_count=1605 97 239 163 218 55 536 94 210 120 313 47 36 79 622
internal_value=7.21208e-05 -0.000119816 -0.00114077 0.000233546 -0.00253219 0.0010101 0.00296296 0.00756044 -0.00868035 -0.00129817 0.006 -0.00511628 0.0012549 -0.00407323
internal_weight=4434 4337 2732 1871 929 591 942 452 338 490 177 83 242 861
internal_count=4434 4337 2732 1871 929 591 942 452 338 490 177 83 242 861
cat_boundaries=0 2 4
cat_threshold=2223510096 113 50724908 2
is_linear=0
shrinkage=0.04


Tree=245
num_leaves=15
num_cat=0
split_feature=6 8 11 10 17 10 25 26 1 17 16 1 19 26
split_gain=4.04978 9.36696 7.69403 7.06457 8.36648 15.5326 9.93298 9.57941 8.9649 6.49621 5.93096 12.8105 9.7796 7.34979
threshold=55.646745290000005 55.685454096347691 15.602232000000003 169.50000000000003 37.500000000000007 320.50000000000006 13.213642900059362 1.1050735434842471 20.500000000000004 46.500000000000007 0.22767145135566189 -100.49999999999999 1748.6358722251082 1.4367432401326719
decision_type=2 10 8 10 10 10 10 10 2 10 8 2 10 10
left_child=3 2 -2 10 5 8 -6 9 -5 -8 11 -1 13 -13
right_child=1 -3 -4 4 6 -7 7 -9 -10 -11 -12 12 -14 -15
leaf_value=-1.5798143996329845 -0.043710763779417336 0.0082315900576866597 -1.3161182686670918 0.09819729784853308 0.65141787914221705 -0.19207746349577151 -0.017067247000599695 -0.37301147903025106 1.9053988520599199 1.0781059422522683 -0.04756889993348562 0.24763634412909255 -0.12654869679408251 1.1164823434135598
leaf_weight=40 867 1913 49 103 55 72 57 175 126 83 610 129 113 42
leaf_count=40 867 1913 49 103 55 72 57 175 126 83 610 129 113 42
internal_value=-3.60604e-05 -0.000946328 -0.00426551 0.00156716 0.00468843 0.00960526 0.000643432 -0.00213836 0.0146552 0.00559441 -0.000683031 0.00366972 0.0066899 0.0126437
internal_weight=4434 2829 916 1605 671 301 370 315 229 140 934 324 284 171
internal_count=4434 2829 916 1605 671 301 370 315 229 140 934 324 284 171
is_linear=0
shrinkage=0.04


Tree=246
num_leaves=15
num_cat=1
split_feature=0 3 3 22 12 12 1 7 25 14 6 7 3 6
split_gain=4.72409 10.4011 9.80701 6.09315 5.97608 6.56834 6.47202 12.962 12.7487 6.90286 7.51443 8.95723 8.78633 8.69165
threshold=0 6.5000000000000009 21.500000000000004 151.37168741100001 31.865238095238094 20.207142857142859 -2.4999999999999996 37.687037000000011 11.123492099462785 16.860120441619273 55.643770265000008 37.684165209526832 14.500000000000002 55.656026030000014
decision_type=9 2 2 2 8 8 2 10 10 10 2 10 2 2
left_child=1 3 4 -1 5 6 7 8 -3 10 11 12 -8 -12
right_child=-2 2 -4 -5 -6 -7 9 -9 -10 -11 13 -13 -14 -15
leaf_value=-0.25918401764121995 0.0079372575572446598 0.54798557519254176 -0.30964566210737349 0.021963211725604878 -0.1369776010512955 0.34569874302428366 0.77210321396976211 0.36592079226223634 -0.68741000116581019 0.35002175533174779 -0.66812796300144617 -0.078834515337423069 0.014807116644354039 -0.0010042963747045519
leaf_weight=221 3116 62 63 67 48 119 86 76 139 60 39 46 67 225
leaf_count=221 3116 62 63 67 48 119 86 76 139 60 39 46 67 225
internal_value=-0.000108181 -0.00210368 -0.000232333 -0.00879725 0.000783505 0.00151844 0.000199253 -0.00471429 -0.01 0.00281369 0.00111588 0.00693069 0.0115385 -0.00329588
internal_weight=4434 1318 1030 288 967 919 800 277 201 523 463 199 153 264
internal_count=4434 1318 1030 288 967 919 800 277 201 523 463 199 153 264
cat_boundaries=0 2
cat_threshold=2161705490 21
is_linear=0
shrinkage=0.04


Tree=247
num_leaves=15
num_cat=3
split_feature=0 5 12 25 25 18 12 16 23 22 0 3 24 0
split_gain=4.03938 8.04959 15.8291 5.18253 4.66921 6.21795 7.14834 6.32532 4.36833 7.89644 10.3233 9.18966 8.3141 9.36812
threshold=0 37.694436320000008 10.886607142857144 19.10967971906403 17.417300970063987 1523.717934919749 16.481944444444448 0.26894374282433992 56.011518896500007 115.93281013400001 1 13.500000000000002 6358.0275081032496 2
decision_type=9 2 10 10 10 10 10 10 10 2 9 2 10 9
left_child=1 3 -3 4 5 6 -1 -7 -2 12 11 -11 13 -10
right_child=8 2 -4 -5 -6 7 -8 -9 9 10 -12 -13 -14 -15
leaf_value=-0.44385300002309375 0.017323717295349754 -0.079382708932005774 0.51333167476128538 0.10557385442757433 -0.52350113495331363 -0.033482787242145949 0.018294258131179932 0.41810094003441239 -0.013467879070030336 0.037358078030863578 0.1818135476098354 -0.33309565901562821 0.067781640204392229 -0.2764313645614494
leaf_weight=129 2187 84 90 61 49 65 49 45 489 194 343 137 116 396
leaf_count=129 2187 84 90 61 49 65 49 45 489 194 343 137 116 396
internal_value=9.0151e-05 -0.00300855 0.0040678 -0.00618454 -0.00811765 -0.00604811 -0.0106077 0.00141593 0.000557419 -0.000977354 0.00236337 -0.00267442 -0.00322709 -0.00454955
internal_weight=4434 572 174 398 337 288 178 110 3862 1675 674 331 1001 885
internal_count=4434 572 174 398 337 288 178 110 3862 1675 674 331 1001 885
cat_boundaries=0 1 3 5
cat_threshold=10027026 3926287372 6 4161044556 71
is_linear=0
shrinkage=0.04


Tree=248
num_leaves=15
num_cat=0
split_feature=6 8 3 11 24 3 16 3 8 3 25 3 17 13
split_gain=3.93779 8.64182 8.39513 7.34496 6.45215 18.2155 14.1032 13.14 11.829 10.3934 15.423 8.217 7.93252 7.63024
threshold=55.646745290000005 55.685454096347691 2.5000000000000004 15.745393500000002 2942.9812445646526 13.500000000000002 0.41967741935483877 7.5000000000000009 55.613873045332909 18.500000000000004 21.857868718630552 10.500000000000002 24.500000000000004 22.641250000000003
decision_type=2 8 2 10 10 2 10 2 10 2 10 2 10 10
left_child=2 3 -1 -2 8 7 9 -6 11 -7 -11 -4 -8 -12
right_child=1 -3 4 -5 5 6 12 -9 -10 10 13 -13 -14 -15
leaf_value=-0.35450110620478131 -0.036869821230440608 0.0068671287885055674 4.6665565563912939 -1.3324691401862561 0.065213866156557859 0.62171194879368341 0.74437886817687871 -0.4832029517391061 0.033893785613732311 1.431902400416099 -1.2272473639070054 0.33017904673693355 -0.19067833615364721 0.014460576756953288
leaf_weight=46 867 1914 39 48 159 153 42 227 724 36 44 40 52 43
leaf_count=46 867 1914 39 48 159 153 42 227 724 36 44 40 52 43
internal_value=3.60604e-05 -0.000861582 0.00161692 -0.00405229 0.00212548 -0.000527009 0.00579088 -0.00658098 0.00461538 0.0103226 0.0015873 0.0190244 -0.00742268 -0.00755556
internal_weight=4434 2829 1605 915 1559 756 370 386 803 276 123 79 94 87
internal_count=4434 2829 1605 915 1559 756 370 386 803 276 123 79 94 87
is_linear=0
shrinkage=0.04


Tree=249
num_leaves=15
num_cat=2
split_feature=0 23 3 1 12 12 1 0 18 3 1 3 16 20
split_gain=4.39456 4.75848 7.18787 11.9085 6.59383 8.60765 6.71902 6.64284 8.76173 6.00943 8.54923 7.85638 6.74631 7.40796
threshold=0 58.452861869500005 17.500000000000004 153.50000000000003 29.327272727272732 14.518333333333336 104.50000000000001 1 1353.5846470349338 18.500000000000004 12.500000000000002 17.500000000000004 0.26352339181286555 7.5000000000000009
decision_type=9 10 2 2 8 10 2 9 10 2 2 2 8 2
left_child=1 9 4 -4 5 7 -7 -3 -9 11 -11 12 13 -1
right_child=-2 2 3 -5 -6 6 -8 8 -10 10 -12 -13 -14 -15
leaf_value=0.011808613397591206 -0.010885483693973637 -0.27858404084602612 0.22474495335496328 -0.23533802169931506 0.14561939731064005 -0.60980455311131798 0.066821481154538842 -0.041448551971740528 0.15606462374023622 0.090075228455687842 -0.20699442423585129 1.2738444179867936 0.00028506615811049708 0.49639480103460759
leaf_weight=231 2344 248 107 54 72 119 49 100 118 81 140 63 499 209
leaf_count=231 2344 248 107 54 72 119 49 100 118 81 140 63 499 209
internal_value=-3.60604e-05 0.00129339 -0.000965517 0.00658537 -0.00270804 -0.00401884 -0.0116959 -0.00119403 0.00380952 0.00290375 -0.00303571 0.00421891 0.00326964 0.0068623
internal_weight=4434 2090 867 161 706 634 168 466 218 1223 221 1002 939 440
internal_count=4434 2090 867 161 706 634 168 466 218 1223 221 1002 939 440
cat_boundaries=0 2 4
cat_threshold=1516553513 98 436224264 32
is_linear=0
shrinkage=0.04


Tree=250
num_leaves=15
num_cat=1
split_feature=5 0 5 16 1 14 1 24 14 10 24 7 15 7
split_gain=4.60889 4.73654 4.55851 8.43764 6.52133 7.31281 5.82557 11.8061 8.79222 6.33118 11.7896 7.45589 6.68862 10.3105
threshold=37.858991355000008 0 37.73575717500001 0.56904761904761914 -60.499999999999993 13.628571428571432 16.500000000000004 594.87343900294854 25.668115942028994 58.500000000000007 2842.7483544440697 37.468196677316442 14.448542544172897 37.445249620472971
decision_type=2 9 2 10 2 10 2 10 8 10 10 10 10 10
left_child=1 2 4 -4 5 -1 7 -6 9 -8 -11 12 -12 -14
right_child=-2 -3 3 -5 6 -7 8 -9 -10 10 11 -13 13 -15
leaf_value=0.066801576940792015 0.11438529345426673 -0.011657000902613816 0.80733785016474202 -0.041180637643147694 -0.21602216506205252 -1.3373365892193163 0.16047139691363524 0.089631179135666067 -0.54122872035353131 -0.37359930267666586 0.1330266170624988 0.40619053321588811 0.056659973408274847 -1.3649951658891382
leaf_weight=77 97 2697 65 54 35 91 228 391 96 183 172 161 44 43
leaf_count=77 97 2697 65 54 35 91 228 391 96 183 172 161 44 43
internal_value=-9.0151e-05 -0.000285714 0.00140351 0.00885246 0.000813648 -0.00654971 0.00174041 0.00559441 -4.30108e-05 0.00129496 -0.000858086 0.00283688 -0.00137405 -0.0102222
internal_weight=4434 4337 1640 119 1521 168 1353 426 927 831 603 420 259 87
internal_count=4434 4337 1640 119 1521 168 1353 426 927 831 603 420 259 87
cat_boundaries=0 2
cat_threshold=1478804740 98
is_linear=0
shrinkage=0.04


Tree=251
num_leaves=15
num_cat=1
split_feature=6 24 26 3 25 10 0 1 3 6 11 8 3 18
split_gain=4.3231 8.87178 20.4366 11.2242 11.4193 10.0976 9.9328 9.88326 13.0476 10.0823 9.18468 8.54177 7.90416 7.8072
threshold=55.646745290000005 2942.9812445646526 1.0843515637481884 13.500000000000002 17.583671540704909 154.50000000000003 0 108.50000000000001 17.500000000000004 55.638466300000012 8.1303240000000017 55.685454096347691 16.500000000000004 4373.5700799247561
decision_type=2 8 8 2 8 10 9 2 2 2 10 8 2 10
left_child=1 5 -3 4 -4 6 10 8 9 -8 -1 -2 -12 -5
right_child=11 2 3 13 -6 -7 7 -9 -10 -11 12 -13 -14 -15
leaf_value=-0.4794259147527572 -0.050971400387291511 0.18456449179277001 0.0031902409894902918 0.15351220596158335 -1.2339141681859476 0.36906483642560561 -0.035256359573024615 -0.38069746972576723 1.6443490317565892 0.47742061936703362 0.22407205130415811 0.0047077783753160319 -1.3969271669734795 -0.52369688547833104
leaf_weight=137 915 303 73 180 172 298 106 52 37 66 88 1914 40 53
leaf_count=137 915 303 73 180 172 298 106 52 37 66 88 1914 40 53
internal_value=-0.000288483 0.00136816 -0.00168367 -0.00681913 -0.0127419 0.00425635 0.000907372 0.00627737 0.0103774 0.00548571 -0.00446043 -0.00122881 0.00305344 -0.000508475
internal_weight=4434 1605 781 478 245 824 526 261 209 172 265 2829 128 233
internal_count=4434 1605 781 478 245 824 526 261 209 172 265 2829 128 233
cat_boundaries=0 1
cat_threshold=2147578369
is_linear=0
shrinkage=0.04


Tree=252
num_leaves=15
num_cat=1
split_feature=0 5 7 6 11 12 12 6 2 17 3 14 17 19
split_gain=4.36168 5.66292 10.8339 7.22094 6.08223 4.61927 10.8859 5.90237 6.60342 6.46846 7.67043 6.43442 5.96775 5.82078
threshold=0 37.356637395000007 37.376489388900275 55.876477215000008 8.1142140000000023 16.006250000000005 18.640000000000004 55.65519311500001 663.98848050000015 33.500000000000007 5.5000000000000009 10.717510944340214 61.500000000000007 310.5024676890942
decision_type=9 2 10 2 10 10 10 2 2 10 2 8 10 10
left_child=5 3 4 -2 -3 7 -7 12 9 10 -9 -10 -1 -12
right_child=1 2 -4 -5 -6 6 -8 8 11 -11 13 -13 -14 -15
leaf_value=0.24805205298383953 -0.23082935852443087 1.5007797386680273 -0.0084518141433704841 0.013920782207604142 0.092400845406723137 -0.36559992626032339 0.035088834705870438 1.0732231301417352 -0.40291644531170379 0.4884238998362429 0.11237144813988607 0.024287752080615236 -0.042103610573261389 -0.48633600735686461
leaf_weight=307 57 45 2841 46 49 100 324 38 113 135 82 106 74 117
leaf_count=307 57 45 2841 46 49 100 324 38 113 135 82 106 74 117
internal_value=-0.000252423 -0.00110128 -0.000776038 -0.0101887 0.0123711 0.00158978 -0.00187354 0.00311795 0.000606061 0.00384 -0.000166667 -0.00486486 0.00697917 -0.00336634
internal_weight=4434 3038 2935 103 94 1396 424 972 591 372 237 219 381 199
internal_count=4434 3038 2935 103 94 1396 424 972 591 372 237 219 381 199
cat_boundaries=0 2
cat_threshold=1377871104 98
is_linear=0
shrinkage=0.04


Tree=253
num_leaves=15
num_cat=2
split_feature=1 18 24 6 10 0 15 25 1 0 2 14 20 13
split_gain=4.11522 8.89763 10.5361 10.7522 8.59164 8.46439 12.0355 10.3497 7.82149 9.47472 9.96976 12.9727 9.83053 7.11983
threshold=104.50000000000001 2521.5998794186871 3121.8768174188667 55.558450470000004 344.50000000000006 0 10.882589244090758 12.154235971099789 108.50000000000001 1 746.67701850000014 10.203205128205131 8.5000000000000018 8.8141369047619076
decision_type=2 10 10 2 10 9 8 8 2 9 2 10 2 10
left_child=1 5 -3 -4 -5 6 -1 -8 -2 12 11 13 -10 -11
right_child=8 2 3 4 -6 -7 7 -9 9 10 -12 -13 -14 -15
leaf_value=-0.009236758060970943 1.2040037045640195 -0.67254025777226423 -1.4024450195373692 -0.010179941125648356 0.32696956071170685 -0.0080585597725261957 2.5946116990214922 0.074339745978008409 0.025049102980015052 -0.084384511663588735 -0.79753376400397435 0.11243566247204022 0.86546624195281308 -0.57095573367713548
leaf_weight=176 45 141 56 783 44 1860 64 93 465 149 57 353 109 39
leaf_count=176 45 141 56 783 44 1860 64 93 465 149 57 353 109 39
internal_value=-0.000306513 -0.0010559 -0.00412853 -0.00248307 -0.0013012 0.000382514 0.00612717 0.01425 0.00167213 0.00102128 -0.00248773 -0.000808824 0.00463373 -0.00921466
internal_weight=4434 3217 1024 883 827 2193 333 157 1217 1172 598 541 574 188
internal_count=4434 3217 1024 883 827 2193 333 157 1217 1172 598 541 574 188
cat_boundaries=0 2 4
cat_threshold=413139105 64 3609228353 34
is_linear=0
shrinkage=0.04


Tree=254
num_leaves=15
num_cat=2
split_feature=6 8 10 0 26 7 9 17 10 0 16 25 7 11
split_gain=3.47395 9.47861 7.90065 8.32345 12.113 7.54741 7.09967 8.34752 7.0294 9.96313 12.1657 11.7011 11.2557 6.95829
threshold=55.646745290000005 55.685454096347691 169.50000000000003 0 1.0843515637481884 37.448938814063538 18.950000000000003 55.500000000000007 112.50000000000001 1 0.2814700704225353 17.583671540704909 37.509936267729493 15.328557000000002
decision_type=2 8 10 9 10 10 10 10 8 9 10 10 10 10
left_child=2 5 8 4 -4 -2 -6 -8 9 10 -1 -11 -12 -7
right_child=1 -3 3 -5 6 13 7 -9 -10 11 12 -13 -14 -15
leaf_value=0.13155872878193889 0.27201051784496377 0.0043892001497307835 0.75011870196020403 0.48061309287488374 -0.58071777296164562 -0.043624541790580909 -1.2602809019615711 0.14604659899339167 -0.16254095197285573 0.20800555282995195 -1.2620385216724379 -0.15293475042882393 -0.1885840359598486 -1.0443626037885436
leaf_weight=98 41 1914 150 283 120 819 35 83 368 222 37 75 134 55
leaf_count=98 41 1914 150 283 120 819 35 83 368 222 37 75 134 55
internal_value=-0.000216362 -0.00105932 0.00126866 0.00456973 0.000598504 -0.00440087 -0.00497925 0.00198347 -0.00110993 0.00168717 -0.00382979 0.00658065 -0.0103448 -0.00519954
internal_weight=4434 2829 1605 671 388 915 238 118 934 566 269 297 171 874
internal_count=4434 2829 1605 671 388 915 238 118 934 566 269 297 171 874
cat_boundaries=0 1 2
cat_threshold=402751618 2281726083
is_linear=0
shrinkage=0.04


Tree=255
num_leaves=15
num_cat=2
split_feature=11 11 11 23 0 7 0 3 15 5 12 18 15 1
split_gain=3.53151 9.79602 4.18592 11.124 12.6488 10.0116 9.85782 9.43155 10.3518 10.7051 10.037 8.56451 9.05383 6.62045
threshold=32.004846000000008 74.443140000000014 8.7657680000000031 1137.5586570270002 0 37.424332177060002 1 9.5000000000000018 8.4639546574126516 37.448855120000012 1.1038461538461541 869.98436344802315 8.8432651761352545 172.50000000000003
decision_type=10 10 10 8 9 10 9 2 10 2 10 10 10 2
left_child=2 -2 3 4 7 -5 11 10 -9 -10 -1 -4 -13 -6
right_child=1 -3 6 5 13 -7 -8 8 9 -11 -12 12 -14 -15
leaf_value=0.15205981521838483 -0.22144940979854183 0.0057979277615501802 -0.039847156479809416 -0.1009555922401546 -0.0061599686311576817 0.31777070962664139 -0.0086468940391598807 -0.31192708002574365 -0.1635803128785534 0.050394923243696328 -0.50066854502029712 0.47060758322636803 0.033320251875148303 0.23319027278184343
leaf_weight=45 45 63 116 48 1200 159 1242 134 76 385 257 152 255 257
leaf_count=45 45 63 116 48 1200 159 1242 134 76 385 257 152 255 257
internal_value=-0.000162272 -0.00720721 1.848e-05 -0.00101404 -0.0017989 0.00780952 0.00151584 -0.00549451 -0.0026087 0.000258621 -0.0112787 0.00604478 0.00887805 0.000517007
internal_weight=4434 108 4326 2561 2354 207 1765 897 595 461 302 523 407 1457
internal_count=4434 108 4326 2561 2354 207 1765 897 595 461 302 523 407 1457
cat_boundaries=0 2 4
cat_threshold=2483651158 3 4093739524 34
is_linear=0
shrinkage=0.04


Tree=256
num_leaves=15
num_cat=2
split_feature=5 25 17 3 1 2 10 0 5 13 7 15 0 1
split_gain=3.69683 8.44121 9.79456 10.5846 8.96584 8.69288 9.2435 8.39569 7.55424 6.50159 5.66262 5.58098 5.23568 7.84398
threshold=37.729629150000008 19.746894550553385 29.500000000000004 5.5000000000000009 16.500000000000004 666.52870850000011 161.50000000000003 0 37.727934540000007 16.190178571428575 37.74405500000001 8.2242114305097509 1 -58.499999999999993
decision_type=2 10 10 2 2 2 10 9 2 8 10 10 9 2
left_child=7 2 3 4 -2 12 -7 9 10 -1 -9 -4 -5 -14
right_child=1 -3 11 5 -6 6 -8 8 -10 -11 -12 -13 13 -15
leaf_value=-0.48834603712468466 2.1233239055570654 2.6444227192888041 0.0073138386609326745 -0.26261392921299631 -0.050291544285332453 -1.5588298879230476 -0.040768966728018698 -0.0019486535484044155 -0.73620087934257161 0.0015510910666766842 1.4162885322315537 0.6238208665649152 0.51801780381391604 -0.0040148776373268901
leaf_weight=60 46 68 41 101 46 67 64 3588 35 42 37 59 41 139
leaf_count=60 46 68 41 101 46 67 64 3588 35 42 37 59 41 139
internal_value=0 0.00272593 0.00118616 -0.00110454 0.0109474 -0.00385542 -0.0122388 -0.000488712 -0.000152464 -0.0111304 3.30761e-05 0.0124272 0.000140845 0.00414508
internal_weight=4434 672 604 504 92 412 131 3762 3660 102 3625 100 281 180
internal_count=4434 672 604 504 92 412 131 3762 3660 102 3625 100 281 180
cat_boundaries=0 1 3
cat_threshold=98306 33558528 64
is_linear=0
shrinkage=0.04


Tree=257
num_leaves=15
num_cat=1
split_feature=5 10 6 8 10 15 19 19 0 16 18 26 8 25
split_gain=4.58935 5.76588 3.30796 9.4113 9.21272 9.20722 8.82302 8.16621 8.63914 9.59197 9.62607 8.70162 8.05797 7.37808
threshold=37.858991355000008 90.500000000000014 55.644023925000006 55.636376424845047 169.50000000000003 14.909379845404013 1810.0934265948547 1606.1295737685116 0 0.47559523809523813 1458.0762496801535 1.0573804415617951 55.614236166017264 15.429356692670728
decision_type=2 10 2 8 10 10 10 10 9 10 10 10 10 8
left_child=2 -2 4 -4 -1 7 -7 8 11 12 -11 -6 -10 -5
right_child=1 -3 3 13 5 6 -8 -9 9 10 -12 -13 -14 -15
leaf_value=-0.015982763611661427 -0.10459076597896115 0.42421504132286575 -0.22098847870607249 -0.057528328995891088 0.54942653220146076 -1.2427717797856213 0.1759774481080619 1.813889670924159 2.0382128876627315 0.91020861145474841 -0.1971158774466619 -0.18854274759581871 0.76134412060651357 0.0084343823804265122
leaf_weight=875 36 61 104 1303 62 69 83 37 40 63 45 154 79 1423
leaf_count=875 36 61 104 1303 62 69 83 37 40 63 45 154 79 1423
internal_value=-7.21208e-05 0.0084 -0.000267281 -0.00107307 0.00124503 0.00491339 -0.0036129 0.00761905 0.00600897 0.0111667 0.00288288 0 0.0193443 -0.00061561
internal_weight=4434 97 4337 2830 1507 632 152 480 443 227 108 216 119 2726
internal_count=4434 97 4337 2830 1507 632 152 480 443 227 108 216 119 2726
cat_boundaries=0 2
cat_threshold=268533890 1
is_linear=0
shrinkage=0.04


Tree=258
num_leaves=15
num_cat=1
split_feature=0 11 10 6 1 1 22 12 16 19 16 19 12 3
split_gain=3.908 6.54811 9.5164 7.00339 5.89714 21.8624 7.90089 5.72261 5.66799 5.74215 5.4408 5.40329 5.34197 7.0059
threshold=0 4.7453935000000014 191.50000000000003 55.739211305000005 54.500000000000007 10.500000000000002 65.538670021000016 16.006250000000005 0.034210526315789476 1261.0598095635066 0.23013871374527115 1374.6771482973897 9.5083333333333346 13.500000000000002
decision_type=9 8 10 2 2 2 2 8 10 10 10 10 10 2
left_child=1 2 3 -1 5 10 7 -6 9 -2 -3 -9 13 -12
right_child=8 4 -4 -5 6 -7 -8 11 -10 -11 12 -13 -14 -15
leaf_value=-0.065560079548280192 -0.098287208854472119 0.12452706995970936 -0.22951091245091904 0.36536209617167709 0.27887472682936243 -0.43983159221158846 0.49191448988907499 -0.54629056365551154 -0.005846800798595151 0.034598130407162787 0.79170114623518206 0.062295988915484046 -0.40822512601130323 -0.044880259326685837
leaf_weight=97 57 92 117 64 106 101 155 41 3363 36 71 35 47 52
leaf_count=97 57 92 117 64 106 101 155 41 3363 36 71 35 47 52
internal_value=-0.000198332 0.00201816 -0.00313167 0.00317073 0.00409673 0.000546448 0.00788235 0.00216216 -0.00083021 -0.0104167 0.00664151 -0.00607595 0.00231214 0.00666667
internal_weight=4434 978 278 161 700 363 337 182 3456 93 262 76 170 123
internal_count=4434 978 278 161 700 363 337 182 3456 93 262 76 170 123
cat_boundaries=0 1
cat_threshold=1449166084
is_linear=0
shrinkage=0.04


Tree=259
num_leaves=15
num_cat=1
split_feature=0 13 13 14 12 26 19 1 1 1 14 15 11 24
split_gain=4.05074 5.14536 13.0679 9.96487 8.71191 8.45566 7.38245 8.4706 6.30452 5.90182 5.45119 5.31015 5.25131 4.48395
threshold=0 0.67500000000000004 5.9598739495798325 10.717510944340214 16.006250000000005 1.0514369677939477 778.29149171858387 140.50000000000003 5.5000000000000009 178.50000000000003 13.567185185185187 8.9485114738748042 10.426078000000002 4021.0976802889932
decision_type=9 8 10 10 10 10 10 2 2 2 10 10 10 10
left_child=1 12 -3 11 6 -6 -5 10 -7 13 -8 -4 -1 -10
right_child=-2 2 3 4 5 8 7 -9 9 -11 -12 -13 -14 -15
leaf_value=-0.1775184021754091 -0.00742016012710792 0.5524811871618005 0.0042596373328748884 0.76385693208319483 0.22185303180751428 0.015194554777663223 -0.44836937722077269 0.9706387065577694 -0.26336891777390564 0.030469811062155121 0.03331994374826195 -0.68799154255576811 0.10911354057552082 -0.62396377057044794
leaf_weight=96 3633 65 47 63 56 64 41 54 42 40 86 55 56 36
leaf_count=96 3633 65 47 63 56 64 41 54 42 40 86 55 56 36
internal_value=-0.000144242 0.00240786 0.00398773 0.00204429 0.00445361 -0.000995851 0.0097166 0.00543478 -0.00518919 -0.0105785 -0.000307692 -0.00914286 -0.00412903 -0.0167901
internal_weight=4434 801 649 584 482 238 244 181 182 118 127 102 152 78
internal_count=4434 801 649 584 482 238 244 181 182 118 127 102 152 78
cat_boundaries=0 1
cat_threshold=1377862916
is_linear=0
shrinkage=0.04


Tree=260
num_leaves=15
num_cat=0
split_feature=2 5 14 7 7 7 3 7 8 11 24 14 1 3
split_gain=3.74195 4.82467 4.71394 4.68032 12.3104 8.89218 8.14078 7.98082 7.69768 13.4219 13.32 10.8502 8.15698 7.56294
threshold=609.24851850000016 37.858991355000008 0.98499999999999999 37.707137462107291 37.715606232640944 37.687037000000011 5.5000000000000009 37.693354000000006 55.655300962443029 6.8961795000000015 2083.0324357797876 12.858571428571432 -17.499999999999996 13.500000000000002
decision_type=2 2 10 8 10 10 2 10 10 10 10 8 2 2
left_child=-1 3 -3 5 -5 -2 -7 -8 11 10 -10 12 -6 -9
right_child=1 2 -4 4 8 6 7 13 9 -11 -12 -13 -14 -15
leaf_value=0.078015834408399765 -0.0081827972498949471 -0.0052458802078331245 0.48664329642070714 -0.46485448050449235 0.14599433062724335 -0.086897814429940351 0.85164991989217675 0.38713988575725866 0.47378769983061686 0.028058857887148774 -0.80275084066423474 0.55280776962139255 -0.063797140598459381 -0.13078213232377267
leaf_weight=347 2882 41 42 113 50 72 79 99 45 182 114 106 198 64
leaf_count=347 2882 41 42 113 50 72 79 99 45 182 114 106 198 64
internal_value=-0.000198332 -0.000537897 0.00883721 -0.000738707 -0.00345253 -5.00156e-05 0.00630915 0.00979592 -0.00143266 -0.00569767 -0.0140741 0.00268908 -0.00191235 0.00457831
internal_weight=4434 4087 83 4004 808 3196 314 242 695 341 159 354 248 163
internal_count=4434 4087 83 4004 808 3196 314 242 695 341 159 354 248 163
is_linear=0
shrinkage=0.04


Tree=261
num_leaves=15
num_cat=2
split_feature=0 3 3 12 23 12 25 1 1 0 5 15 14 3
split_gain=3.62562 8.00349 8.37522 5.69317 7.23736 5.87032 7.13966 9.77054 6.40244 6.26843 7.1901 6.82586 8.96468 7.1923
threshold=0 21.500000000000004 3.5000000000000004 24.654166666666665 23.281450625500003 20.510000000000002 6.9073045775558617 -23.499999999999996 193.50000000000003 1 37.692826345000007 9.0906518344393614 17.384593837535018 13.500000000000002
decision_type=9 2 2 8 10 10 10 2 2 9 2 8 10 2
left_child=1 2 -1 5 -5 6 -4 -8 9 -9 11 13 -13 -11
right_child=-2 -3 3 4 -6 -7 7 8 -10 10 -12 12 -14 -15
leaf_value=-0.1996608436260246 0.004627039981629508 -0.43333103700753867 0.14912127712981652 0.13201195567259238 -0.17529245844259145 0.38615977590251149 -0.41374554704297795 -0.034509482094410231 -0.19477086414547587 0.92542475760370257 0.6749379579494732 -0.071742921741173263 0.28602567233165843 -0.13720189746434031
leaf_weight=90 2979 43 166 36 87 96 281 129 62 83 79 212 47 44
leaf_count=90 2979 43 166 36 87 96 281 129 62 83 79 212 47 44
internal_value=-0.000198332 -0.00182561 -0.00130035 -0.000483019 -0.00857143 0.000366057 -0.000470163 -0.00182979 0.000849772 0.00214405 0.00426778 0.00205656 -0.00167939 0.00953846
internal_weight=4434 1455 1412 1322 123 1199 1103 937 656 594 465 386 259 127
internal_count=4434 1455 1412 1322 123 1199 1103 937 656 594 465 386 259 127
cat_boundaries=0 2 3
cat_threshold=2161705586 33 65634
is_linear=0
shrinkage=0.04


Tree=262
num_leaves=15
num_cat=1
split_feature=20 19 25 26 6 20 23 19 1 11 0 20 22 23
split_gain=3.24742 12.0398 8.73229 8.87221 8.52408 10.8595 8.22777 11.7294 7.16425 6.18531 6.05576 6.14886 6.84413 7.23988
threshold=3.5000000000000004 842.42235217278073 6.9073045775558617 1.0460717964229798 55.678473825000005 4.5000000000000009 415.88592798250005 20.912080411320769 405.00000000000006 8.9433180000000014 0 6.5000000000000009 117.52777536900003 40.279967571500009
decision_type=2 10 10 8 2 2 10 8 2 10 9 2 2 8
left_child=1 6 3 -2 -5 -6 -1 9 10 -8 -4 -12 -13 -14
right_child=2 -3 8 4 5 -7 7 -9 -10 -11 11 12 13 -15
leaf_value=-0.20957298442419869 -0.12530209527068195 0.24742341572002205 0.016657526926261511 1.5290445564159945 -0.09015419928107829 0.69202317760834975 0.013864927140149632 0.58981907693824154 1.3704191085018602 -0.56473829935205944 -0.23078667539106121 -0.016825977135468764 -0.017938495506945529 0.39468495542639787
leaf_weight=123 35 79 1296 56 49 65 77 49 61 71 388 1786 158 141
leaf_count=123 35 79 1296 56 49 65 77 49 61 71 388 1786 158 141
internal_value=-5.40906e-05 -0.00348259 0.000287271 0.00826923 0.0120231 0.00547009 -0.00693498 -0.0018 -0.0001461 -0.00741722 -0.000371156 -0.00152856 -0.000670498 0.00490066
internal_weight=4434 399 4035 205 170 114 320 197 3830 148 3769 2473 2085 299
internal_count=4434 399 4035 205 170 114 320 197 3830 148 3769 2473 2085 299
cat_boundaries=0 1
cat_threshold=1516668173
is_linear=0
shrinkage=0.04


Tree=263
num_leaves=15
num_cat=0
split_feature=11 7 7 14 15 7 5 5 22 8 3 11 6 5
split_gain=3.55868 7.49833 5.61008 3.77523 5.71174 4.69129 12.4226 5.05757 5.03946 4.12647 10.2189 12.4276 9.68171 9.48371
threshold=32.004846000000008 37.517651849126899 37.414272293425618 65.103576864535782 22.698135864437127 37.373646810293664 37.373414985000004 37.393168590000009 59.083464529000004 55.733418836703386 17.500000000000004 13.943318000000001 55.745084295000005 37.416216135000006
decision_type=8 8 10 10 10 10 2 2 2 10 2 10 2 2
left_child=3 2 -2 4 5 6 8 -7 -1 13 11 -11 -12 -9
right_child=1 -3 -4 -5 -6 7 -8 9 -10 10 12 -13 -14 -15
leaf_value=0.17534433193576085 -0.030229482789315813 -0.086548031309835155 0.15477268246455697 0.0225692106025722 -0.20087125654792506 -0.14150415516516801 1.4774873128134505 0.92525578893986193 -0.091569275304129713 -0.34252830699656445 3.1421978284987517 0.15545240103837529 -0.010875376181274151 0.0012313701417025413
leaf_weight=42 38 37 35 73 42 67 61 112 102 408 46 82 62 3227
leaf_count=42 38 37 35 73 42 67 61 112 102 408 46 82 62 3227
internal_value=-7.21208e-05 -0.00707965 0.000526316 0.000110931 -4.70146e-05 0.000104463 0.00596154 -0.000199651 -0.000544218 -1.01523e-05 -0.00306156 -0.00551724 0.00792793 0.0005386
internal_weight=4434 110 73 4324 4251 4209 205 4004 144 3937 598 490 108 3339
internal_count=4434 110 73 4324 4251 4209 205 4004 144 3937 598 490 108 3339
is_linear=0
shrinkage=0.04


Tree=264
num_leaves=15
num_cat=0
split_feature=17 5 3 3 1 18 3 22 6 19 10 7 7 8
split_gain=4.62822 3.54986 6.57536 11.332 7.28103 6.06876 6.8708 7.33889 6.77575 6.52292 6.22026 5.54894 13.4279 9.72412
threshold=4.5000000000000009 37.737280210000009 5.5000000000000009 8.5000000000000018 16.500000000000004 2040.714525529535 13.500000000000002 57.527775369000004 55.633134370000008 917.67399578047309 166.50000000000003 37.707137462107291 37.715606232640944 55.654265167876062
decision_type=10 2 2 2 2 10 2 2 2 10 10 10 10 10
left_child=-1 11 4 -4 -3 6 7 -5 -8 -7 -10 -2 -13 -14
right_child=1 2 3 5 -6 9 8 -9 10 -11 -12 12 13 -15
leaf_value=-0.02661638248515362 0.0023296412770126554 2.056539813666193 -0.46982596352939221 -0.10886617495574577 0.027574130003065422 0.37414587245836062 -4.6783906484209092 0.20997159978808441 0.056145057034791945 0.31375939308579598 -0.31476742099536675 -1.2545065074109301 0.035029990701819981 -0.31635225625229851
leaf_weight=40 3323 38 66 42 59 69 35 105 82 51 40 87 240 157
leaf_count=40 3323 38 66 42 59 69 35 105 82 51 40 87 240 157
internal_value=3.60604e-05 0.000163748 0.00305085 0.0011359 0.0124 0.00355972 0.000521173 0.00666667 -0.00525 0.0110569 -0.00064 -0.000283465 -0.00427105 -0.0011
internal_weight=4434 4394 587 490 97 424 304 147 157 120 122 3807 484 397
internal_count=4434 4394 587 490 97 424 304 147 157 120 122 3807 484 397
is_linear=0
shrinkage=0.04


Tree=265
num_leaves=15
num_cat=1
split_feature=11 7 5 2 5 0 9 1 10 14 11 23 10 5
split_gain=4.43581 6.75497 4.55745 3.80807 4.39812 4.85296 8.85484 7.26968 5.68654 4.71394 4.22153 4.09803 5.94993 4.53361
threshold=32.004846000000008 37.517651849126899 37.405385265000007 609.24851850000016 37.858991355000008 0 5.2500000000000009 -7.4999999999999991 128.50000000000003 0.98499999999999999 20.865553000000002 174.46132997900003 6.5000000000000009 37.729629150000008
decision_type=8 8 2 2 2 9 10 2 10 10 10 10 10 2
left_child=3 2 -2 11 5 6 7 -5 -8 -6 -7 12 -1 -14
right_child=1 -3 -4 4 9 10 8 -9 -10 -11 -12 -13 13 -15
leaf_value=0.37427273025631502 -0.028749693591881061 -0.0820214547580356 0.11556247002411638 0.043024092354217773 -0.0013153206384184557 -0.00087482470981746399 0.25635355240362045 -0.62188482069997686 -0.09744642734094125 0.48209034291564223 0.1495504480376455 -0.15684536529518084 -0.021481890520876873 0.30379168184330274
leaf_weight=77 38 37 35 37 41 3602 60 80 80 42 37 58 136 74
leaf_count=77 38 37 35 37 41 3602 60 80 80 42 37 58 136 74
internal_value=3.60604e-05 -0.00778761 -0.000526316 0.000240351 -0.000110497 -0.000307771 -0.00548148 -0.0136667 0.00111888 0.00883721 7.66703e-05 0.00425287 0.0062069 0.00262911
internal_weight=4434 110 73 4324 3979 3896 257 117 140 83 3639 345 287 210
internal_count=4434 110 73 4324 3979 3896 257 117 140 83 3639 345 287 210
cat_boundaries=0 1
cat_threshold=1107312706
is_linear=0
shrinkage=0.04


Tree=266
num_leaves=15
num_cat=0
split_feature=17 2 15 25 5 13 9 17 13 22 7 24 19 7
split_gain=4.58999 3.67443 6.86879 7.8633 12.0799 9.63655 6.74825 7.16946 7.33983 6.01588 6.44929 5.49347 5.19641 5.8231
threshold=4.5000000000000009 659.0834645000001 8.9485114738748042 10.174695950992435 37.433532415000009 0.67500000000000004 34.250000000000007 69.500000000000014 16.190178571428575 51.465757421500008 37.743880356696529 2770.2774396870632 2548.517194083608 37.687037000000011
decision_type=10 2 10 10 2 10 8 10 10 2 10 10 10 10
left_child=-1 2 3 5 11 -2 7 -3 -9 -6 -11 -5 13 -4
right_child=1 6 12 4 9 -7 -8 8 -10 10 -12 -13 -14 -15
leaf_value=-0.023984244947772237 -0.12172674887027736 -0.025213201580885924 -0.062272160827685781 0.42626221556873989 -0.0090791293824214851 0.57513348720198565 0.028187773033605742 -0.02224072395722685 0.32291612387664032 0.10717948579245018 0.99229986861148567 1.7531122032089164 0.31314441396681175 0.075724993168589314
leaf_weight=40 138 1975 896 53 188 50 276 59 41 203 49 38 38 390
leaf_count=40 138 1975 896 53 188 50 276 59 41 203 49 38 38 390
internal_value=-1.80302e-05 0.000109165 0.00134897 0.00448753 0.00696629 -0.00251309 -0.000968564 -0.00175168 0.00854369 0.0041535 0.00815686 0.02 -0.000361718 -0.000806827
internal_weight=4434 4394 2043 719 531 188 2351 2075 100 440 252 91 1324 1286
internal_count=4434 4394 2043 719 531 188 2351 2075 100 440 252 91 1324 1286
is_linear=0
shrinkage=0.04


Tree=267
num_leaves=15
num_cat=0
split_feature=2 15 23 5 11 10 6 14 13 15 11 26 11 8
split_gain=3.64077 4.54935 5.30899 7.28982 4.7734 5.42449 4.31565 3.25409 23.0964 10.8227 8.60175 8.14745 10.007 6.90946
threshold=609.24851850000016 14.295130578590989 174.46132997900003 37.73575717500001 8.1303240000000017 105.50000000000001 55.73083620500001 10.353931623931626 8.8141369047619076 7.5672766089437831 6.8332025000000014 1.4083450680986287 10.034242000000001 55.690111968891323
decision_type=2 8 8 2 10 10 2 10 8 10 10 10 10 8
left_child=1 2 3 4 6 -6 -1 8 11 -9 13 -2 -13 -10
right_child=7 -3 -4 -5 5 -7 -8 9 10 -11 -12 12 -14 -15
leaf_value=-0.4045319628177545 0.042437772930416173 -0.43205749023785528 -0.16798301307819813 0.541495412064676 0.46572824093135895 0.015778053807623628 0.31353597071015737 0.58279008992187098 -0.35022870739294559 1.6620867727681345e-05 -0.064051075256973039 -0.21679302560088132 0.12357966667832657 -1.2680484826762943
leaf_weight=60 798 37 62 70 40 40 38 45 60 2622 145 254 125 38
leaf_count=60 798 37 62 70 40 40 38 45 60 2622 145 254 125 38
internal_value=-0.000144242 0.00377143 0.00536741 0.00796813 0.00353591 0.0106024 -0.00237624 -0.000479218 -0.00202389 0.000344569 -0.0131707 0.000305085 -0.00450262 -0.0221782
internal_weight=4434 347 310 248 178 80 98 4087 1420 2667 243 1177 379 98
internal_count=4434 347 310 248 178 80 98 4087 1420 2667 243 1177 379 98
is_linear=0
shrinkage=0.04


Tree=268
num_leaves=15
num_cat=1
split_feature=20 7 0 11 16 8 8 7 22 8 19 6 6 6
split_gain=3.69477 9.18665 7.26161 7.13294 8.80826 8.50735 12.8465 8.9153 8.60129 7.7173 7.28666 6.17478 9.28979 9.04472
threshold=7.5000000000000009 37.348065000000013 0 2.7453935000000005 0.42678571428571432 55.652523176224413 55.685454096347691 37.484682000000006 66.528708786500019 55.647700848708922 40.227579764350558 55.739211305000005 55.730446065000002 55.743238955000002
decision_type=2 10 9 8 10 10 10 10 2 8 10 2 2 2
left_child=2 -2 -1 4 -4 9 7 -7 -9 -5 -8 12 -3 -13
right_child=1 11 3 5 -6 6 10 8 -10 -11 -12 13 -14 -15
leaf_value=0.030839704955357341 -0.30356405237207723 0.010188484348217983 -0.80102902112145158 0.0047148512637114953 0.046307374247227813 0.055152085759882591 -0.059989630145974963 -0.41381632609736896 -0.81490558546306324 0.47295034067278952 0.009739828416497006 1.8655693826672444 -0.59312280408183937 0.10573470721058277
leaf_weight=522 38 1778 108 606 45 52 170 69 129 60 535 58 100 164
leaf_count=522 38 1778 108 606 45 52 170 69 129 60 535 58 100 164
internal_value=0 0.0011957 -0.00111353 -0.00232792 -0.0105128 -0.00155172 -0.0039666 -0.0116996 -0.0155224 0.0019133 -0.00118644 0.00155968 0.000808081 0.00782222
internal_weight=4434 2138 2296 1774 153 1621 955 250 198 666 705 2100 1878 222
internal_count=4434 2138 2296 1774 153 1621 955 250 198 666 705 2100 1878 222
cat_boundaries=0 1
cat_threshold=56788784
is_linear=0
shrinkage=0.04


Tree=269
num_leaves=15
num_cat=0
split_feature=23 3 7 22 3 11 6 18 23 24 19 26 18 9
split_gain=3.55163 5.18528 5.75085 4.95466 10.8835 7.61493 6.49346 6.60553 6.64453 8.53037 8.04527 8.51617 7.0869 8.18934
threshold=56.011518896500007 21.500000000000004 37.447158094746825 115.93281013400001 4.5000000000000009 16.309283000000004 55.809262360000005 1061.7032802333608 153.04529662800002 6358.0275081032496 1374.6771482973897 1.1879944514335408 3244.9471631937145 5.3500000000000005
decision_type=10 2 10 2 2 10 2 10 10 10 10 10 10 8
left_child=1 -1 -3 6 -5 -6 7 -2 9 10 12 -12 13 -9
right_child=3 2 -4 4 5 -7 -8 8 -10 -11 11 -13 -14 -15
leaf_value=0.01388498702875637 0.036814472067442046 0.0073782613053481215 -0.27767482309874503 0.56333446078605331 0.014226213722796324 -0.077439608287355188 0.08293367015720797 0.040873697277394289 -0.44868920695701603 0.1247724646677057 0.36479866255246363 -0.17377182106807185 -0.65232828928749764 -0.32246231637546346
leaf_weight=2433 180 54 48 64 626 59 46 125 162 72 123 102 113 227
leaf_count=2433 180 54 48 64 626 59 46 125 162 72 123 102 113 227
internal_value=0.000108181 0.00108747 -0.00761905 -0.00119874 0.00132979 -0.000174419 -0.00284475 -0.00346883 -0.00483279 -0.00324183 -0.0046176 0.00157895 -0.00760684 -0.00473239
internal_weight=4434 2535 102 1899 749 685 1150 1104 924 762 690 225 465 352
internal_count=4434 2535 102 1899 749 685 1150 1104 924 762 690 225 465 352
is_linear=0
shrinkage=0.04


Tree=270
num_leaves=15
num_cat=3
split_feature=23 0 10 13 16 3 0 11 1 5 16 0 1 3
split_gain=3.81782 7.25457 5.82488 8.40717 10.7926 7.5723 7.02981 12.0895 6.79214 6.43044 6.11594 5.75656 6.508 9.97427
threshold=56.011518896500007 0 116.50000000000001 12.935923753665691 0.16774891774891779 13.500000000000002 1 3.9433180000000005 58.500000000000007 37.625964955000008 0.47114317425083246 2 142.50000000000003 18.500000000000004
decision_type=10 9 8 10 10 2 9 10 2 2 8 9 2 2
left_child=11 2 6 5 8 10 7 -2 9 -5 -4 -1 -13 -14
right_child=1 -3 3 4 -6 -7 -8 -9 -10 -11 -12 12 13 -15
leaf_value=0.041214388096382067 0.29121802557911664 0.016078482721288204 0.85871018344593497 0.14835095683515978 -0.47199728008841763 -0.19644393289480719 -0.45333317250721111 -0.077451672551900122 0.16145958042189817 -0.28489448344542756 0.10991243980091082 -0.017456230881226702 0.28152669242991879 -0.23091523148568854
leaf_weight=980 40 906 55 37 149 111 163 195 43 38 162 1215 258 82
leaf_count=980 40 906 55 37 149 111 163 195 43 38 162 1215 258 82
internal_value=7.21208e-05 -0.00128286 -0.00361829 -0.00113712 -0.00637037 0.00314199 -0.00738155 -0.00241935 0.00264463 -0.00461538 0.00745455 0.00108747 -0.000433673 0.00443149
internal_weight=4434 1899 993 595 267 328 398 235 118 75 217 2535 1555 340
internal_count=4434 1899 993 595 267 328 398 235 118 75 217 2535 1555 340
cat_boundaries=0 2 4 6
cat_threshold=3264968237 48 1074885637 32 1121121580 8
is_linear=0
shrinkage=0.04


Tree=271
num_leaves=15
num_cat=1
split_feature=0 12 14 18 10 26 12 23 20 12 1 18 3 17
split_gain=3.35257 6.08164 11.3054 8.48682 7.43509 8.26912 6.76553 5.92162 5.61147 5.56758 8.91692 7.45954 7.34609 7.89922
threshold=0 16.006250000000005 13.047406116918314 776.61543226672518 207.50000000000003 1.5935693193748577 14.210000000000003 93.481997468000017 9.5000000000000018 9.239880952380954 146.50000000000003 2548.3518430307818 4.5000000000000009 22.500000000000004
decision_type=9 10 10 10 10 10 10 10 2 10 2 10 2 8
left_child=1 6 -3 -4 5 7 8 -5 9 12 11 -11 -1 -14
right_child=-2 2 3 4 -6 -7 -8 -9 -10 10 -12 -13 13 -15
leaf_value=1.0483093431518475 -0.0052226758324491127 -0.37977628595219404 0.4929973430832798 0.049573638888161894 -0.33391490701904331 -0.68614964544124446 0.87773919156134672 0.47793468797876015 0.63773612411731617 -0.023235016611613233 0.54046441344994123 -0.60047090321716734 -0.047459282385852966 0.065321947839738159
leaf_weight=39 3191 55 38 115 119 35 70 39 45 125 46 43 194 280
leaf_count=39 3191 55 38 115 119 35 70 39 45 125 46 43 194 280
internal_value=0 0.00175159 -0.00227723 0.000458453 -0.00180064 0.003125 0.00369231 0.00713376 0.00258065 0.00169863 -0.00368664 -0.00795322 0.00395349 0.00251572
internal_weight=4434 1243 401 346 308 189 842 154 772 727 214 168 513 474
internal_count=4434 1243 401 346 308 189 842 154 772 727 214 168 513 474
cat_boundaries=0 2
cat_threshold=1474331904 64
is_linear=0
shrinkage=0.04


Tree=272
num_leaves=15
num_cat=1
split_feature=23 0 1 26 12 7 5 25 10 26 6 9 9 12
split_gain=3.92671 6.7021 6.4445 6.43262 6.26326 6.10599 8.09372 9.4585 7.79884 6.87172 6.00556 5.37855 7.70236 6.86204
threshold=58.452861869500005 0 234.50000000000003 1.1035211183872491 11.087500000000002 37.422988528808638 37.441388330000002 20.565313567651746 156.50000000000003 1.1879944514335408 55.733677020000009 6.1500000000000012 13.550000000000002 1.0000000180025095e-35
decision_type=10 9 2 10 10 10 2 8 10 10 2 10 10 8
left_child=-1 2 5 -4 -5 8 -7 -8 9 -2 -10 13 -13 -3
right_child=1 11 3 4 -6 6 7 -9 10 -11 -12 12 -14 -15
leaf_value=0.0069876162580541747 -0.024942755028118314 -0.038824764057442424 0.073984229692634365 -0.70789798752477917 -0.057383415578956376 0.57077073387160226 0.10205617252243712 -0.49686684021450134 -0.67336738379881955 0.37250642789346394 -0.0027827824642599011 -0.53540279585774475 -0.030778952762651343 0.06071018781095603
leaf_weight=2545 35 350 35 45 51 47 425 98 41 39 44 106 346 227
leaf_count=2545 35 350 35 45 51 47 425 98 41 39 44 106 346 227
internal_value=-3.60604e-05 -0.00141649 0.00119129 -0.00686567 -0.0121212 0.0026776 0.00460733 0.00311787 -0.00419753 0.00519481 -0.0122727 -0.00357006 -0.00685714 -0.00103448
internal_weight=4434 1889 860 131 96 729 570 523 159 74 85 1029 452 577
internal_count=4434 1889 860 131 96 729 570 523 159 74 85 1029 452 577
cat_boundaries=0 2
cat_threshold=1025802450 71
is_linear=0
shrinkage=0.04


Tree=273
num_leaves=15
num_cat=1
split_feature=23 0 3 10 19 19 6 10 15 10 16 23 24 11
split_gain=3.55724 7.22841 6.86829 12.9392 9.61975 8.91777 6.29489 5.97028 9.32887 7.60856 7.24219 5.67169 7.44579 6.48888
threshold=58.452861869500005 0 13.500000000000002 188.50000000000003 1416.3526874655129 1592.9449875885055 55.633974685000005 231.50000000000003 12.028961235436244 263.50000000000006 0.17089216944801031 1323.9221510450002 2646.0309529436386 8.1303240000000017
decision_type=10 9 2 8 8 8 2 10 8 10 10 10 10 10
left_child=-1 -2 3 5 11 6 -3 -5 9 -9 -10 12 -4 -14
right_child=1 2 4 7 -6 -7 -8 8 10 -11 -12 -13 13 -15
leaf_value=0.0067081116077321217 0.020655526221592242 1.1431229399786287 -0.80110730612779235 0.58065630541293101 0.05414168069418078 -0.31215864879433619 -0.037801158538411955 -0.2835976875613096 0.015160468839559087 0.40079293855248638 -0.98661529867213649 -0.035646743384408812 -0.52493309793305065 0.016616826131240728
leaf_weight=2545 821 44 130 75 78 47 282 42 38 88 42 66 73 63
leaf_count=2545 821 44 130 75 78 47 282 42 38 88 42 66 73 63
internal_value=-1.80302e-05 -0.00133192 -0.00347826 -0.00096823 -0.00755448 -0.00585106 -0.00340426 0.00541667 0.00187793 0.00842105 -0.0086747 -0.0105075 -0.0130855 -0.00633094
internal_weight=4434 1889 1068 658 410 373 326 285 210 130 80 332 266 136
internal_count=4434 1889 1068 658 410 373 326 285 210 130 80 332 266 136
cat_boundaries=0 2
cat_threshold=488931794 71
is_linear=0
shrinkage=0.04


Tree=274
num_leaves=15
num_cat=1
split_feature=5 2 1 12 10 19 10 0 12 26 6 16 23 1
split_gain=4.33905 4.00413 3.96296 5.00791 4.08949 4.89522 3.95819 3.6488 6.89857 12.3902 6.69989 6.34244 3.94035 6.32806
threshold=37.858991355000008 609.24851850000016 172.50000000000003 21.40909090909091 186.50000000000003 45.477586919772683 90.500000000000014 0 16.481944444444448 2.0783257893285394 55.679694160000004 0.16321353065539115 53.471291213500002 60.500000000000007
decision_type=2 2 2 8 10 10 10 9 10 10 2 8 8 2
left_child=1 2 3 4 5 -1 -2 8 11 10 -10 -3 13 -13
right_child=6 7 -4 -5 -6 -7 -8 -9 9 -11 -12 12 -14 -15
leaf_value=0.0051434795768486178 -0.072535997671822866 -1.024394970146842 1.3637592949356871 -0.60428013688201287 -0.09081239851842611 0.45649107455363946 0.30136606238702995 0.00051806055548084371 0.29759004276989032 0.80373740699046181 -0.58592448842428502 -0.034442129385356138 -0.29094077663780399 0.58317262633987044
leaf_weight=82 36 50 46 39 61 105 61 3555 42 39 48 85 149 36
leaf_count=82 36 50 46 39 61 105 61 3555 42 39 48 85 149 36
internal_value=0.000162272 -2.76498e-05 0.00416667 0.00234483 0.00446215 0.00736842 0.0084 -0.000379336 -0.00372294 0.00393939 -0.00430108 -0.00693498 -0.0043956 0.000967742
internal_weight=4434 4337 333 287 248 187 97 4004 449 129 90 320 270 121
internal_count=4434 4337 333 287 248 187 97 4004 449 129 90 320 270 121
cat_boundaries=0 1
cat_threshold=1107902528
is_linear=0
shrinkage=0.04


Tree=275
num_leaves=15
num_cat=1
split_feature=0 12 12 16 2 11 26 26 15 13 12 14 1 24
split_gain=3.41285 6.04192 14.6422 4.87789 7.24805 13.7293 4.40563 10.254 4.38553 8.74351 7.00827 4.90906 4.37543 5.00896
threshold=0 16.006250000000005 18.809090909090912 0.23013871374527115 663.98848050000015 4.2400190000000011 1.4538829711679992 1.1959092517572596 10.062174276169758 6.9310526315789476 0.33666666666666673 12.758257713248641 5.5000000000000009 2848.8769555083713
decision_type=9 10 10 10 2 10 10 10 10 10 10 10 2 10
left_child=1 3 -3 -1 8 -6 7 -7 9 10 -5 -10 -4 -14
right_child=-2 2 12 4 5 6 -8 -9 11 -11 -12 -13 13 -15
leaf_value=0.31325567095775131 -0.0031900636069905632 -0.3971806272451151 0.22939277860649168 0.030397094419194373 -0.97798117561661035 0.052899602439740824 0.13782380926012422 -0.54513818162949235 0.67389632381417641 -0.55834120235596174 0.95033231953529462 0.091652490274182125 -0.48365869611670648 0.12746192017266836
leaf_weight=122 3612 66 56 114 39 46 49 43 48 69 37 39 43 51
leaf_count=122 3612 66 56 114 39 46 49 43 48 69 37 39 43 51
internal_value=9.0151e-05 0.00239521 -0.00328767 0.00446634 0.00262834 -0.00377778 0.0022695 -0.00304348 0.00632258 0.0032287 0.00857143 0.0137778 0.00366013 -0.00164948
internal_weight=4434 822 216 606 484 177 138 89 307 220 151 87 150 94
internal_count=4434 822 216 606 484 177 138 89 307 220 151 87 150 94
cat_boundaries=0 2
cat_threshold=1176536320 64
is_linear=0
shrinkage=0.04


Tree=276
num_leaves=15
num_cat=2
split_feature=2 0 14 14 0 12 12 19 10 8 14 16 9 12
split_gain=3.14394 7.37877 6.90529 11.5999 8.48059 7.56612 6.89357 5.76409 8.05641 10.0239 8.81 8.09246 9.26623 8.71007
threshold=659.0834645000001 0 21.249615384615389 22.19336065573771 1 24.654166666666665 19.506250000000005 1128.2394405438079 211.50000000000003 55.707433381230381 15.382971014492755 0.17684288905435594 15.950000000000001 14.518333333333336
decision_type=2 9 8 10 9 8 10 8 8 10 8 8 10 8
left_child=2 -2 4 -4 5 6 -1 -3 11 10 -10 -9 13 -13
right_child=1 7 3 -5 -6 -7 -8 8 9 -11 -12 12 -14 -15
leaf_value=-0.010329639803704731 -0.05651552795771117 -0.0072699193749659234 -0.43603250194166732 -0.0072718967404792421 0.12308258996236099 -0.54783685523082282 0.39002412729526198 0.002436857316725547 0.1278937881821598 0.043027058955779844 -1.1964105597231538 -0.13844281387320659 0.37429065782900039 0.50735403566927217
leaf_weight=700 686 1037 56 252 924 58 72 177 50 68 117 56 135 46
leaf_count=700 686 1037 56 252 924 58 72 177 50 68 117 56 135 46
internal_value=-1.80302e-05 -0.00101053 0.00112349 -0.00437299 0.00209448 -0.000854093 0.000206452 0.000423779 0.00337423 -0.00252101 -0.00776471 0.00671463 0.0115 0.00228571
internal_weight=4434 2372 2062 308 1754 830 772 1686 649 235 167 414 237 102
internal_count=4434 2372 2062 308 1754 830 772 1686 649 235 167 414 237 102
cat_boundaries=0 2 4
cat_threshold=3226230848 102 2962423808 43
is_linear=0
shrinkage=0.04


Tree=277
num_leaves=15
num_cat=3
split_feature=2 14 14 18 0 0 11 0 13 2 12 6 18 13
split_gain=3.39184 6.55437 10.0588 7.27462 7.05036 6.50639 6.06849 8.88067 6.71982 7.18007 6.37719 5.75458 5.20693 8.60942
threshold=659.0834645000001 21.249615384615389 22.520032051282055 434.4949515560383 0 1 12.075762000000003 2 20.730303030303034 717.52777450000008 23.712500000000002 55.730446065000002 945.56245686978548 11.956250000000002
decision_type=2 8 10 10 9 9 10 9 8 2 10 2 10 10
left_child=1 3 -3 -1 -5 -2 8 -8 10 -10 -7 -9 13 -6
right_child=5 2 -4 4 12 6 7 11 9 -11 -12 -13 -14 -15
leaf_value=-0.076098310360893609 -0.016893442780836949 -0.41039702606237599 -0.0027186549393427308 -0.032523656073514075 0.043370558183937147 0.024746909884408128 -0.64905209759505744 0.098345663052318566 0.563952800760253 -0.012808973292670497 -0.95139840696858413 -0.025134732527972121 0.048194985640904804 1.0090294715583243
leaf_weight=137 1251 69 239 219 134 683 104 78 75 54 36 91 1188 76
leaf_count=137 1251 69 239 219 134 683 104 78 75 54 36 91 1188 76
internal_value=5.40906e-05 0.00123971 -0.00411576 0.00218554 0.00293827 -0.000976842 0.00123457 -0.00391304 0.00291422 0.0112121 0.00138504 0.00197802 0.00396882 0.00976526
internal_weight=4434 2062 308 1754 1617 2372 1121 273 848 129 719 169 1398 210
internal_count=4434 2062 308 1754 1617 2372 1121 273 848 129 719 169 1398 210
cat_boundaries=0 2 4 5
cat_threshold=8454144 9 3763102421 102 152048648
is_linear=0
shrinkage=0.04


Tree=278
num_leaves=15
num_cat=3
split_feature=0 3 8 3 10 3 3 16 1 3 0 0 23 24
split_gain=4.14056 9.19947 5.7291 6.3457 11.525 11.0098 9.26682 13.539 6.51747 6.35981 17.2193 9.69226 10.3146 10.6118
threshold=0 21.500000000000004 55.613873045332909 17.500000000000004 302.50000000000006 16.500000000000004 18.500000000000004 0.28966437833714725 292.50000000000006 11.500000000000002 1 2 180.91653547100003 2066.9682209881325
decision_type=9 2 10 2 10 2 2 10 2 2 9 9 8 10
left_child=1 2 -1 5 6 8 -5 -8 9 11 -11 -4 13 -13
right_child=-2 -3 3 4 -6 -7 7 -9 -10 10 -12 12 -14 -15
leaf_value=1.5884135033715847 0.012229331004851645 -0.51097917136862947 0.025350119503802376 1.986868200777131 -0.18752143476943176 -0.64970702892581089 0.26276091645344751 -0.13092077028191271 -0.39168723605052841 -0.078904199036254355 0.18867495071435175 0.34930302928189866 0.051803574677013846 -0.36380081935823089
leaf_weight=36 2075 44 513 44 42 134 96 102 62 325 346 77 91 447
leaf_count=36 2075 44 513 44 42 134 96 102 62 325 346 77 91 447
internal_value=-5.40906e-05 -0.0011973 -0.000845557 -0.00110429 0.00445993 -0.0019019 0.00783673 0.0039801 -0.00109442 -0.000643729 0.00243323 -0.00247569 -0.00579618 -0.00804554
internal_weight=4434 2359 2315 2279 284 1995 242 198 1861 1799 671 1128 615 524
internal_count=4434 2359 2315 2279 284 1995 242 198 1861 1799 671 1128 615 524
cat_boundaries=0 2 4 6
cat_threshold=2686403191 39 538509346 34 538705953 36
is_linear=0
shrinkage=0.04


Tree=279
num_leaves=15
num_cat=2
split_feature=0 16 26 19 13 10 13 23 3 26 0 6 15 5
split_gain=4.17323 6.34215 5.60815 9.35084 8.3081 7.09122 5.88333 7.44019 5.55414 7.0519 7.20112 7.02822 14.2247 6.58667
threshold=0 0.034210526315789476 1.0471287187628102 1503.1705172948991 22.034375000000008 314.50000000000006 8.154423076923079 209.82855794900004 3.5000000000000004 1.0874355643124334 1 55.638466300000012 11.5871585743014 37.716261760000009
decision_type=9 8 10 8 8 10 10 10 2 10 9 2 8 2
left_child=1 -1 3 5 -5 6 7 -3 -4 11 13 -10 -13 -11
right_child=-2 2 8 4 -6 -7 -8 -9 9 10 -12 12 -14 -15
leaf_value=-0.58620825408380395 0.011878469465740409 0.095238640537257599 -0.028255518011945639 0.39598792333415944 -0.033440314206650897 0.02435051562680883 -0.54041358237094128 -0.17255629539568346 1.2300639078098652 -0.12935986494386498 0.033303377509394071 0.50339012601385491 -0.077903709888424086 0.016479982665176467
leaf_weight=42 2094 77 147 48 71 42 171 65 49 373 971 71 53 160
leaf_count=42 2094 77 147 48 71 42 171 65 49 373 971 71 53 160
internal_value=3.60604e-05 -0.00112197 -0.00083442 -0.00469602 0.00491803 -0.00793296 -0.01 -0.00386207 0.000175151 0.000833333 -5.30856e-05 0.00840909 0.00314961 -0.00373626
internal_weight=4434 2340 2298 474 119 355 313 142 1824 1677 1504 173 124 533
internal_count=4434 2340 2298 474 119 355 313 142 1824 1677 1504 173 124 533
cat_boundaries=0 2 4
cat_threshold=2686272243 39 536953042 4
is_linear=0
shrinkage=0.04


Tree=280
num_leaves=15
num_cat=0
split_feature=25 20 19 3 23 19 23 1 24 10 10 1 13 11
split_gain=3.43659 5.4376 13.5315 10.4427 8.53973 10.1692 6.83069 6.21929 6.11018 5.5621 6.27456 5.09797 4.93445 4.93212
threshold=0.14932297160365607 3.5000000000000004 842.42235217278073 8.5000000000000018 415.88592798250005 14.257250843448347 2597.9353979625007 399.50000000000006 946.77057530238051 69.500000000000014 183.50000000000003 26.500000000000004 0.13750000000000004 6.8332025000000014
decision_type=10 2 10 2 10 10 8 2 10 10 10 2 8 10
left_child=-1 2 4 -4 12 11 7 8 -3 -8 -11 -6 -2 -10
right_child=1 6 3 -5 5 -7 9 -9 13 10 -12 -13 -14 -15
leaf_value=0.039830323917530178 -0.042087633596927888 0.43898061813177353 0.82985991897050948 -0.41133380864195401 -0.22321584166621819 0.49175297938278095 0.33371919069847705 1.4522956898489587 -0.016610524455615269 -0.2392373393668521 0.18674053232768614 0.042259356635087439 -0.59561532489846369 0.010080364569574131
leaf_weight=38 42 71 39 37 67 60 44 67 1733 35 57 43 74 2027
leaf_count=38 42 71 39 37 67 60 44 67 1733 35 57 43 74 2027
internal_value=0.000180302 7.27438e-05 -0.00460274 0.0101266 -0.00858131 -0.00277457 0.000495417 0.000184568 -3.12989e-05 0.00920863 0.00336842 -0.0099115 -0.0168067 -0.000255116
internal_weight=4434 4396 362 76 286 170 4034 3898 3831 136 92 110 116 3760
internal_count=4434 4396 362 76 286 170 4034 3898 3831 136 92 110 116 3760
is_linear=0
shrinkage=0.04


Tree=281
num_leaves=15
num_cat=0
split_feature=25 2 14 10 13 26 19 16 16 5 12 1 1 14
split_gain=3.43659 3.20455 8.40545 6.91101 7.06176 9.22739 11.09 6.51277 7.1552 10.3976 16.7955 10.5762 6.12768 10.2898
threshold=0.14932297160365607 659.0834645000001 11.648076923076923 281.50000000000006 9.0809615384615405 1.6061401332668139 808.0045936720918 0.39504283965728276 0.26120401337792648 37.454509895000008 10.641428571428571 64.500000000000014 23.500000000000004 27.160167464114839
decision_type=10 2 8 10 8 10 10 10 8 2 10 2 2 10
left_child=-1 -2 3 4 -3 6 -6 8 12 -10 -11 -12 -4 -14
right_child=1 2 7 -5 5 -7 -8 -9 9 10 11 -13 13 -15
leaf_value=0.038237110960829018 0.014845831550907747 -0.024351364387439817 0.018467948527534004 0.05085938935663805 -0.82861681753458016 -0.085203232213990537 -0.069909215498824978 -0.34545137765009815 0.65582914666318715 0.37657060084659921 -0.88745909269394585 0.082531926252401897 -0.0069354680482629763 -0.49800651734112367
leaf_weight=38 2055 584 531 157 67 78 55 44 116 77 73 50 440 69
leaf_count=38 2055 584 531 157 67 78 55 44 116 77 73 50 440 69
internal_value=0.000180302 7.27438e-05 -0.000938567 -0.00385593 -0.00538755 -0.0118227 -0.01856 0.00102637 0.00153054 0.00677116 0.00118227 -0.00793651 -7.67018e-05 -0.00320313
internal_weight=4434 4396 2341 941 784 200 122 1400 1356 316 200 123 1040 509
internal_count=4434 4396 2341 941 784 200 122 1400 1356 316 200 123 1040 509
is_linear=0
shrinkage=0.04


Tree=282
num_leaves=15
num_cat=1
split_feature=14 12 9 10 12 15 0 1 12 12 1 1 11 19
split_gain=3.79092 4.85886 3.81072 6.62817 5.8686 6.95913 5.74275 6.95861 9.26235 6.42292 6.21499 13.0233 9.01322 5.75403
threshold=42.828508085550347 45.407500000000006 32.45000000000001 32.500000000000007 27.891666666666676 13.885690857688589 0 140.50000000000003 8.2708333333333357 8.9071428571428584 54.500000000000007 12.500000000000002 7.1142140000000014 635.46036405939901
decision_type=10 10 8 10 10 10 9 2 10 10 2 2 10 10
left_child=1 2 4 -4 6 -6 7 9 13 10 11 -1 -12 -9
right_child=-2 -3 3 -5 5 -7 -8 8 -10 -11 12 -13 -14 -15
leaf_value=0.097375763094820225 0.014251998288871448 -0.70680519053958735 0.18008131106413977 0.02287035219048562 0.052107614552125127 -0.95842970945938899 -0.0063353213515770787 0.15035293606874803 0.85145545867008543 -0.045414978733908956 0.031219722510702184 -0.51163158540342346 0.97579699859525026 -0.37811480419641785
leaf_weight=195 109 38 48 395 50 78 2871 67 118 292 44 54 35 40
leaf_count=195 109 38 48 395 50 78 2871 67 118 292 44 54 35 40
internal_value=0.000234393 4.62107e-05 0.000177156 0.00367713 -0.00022875 -0.00854962 6.45335e-05 0.00293706 0.00894737 0.000770465 0.00459215 0.00142857 0.0141463 0.000363636
internal_weight=4434 4325 4287 443 3844 128 3716 845 225 620 328 249 79 107
internal_count=4434 4325 4287 443 3844 128 3716 845 225 620 328 249 79 107
cat_boundaries=0 2
cat_threshold=1463975936 2
is_linear=0
shrinkage=0.04


Tree=283
num_leaves=15
num_cat=3
split_feature=9 0 15 14 12 12 24 9 15 2 11 0 0 26
split_gain=4.55478 9.03044 6.38602 7.7694 6.59977 5.53995 5.28808 5.15281 8.90134 4.94553 8.95465 8.17362 7.0179 10.4722
threshold=32.45000000000001 0 15.026225297624013 27.440692640692646 18.809090909090912 25.013636363636369 4232.8662915278701 30.050000000000004 12.373900327932459 658.02790700000003 1.7657680000000002 1 2 2.7700278361837705
decision_type=8 9 10 10 10 8 8 8 10 2 10 9 9 10
left_child=7 2 4 -4 -2 -3 -7 9 -9 10 -1 -11 13 -12
right_child=1 5 3 -5 -6 6 -8 8 -10 11 12 -13 -14 -15
leaf_value=-0.07386852526620033 -0.5079043757659254 0.60980322798270148 -0.88095205894545081 0.18685041171643932 0.18657872314948123 -0.056185329469644565 0.018777961299990428 0.0081823759673424305 -0.48806734000971042 -0.11831948042461424 0.00087460022238161628 0.00016215456986513752 0.063835270464969937 -0.3170656668445952
leaf_weight=61 40 113 72 37 81 73 154 70 52 476 352 1597 1207 49
leaf_count=61 40 113 72 37 81 73 154 70 52 476 352 1597 1207 49
internal_value=0.000162272 0.0034904 -0.00263374 -0.00964286 0.00354839 0.00747875 0.004 -0.000331006 -0.00832 -6.40854e-05 0.00155502 -0.00136802 0.00213532 -0.00241546
internal_weight=4434 570 230 109 121 340 227 3864 122 3742 1669 2073 1608 401
internal_count=4434 570 230 109 121 340 227 3864 122 3742 1669 2073 1608 401
cat_boundaries=0 2 4 6
cat_threshold=2529706112 3 3360448512 66 546504704 9
is_linear=0
shrinkage=0.04


Tree=284
num_leaves=15
num_cat=2
split_feature=9 0 9 9 8 20 1 14 23 10 16 16 2 0
split_gain=4.10873 10.2169 7.54301 5.62233 7.8547 4.52728 5.69698 5.72333 4.58347 4.23342 4.89867 6.12421 4.04629 6.56293
threshold=32.250000000000007 0 35.750000000000007 36.050000000000004 55.644216597089816 5.5000000000000009 121.50000000000001 26.80209703947369 34.926844009000007 125.50000000000001 0.2312382739212008 0.12599206349206352 658.02790700000003 1
decision_type=8 9 10 10 10 2 2 10 10 10 8 10 2 9
left_child=12 2 -2 4 -3 -5 7 8 -7 -4 11 -11 -1 -14
right_child=1 3 9 5 -6 6 -8 -9 -10 10 -12 -13 13 -15
leaf_value=0.01614571749494189 -0.81776795838076966 0.0091824073071396489 0.1250737741149904 0.035896236947845599 0.73073228104154941 -0.039108765200705491 0.69857275023446508 0.022202418282505753 -1.2343714300918069 -0.026102729534792951 -0.55457747945990155 0.19940367407022133 -0.12038297646093465 -0.00049691968258542825
leaf_weight=1723 47 35 54 60 58 43 62 43 35 47 51 43 476 1657
leaf_count=1723 47 35 54 60 58 43 62 43 35 47 51 43 476 1657
internal_value=0.000306513 0.00344234 -0.00282353 0.0077937 0.01625 0.00471545 0.00150538 -0.00354839 -0.00987654 0.000606061 -0.00305556 0.00258065 -0.000165846 -0.00132959
internal_weight=4434 578 242 336 93 243 183 121 78 195 141 90 3856 2133
internal_count=4434 578 242 336 93 243 183 121 78 195 141 90 3856 2133
cat_boundaries=0 2 4
cat_threshold=2521448449 3 1214013440 66
is_linear=0
shrinkage=0.04


Tree=285
num_leaves=15
num_cat=2
split_feature=20 10 25 14 12 10 0 15 11 23 24 22 0 10
split_gain=3.03694 10.3249 8.4367 13.438 8.65967 6.57723 7.76058 9.09854 8.49894 10.408 5.72143 5.4885 4.74149 7.23209
threshold=8.5000000000000018 257.50000000000006 30.273810776609611 20.779683840749417 15.101666666666668 203.50000000000003 0 11.990665160944333 8.7657680000000031 37.547116876000011 3224.3949815719648 59.083464529000004 1 1.0000000180025095e-35
decision_type=2 10 10 8 10 10 9 8 10 10 10 2 9 8
left_child=12 5 3 4 -3 6 -2 8 9 11 -10 -8 -1 -14
right_child=1 2 -4 -5 -6 -7 7 -9 10 -11 -12 -13 13 -15
leaf_value=0.01175699090127214 0.15154166873954894 0.019608865181081115 -0.17935975709134222 0.4708513359274169 -0.83222874594762508 0.31464943738563911 -0.1591222858272662 0.16398847762162627 0.48856176556454101 -0.50127226868739472 -0.07425355096369686 0.1678842898830632 -0.11902265591663497 -0.0076898171496938205
leaf_weight=1239 250 75 36 41 52 146 52 153 52 92 43 39 170 1994
leaf_count=1239 250 75 36 41 52 146 52 153 52 92 43 39 170 1994
internal_value=0.000306513 0.00220503 -0.0057971 -0.00187135 -0.00830769 0.00419277 0.00251462 -0.000810811 -0.00512456 -0.0101075 0.0044898 -0.000425532 -0.000270112 -0.00139642
internal_weight=4434 1031 204 168 127 827 681 431 278 183 95 91 3403 2164
internal_count=4434 1031 204 168 127 827 681 431 278 183 95 91 3403 2164
cat_boundaries=0 2 4
cat_threshold=907046913 1 3278079780 28
is_linear=0
shrinkage=0.04


Tree=286
num_leaves=15
num_cat=2
split_feature=9 0 9 9 8 19 2 12 9 26 19 2 17 0
split_gain=3.55621 8.22126 7.9201 5.69222 5.07722 4.73155 5.22513 4.9757 4.55889 7.64732 4.78632 3.56147 7.57648 8.32346
threshold=32.45000000000001 0 36.050000000000004 36.050000000000004 55.645613500000003 1079.4484841250176 683.82469900000012 43.800000000000011 30.050000000000004 1.0988747505044001 1140.3671323803715 658.02790700000003 69.500000000000014 1
decision_type=8 9 10 10 10 10 2 10 10 10 10 2 10 9
left_child=8 2 -2 4 -3 -5 7 -7 11 -10 -11 -1 13 -13
right_child=1 3 -4 5 -6 6 -8 -9 9 10 -12 12 -14 -15
leaf_value=0.017334404919312759 -0.78474964735955099 0.020187935559572375 0.0059876382852528925 -0.04606413690397574 0.73555460883210488 0.12931790884113242 0.13421052950572515 -0.052998555031537928 -0.5751842574527295 0.28594000086880256 -0.18396847161175189 -0.1347429159614103 0.08740188515029379 0.00026506628238934129
leaf_weight=1669 45 35 164 65 55 93 73 40 44 42 36 511 94 1468
leaf_count=1669 45 35 164 65 55 93 73 40 44 42 36 511 94 1468
internal_value=0.000270453 0.00321117 -0.00306306 0.00673797 0.0154839 0.00394161 0.00688995 0.00205882 -0.000165503 -0.00768 0 8.54473e-05 -0.00102119 -0.00155399
internal_weight=4434 570 209 361 90 271 206 133 3864 122 78 3742 2073 1979
internal_count=4434 570 209 361 90 271 206 133 3864 122 78 3742 2073 1979
cat_boundaries=0 2 4
cat_threshold=2517254144 3 1210933394 2
is_linear=0
shrinkage=0.04


Tree=287
num_leaves=15
num_cat=0
split_feature=20 7 7 1 3 7 3 8 5 10 10 24 1 10
split_gain=3.42323 9.44309 9.35732 9.39057 8.06794 9.49676 8.63707 10.3598 10.9185 10.1622 9.14471 9.7815 8.26544 9.43984
threshold=7.5000000000000009 37.348065000000013 37.373646810293664 42.500000000000007 21.500000000000004 37.447962585509416 17.500000000000004 55.733728804094824 37.445711700000011 303.50000000000006 151.50000000000003 5188.7510418538723 104.50000000000001 179.50000000000003
decision_type=2 10 10 2 2 10 2 10 2 10 10 10 2 10
left_child=2 -2 3 -1 6 -6 7 8 12 -8 -10 -12 13 -3
right_child=1 4 -4 -5 5 -7 9 -9 10 -11 11 -13 -14 -15
leaf_value=-0.0015035120832957106 -0.25212754308618657 0.85369890179439178 -0.011917487922439535 1.2756900934327637 0.098726520961939637 -0.28996957386177324 0.50925453893635619 -0.33968606022319281 -0.023011532293743357 -0.07800526214656088 0.12192011296398036 -0.68738761527486414 2.1105489201649994 -0.073246292849124761
leaf_weight=88 38 59 2142 66 38 57 315 180 655 61 575 39 48 73
leaf_count=88 38 59 2142 66 38 57 315 180 655 61 575 39 48 73
internal_value=0.000306513 0.00145726 -0.00076555 0.00866242 0.00182596 -0.00938776 0.00237052 0.00110294 0.0022314 0.00781003 0.00091195 0.00440843 0.0113661 0.00592593
internal_weight=4434 2138 2296 154 2100 95 2005 1629 1449 376 1269 614 180 132
internal_count=4434 2138 2296 154 2100 95 2005 1629 1449 376 1269 614 180 132
is_linear=0
shrinkage=0.04


Tree=288
num_leaves=15
num_cat=2
split_feature=23 0 0 14 12 26 8 25 11 3 8 6 7 25
split_gain=3.454 6.83174 6.29853 8.44441 9.1795 6.26209 6.90196 6.55462 9.43677 5.7629 8.02959 14.3498 6.65078 6.57871
threshold=56.011518896500007 0 1 10.717510944340214 3.5225000000000009 1.0926993035707955 55.710091687335954 14.237049595464585 11.118590000000003 16.500000000000004 55.644913843681174 55.673303265000008 37.412608015120092 14.308271884526379
decision_type=10 9 9 8 10 10 10 10 10 2 10 2 8 10
left_child=2 9 3 4 -1 6 -5 -7 -9 12 -11 -12 -2 -14
right_child=1 -3 -4 5 -6 7 -8 8 -10 10 11 -13 13 -15
leaf_value=0.17275709859091604 -0.3865559098700207 0.0082857356516441889 0.00067480053064302933 0.067607188556853978 -0.42866390293832285 0.039971110762879507 -0.20900948292388005 0.98831451457138031 0.00054231107716056219 -0.98034569209419631 0.82667617281156813 -0.31835899357721703 0.030361226599605402 -0.050543944553954251
leaf_weight=69 38 946 1922 48 103 125 51 158 59 71 49 73 383 339
leaf_count=69 38 946 1922 48 103 125 51 158 59 71 49 73 383 339
internal_value=0.000216362 -0.00107256 0.00118203 0.00466454 -0.00274286 0.00765766 -0.00117647 0.0102029 0.0143636 -0.00343685 -0.00959184 -0.0032 -0.00188729 -0.000993103
internal_weight=4434 1899 2535 613 172 441 99 342 217 953 193 122 760 722
internal_count=4434 1899 2535 613 172 441 99 342 217 953 193 122 760 722
cat_boundaries=0 2 3
cat_threshold=2727442219 50 1669469480
is_linear=0
shrinkage=0.04


Tree=289
num_leaves=15
num_cat=2
split_feature=10 0 10 12 3 1 0 1 1 1 18 8 19 18
split_gain=3.34764 11.7402 9.1011 8.83434 7.16998 7.90643 6.56141 9.97969 8.30298 10.0568 5.78497 6.68015 5.72505 7.53901
threshold=67.500000000000014 0 74.500000000000014 13.658333333333335 21.500000000000004 19.500000000000004 1 -18.499999999999996 -37.499999999999993 -53.499999999999993 575.07730537027703 55.662889000000007 2.3068588175592102 3009.0045466882875
decision_type=10 9 10 10 2 2 9 2 2 2 10 10 8 10
left_child=1 -1 3 -2 6 -6 7 8 9 -4 11 -9 -3 -14
right_child=2 12 4 -5 5 -7 -8 10 -10 -11 -12 -13 13 -15
leaf_value=-0.068870229644955719 -0.67601598892114989 -0.0087166939664095368 -0.59758971926833815 0.0048241214270717597 0.0026558298269663541 -1.1588005804801913 0.019101314649305864 0.12956343496565256 -0.55616563105114936 0.46765986031661932 0.010713544211085982 -0.36278419142685864 0.12631545322558174 -0.024685149648225248
leaf_weight=379 46 259 160 39 50 42 1720 46 88 51 801 66 520 167
leaf_count=379 46 259 160 39 50 42 1720 46 88 51 801 66 520 167
internal_value=0.000216362 0.00189759 -0.000501285 -0.0131818 -0.000132144 -0.0109474 0.000218058 -0.00202449 -0.00834437 -0.00392523 4.36681e-05 -0.00834783 0.00425443 0.0062029
internal_weight=4434 1325 3109 85 3024 92 2932 1212 299 211 913 112 946 687
internal_count=4434 1325 3109 85 3024 92 2932 1212 299 211 913 112 946 687
cat_boundaries=0 2 4
cat_threshold=2156396775 96 1612010250 7
is_linear=0
shrinkage=0.04


Tree=290
num_leaves=15
num_cat=2
split_feature=22 20 19 3 23 11 23 10 19 10 0 11 3 0
split_gain=3.50957 4.30345 11.3143 13.3524 9.22364 10.4148 5.4313 7.18211 4.88261 4.77982 3.9172 10.0932 7.28504 19.0169
threshold=793.2529239175002 3.5000000000000004 842.42235217278073 8.5000000000000018 391.73199757150002 8.7657680000000031 2597.9353979625007 69.500000000000014 7.3285844778311047 183.50000000000003 0 16.833202500000002 11.500000000000002 1
decision_type=2 2 10 2 10 10 8 10 8 10 9 10 2 9
left_child=1 2 4 -4 -1 -6 10 -8 -7 -9 11 -3 13 -12
right_child=-2 6 3 -5 5 8 7 9 -10 -11 12 -13 -14 -15
leaf_value=-0.36058272986783807 0.07275808226109319 -0.018887200602285575 0.98247165163747863 -0.56084286676668105 0.071049372156303442 -0.83897120755807897 0.24012343659819316 -0.1899824645554628 -0.047331549090244777 0.1921165734191024 0.15746254740083715 0.39653914914946586 0.029109176884616089 -0.088451794077034129
leaf_weight=101 66 1290 35 37 75 38 45 35 47 57 407 58 1301 842
leaf_count=101 66 1290 35 37 75 38 45 35 47 57 407 58 1301 842
internal_value=0.000324544 0.000183024 -0.00416667 0.0096 -0.0080303 -0.00196319 0.000544824 0.00828571 -0.0113636 0.00168421 0.000266598 -0.00146951 0.00118611 -0.000990415
internal_weight=4434 4368 333 72 261 160 4035 137 85 92 3898 1348 2550 1249
internal_count=4434 4368 333 72 261 160 4035 137 85 92 3898 1348 2550 1249
cat_boundaries=0 2 4
cat_threshold=810619634 42 1099432200 4
is_linear=0
shrinkage=0.04


Tree=291
num_leaves=15
num_cat=1
split_feature=5 19 19 0 3 3 7 17 10 8 8 5 7 7
split_gain=2.7944 8.19946 8.10166 7.72722 8.13914 6.80652 6.70043 5.18765 5.25707 13.95 7.62999 7.70115 5.11074 8.13274
threshold=37.737280210000009 1748.6358722251082 1096.6095523548422 0 13.500000000000002 4.5000000000000009 37.81547254574091 26.500000000000004 204.50000000000003 55.730632666793731 55.651376863024915 37.831479960000003 37.74405500000001 37.707137462107291
decision_type=2 10 10 9 2 2 10 10 10 10 10 2 10 10
left_child=3 2 5 4 -1 -2 -4 8 10 -10 -7 -12 13 -5
right_child=1 -3 6 12 -6 7 -8 -9 9 -11 11 -13 -14 -15
leaf_value=-1.6806214274120244 0.9948594542060184 -0.2593435573579268 0.6161575819526699 0.0048609476914343117 0.0064526732775276232 -0.6211249092806137 0.024981248159564873 0.043660420989737249 0.75005363368993982 -0.32632938365854075 0.40625628046675311 -0.078019303104568116 0.86348583249516875 -0.16284293338301098
leaf_weight=55 58 39 44 3289 56 72 39 96 35 46 39 119 53 394
leaf_count=55 58 39 44 3289 56 72 39 96 35 46 39 119 53 394
internal_value=0.000216362 0.00277966 0.00406534 -0.000176623 -0.01 0.00196581 0.0153488 9.7561e-05 -0.00242038 0.00619048 -0.00549356 -0.000496894 0.000149373 -3.25556e-05
internal_weight=4434 587 548 3847 111 465 83 407 311 81 230 158 3736 3683
internal_count=4434 587 548 3847 111 465 83 407 311 81 230 158 3736 3683
cat_boundaries=0 1
cat_threshold=98306
is_linear=0
shrinkage=0.04


Tree=292
num_leaves=15
num_cat=0
split_feature=3 6 20 7 11 7 3 24 6 8 13 8 8 23
split_gain=2.82649 8.56769 3.05126 9.51296 9.38737 8.69412 6.63703 7.09533 7.67549 6.91002 8.92719 7.52788 9.20103 7.47921
threshold=2.5000000000000004 55.643770265000008 7.5000000000000009 37.348065000000013 1.8864580000000002 37.373646810293664 5.5000000000000009 3238.4422044971438 55.723376895000008 55.576096230814606 16.063967213114758 55.654265167876062 55.65031121900919 120.91653547100002
decision_type=2 2 2 10 8 10 2 10 2 10 10 10 10 8
left_child=1 -1 4 -4 -2 -6 7 8 -7 10 -8 12 -11 -13
right_child=2 -3 3 -5 5 6 9 -9 -10 11 -12 13 -14 -15
leaf_value=-0.3631744760340056 -0.23934318219993203 0.018512252682535292 -0.24402453554421499 0.018585254074782825 0.38410354679233877 0.064274264000052456 0.0028702353824462535 -0.34327367824395821 1.5333420660602519 0.019756017867230979 -1.9101907724185321 -0.0043608584641572183 0.76360960142759593 -0.18340788785901055
leaf_weight=42 107 69 38 2035 140 133 43 64 55 559 45 757 48 299
leaf_count=42 107 69 38 2035 140 133 43 64 55 559 45 757 48 299
internal_value=0.000252423 -0.00596491 0.000416089 0.00152216 -0.00060364 -1.86393e-05 -0.000697906 0.00533333 0.00921466 -0.00157355 -0.0123077 -0.000984394 0.00255738 -0.00302172
internal_weight=4434 111 4323 2073 2250 2143 2003 252 188 1751 88 1663 607 1056
internal_count=4434 111 4323 2073 2250 2143 2003 252 188 1751 88 1663 607 1056
is_linear=0
shrinkage=0.04


Tree=293
num_leaves=15
num_cat=1
split_feature=5 26 18 10 10 17 10 26 7 8 26 7 10 0
split_gain=3.36773 3.68356 3.63432 8.72041 9.92354 8.8866 6.96187 5.99007 12.7372 8.6244 7.51347 10.195 6.9001 12.6697
threshold=37.858991355000008 1.2175348977263012 4624.9935482237161 217.50000000000003 173.50000000000003 23.500000000000004 286.50000000000006 1.1307657693551134 37.707137462107291 55.728122363288556 1.0460717964229798 37.414272293425618 62.500000000000007 0
decision_type=2 10 8 10 8 10 10 10 10 10 10 10 10 9
left_child=2 -2 7 4 -4 6 -5 8 9 -1 11 -11 13 -9
right_child=1 -3 3 5 -6 -7 -8 12 -10 10 -12 -13 -14 -15
leaf_value=0.0065736143512953402 0.070440216842725598 -0.010773027705013191 0.0125751322728315 -0.0072614795896169685 1.0412733071938067 -0.14432247029531439 0.15770437536745532 -0.17187479168444925 -0.48374387686299941 0.0034572079911397947 0.004811976185915938 -0.84224955653742029 -0.006130671844683775 0.10343796722019732
leaf_weight=768 52 45 380 40 61 108 38 213 164 44 78 67 1861 515
leaf_count=768 52 45 380 40 61 108 38 213 164 44 78 67 1861 515
internal_value=0.000342574 0.0076 0.000175115 0.00298413 0.00603604 -0.0042328 0.00592593 -0.000301643 -0.00274021 -0.000958333 -0.00854167 -0.0150877 0.000756173 0.00404925
internal_weight=4434 97 4337 627 441 186 78 3710 1121 957 189 111 2589 728
internal_count=4434 97 4337 627 441 186 78 3710 1121 957 189 111 2589 728
cat_boundaries=0 2
cat_threshold=2173313216 36
is_linear=0
shrinkage=0.04


Tree=294
num_leaves=15
num_cat=1
split_feature=23 0 23 1 18 13 6 3 1 10 10 11 3 10
split_gain=3.92374 3.55522 6.06255 5.94861 7.78254 7.32003 8.03862 6.6808 6.21521 7.71769 7.7131 7.62471 7.69765 6.27567
threshold=7411.4166675790011 0 4290.1281345435009 88.500000000000014 1214.3765688020974 3.9497198879551827 55.740878340000002 5.5000000000000009 11.500000000000002 91.500000000000014 307.50000000000006 3.1650740000000006 15.500000000000002 246.50000000000003
decision_type=10 9 8 2 10 10 2 2 2 10 10 10 2 10
left_child=1 2 3 8 5 -5 -7 -6 9 -1 13 -10 -13 -11
right_child=-2 -3 -4 4 7 6 -8 -9 11 10 -12 12 -14 -15
leaf_value=0.1270128798887982 -0.62502790467306302 -0.0031288522984628032 0.91069064231465269 -0.73895160145309835 -0.090157257294428347 0.26771317191181498 -0.24004245962818702 0.51438085017652102 0.1471259903601333 -0.0099034484476758517 0.24958275872573757 -0.07033916003934565 -0.49092163374291858 -0.10648476791062279
leaf_weight=237 36 2990 53 36 50 87 44 201 55 215 64 229 69 68
leaf_count=237 36 2990 53 36 50 87 44 201 55 215 64 229 69 68
internal_value=0.000324544 0.000436264 0.00208304 0.00156112 0.00551069 -0.00117647 0.00328358 0.00992126 -0.000212766 0.00231687 -0.00148571 -0.00438202 -0.0069103 -0.00433566
internal_weight=4434 4398 1408 1355 418 167 131 251 937 584 347 353 298 283
internal_count=4434 4398 1408 1355 418 167 131 251 937 584 347 353 298 283
cat_boundaries=0 1
cat_threshold=1742906632
is_linear=0
shrinkage=0.04


Tree=295
num_leaves=15
num_cat=1
split_feature=5 26 3 8 18 5 5 24 23 0 26 10 3 20
split_gain=3.50299 3.68356 3.61551 8.6365 10.4901 8.71519 6.10465 7.87212 4.16781 12.5269 7.96623 10.3235 7.16548 6.79995
threshold=37.858991355000008 1.2175348977263012 3.5000000000000004 55.713763422634983 4746.8661778750566 37.48183860000001 37.523448235000011 3218.1408620836651 121.97209252300001 0 1.3676363803995699 5.5000000000000009 13.500000000000002 7.5000000000000009
decision_type=2 10 2 10 10 2 2 10 10 9 8 10 2 2
left_child=2 -2 3 4 5 -1 -7 -8 -4 12 11 -11 -10 -12
right_child=1 -3 8 -5 -6 6 7 -9 9 10 13 -13 -14 -15
leaf_value=-1.0739503293894612 0.08099723923432503 -0.010216952504874257 0.0075392853612662241 0.35279821497231206 0.15265026320180064 0.27573279513246407 -0.16018963799276029 0.092194060429654889 0.12940973593687333 -0.65296355506580395 -1.06632285326994 -0.0046217591397756056 -0.042458081256211248 -0.006816689696552203
leaf_weight=51 52 45 3281 48 38 40 90 39 191 39 80 251 154 35
leaf_count=51 52 45 3281 48 38 40 90 39 191 39 80 251 154 35
internal_value=0.000198332 0.0076 2.76498e-05 -0.00414239 -0.00704981 -0.0104036 -0.00581395 -0.01 0.00034705 -0.00233732 -0.00698565 -0.00354949 0.00324022 -0.0159322
internal_weight=4434 97 4337 306 258 220 169 129 4031 750 405 290 345 115
internal_count=4434 97 4337 306 258 220 169 129 4031 750 405 290 345 115
cat_boundaries=0 2
cat_threshold=3311633089 97
is_linear=0
shrinkage=0.04


Tree=296
num_leaves=15
num_cat=0
split_feature=5 26 2 19 19 24 18 10 11 11 7 17 10 10
split_gain=3.40131 3.68356 3.3297 6.39452 8.13411 7.89419 9.09898 7.80494 6.16143 8.55579 5.38143 13.7655 13.2689 6.54594
threshold=37.858991355000008 1.2175348977263012 659.0834645000001 931.27692426724423 2548.517194083608 5254.410650026749 4560.3303847475572 126.50000000000001 74.443140000000014 27.059933000000004 37.70744360366453 26.500000000000004 128.50000000000003 260.50000000000006
decision_type=2 10 2 8 10 10 8 10 8 10 10 10 10 10
left_child=2 -2 3 -1 5 6 -5 -7 9 10 -4 -12 -13 -14
right_child=1 -3 8 4 -6 7 -8 -9 -10 -11 11 12 13 -15
leaf_value=0.054305899864033336 0.077757349664952097 -0.0098082744046791969 0.0006294473520918587 -0.020355594444204001 0.26917407976032914 0.005983716143091726 1.6381508684115835 -0.34284624617451981 0.083190452698844272 -0.3131278290588721 -0.41182804450164756 0.47260698293443187 -0.52248275927021159 0.056113324063968392
leaf_weight=1060 52 45 1767 774 39 49 36 67 39 35 300 79 48 44
leaf_count=1060 52 45 1767 774 39 49 36 67 39 35 300 79 48 44
internal_value=0.000306513 0.0076 0.000138249 0.0013215 -0.00103306 -0.0018084 -0.000393604 -0.0114286 -0.000898488 -0.0011775 -0.00085676 -0.00464135 0.00436782 -0.00589474
internal_weight=4434 97 4337 2025 965 926 810 116 2312 2273 2238 471 171 92
internal_count=4434 97 4337 2025 965 926 810 116 2312 2273 2238 471 171 92
is_linear=0
shrinkage=0.04


Tree=297
num_leaves=15
num_cat=1
split_feature=22 0 10 2 19 19 1 1 1 3 13 23 23 9
split_gain=4.01017 3.2954 5.66564 5.11242 6.77825 8.4013 6.67392 7.12925 6.5896 5.07294 7.07747 6.11453 8.03694 6.01439
threshold=808.91311840800006 0 334.50000000000006 665.53866950000008 1166.4235641450039 1009.8462986577575 10.500000000000002 58.500000000000007 136.50000000000003 3.5000000000000004 0.13750000000000004 2356.3214924235003 3624.8655530590004 7.7500000000000009
decision_type=2 9 10 2 8 8 2 2 2 2 10 8 10 10
left_child=1 9 3 -3 5 -5 -6 -8 -9 10 -1 -11 -13 -12
right_child=-2 2 -4 4 6 -7 7 8 -10 11 13 12 -14 -15
leaf_value=0.034639782967545614 0.070209087327558137 0.020615066731528488 0.056490701273979767 -0.028836591422701865 0.11571996362269032 -1.2690077913551459 -0.70935856932164054 0.47387066090510177 -0.073274748070116399 -0.0057426856470890898 -0.42934853465062989 0.17194805425867415 -0.071944131209974962 -0.020557525200974282
leaf_weight=43 58 1283 131 400 123 56 42 38 64 1978 47 48 47 76
leaf_count=43 58 1283 131 400 123 56 42 38 64 1978 47 48 47 76
internal_value=0.000306513 0.000164421 0.00128372 0.000756595 -0.00192837 -0.00488017 0.00311111 -0.00272109 0.00304762 -0.000905861 -0.00757396 -0.000366089 0.00938776 -0.012381
internal_weight=4434 4376 2137 2006 723 456 267 144 102 2239 166 2073 95 123
internal_count=4434 4376 2137 2006 723 456 267 144 102 2239 166 2073 95 123
cat_boundaries=0 2
cat_threshold=2954183411 59
is_linear=0
shrinkage=0.04


Tree=298
num_leaves=15
num_cat=1
split_feature=5 0 9 15 9 24 26 8 8 17 9 13 3 2
split_gain=4.0587 3.83964 6.54247 6.54196 6.85024 6.11652 11.431 14.4718 9.75461 7.29337 6.72095 11.3329 8.01438 7.43519
threshold=37.858991355000008 0 32.250000000000007 14.909379845404013 40.650000000000013 3769.6815577191305 1.0874355643124334 55.667801000000004 55.614236166017264 55.500000000000007 18.450000000000003 11.762828947368421 4.5000000000000009 625.0731555000001
decision_type=2 9 10 10 10 10 10 10 8 10 10 8 2 2
left_child=1 -1 5 4 -4 8 9 -8 -3 -7 11 12 -10 -14
right_child=-2 2 3 -5 -6 6 7 -9 10 -11 -12 -13 13 -15
leaf_value=-0.007139750365206865 0.031505351661655821 2.0283534444754032 0.5812480189557343 0.0047871273760591391 0.0071538841798712482 -0.00059690455766159116 -0.71762445332376035 0.011321135870538335 0.13424374700509931 0.41201307970036966 -0.099315298940690661 0.11639198387796285 0.19503959979027854 -0.13244561291778645
leaf_weight=2018 97 82 97 176 51 248 154 130 53 49 275 427 93 484
leaf_count=2018 97 82 97 176 51 248 154 130 53 49 275 427 93 484
internal_value=0.000432725 0.000248848 0.00135506 0.0066055 0.0127152 0.000500501 -0.00294521 -0.00864111 0.00191955 0.00253333 0.00107865 0.0025283 -0.000884676 -0.00227586
internal_weight=4434 4337 2319 324 148 1995 581 284 1414 297 1332 1057 630 577
internal_count=4434 4337 2319 324 148 1995 581 284 1414 297 1332 1057 630 577
cat_boundaries=0 2
cat_threshold=2988261490 35
is_linear=0
shrinkage=0.04


Tree=299
num_leaves=15
num_cat=1
split_feature=0 11 18 23 24 7 15 9 1 23 18 10 26 26
split_gain=3.10617 5.40498 11.5267 10.261 6.65096 7.40762 12.5076 9.78498 5.90705 5.85531 5.35242 5.15596 4.99351 7.20811
threshold=0 10.350714000000002 547.90243311266408 961.05555705200015 2961.5640362265608 37.56914850526293 11.545725545607636 4.7500000000000009 372.50000000000006 3361.0555570520005 615.33338206697738 133.50000000000003 2.7700278361837705 2.1363867019763156
decision_type=9 10 10 8 10 10 8 10 2 10 10 8 10 10
left_child=1 3 -3 8 5 -4 7 -7 10 -5 11 -1 13 -12
right_child=-2 2 4 9 -6 6 -8 -9 -10 -11 12 -13 -14 -15
leaf_value=-0.026365232929758519 0.010319669022312485 -0.11107923448210258 0.41086755974433348 0.22214510299573989 -0.0015293274000791257 -0.014991658506307886 -0.94160498469102294 0.64722442333387431 0.53412215172622046 -0.11415190542859392 -0.076853917233477065 0.67658059010289662 -0.36843132553553742 0.24320821242367716
leaf_weight=51 2242 88 173 81 341 53 47 42 38 38 1006 68 58 108
leaf_count=51 2242 88 173 81 341 53 47 42 38 38 1006 68 58 108
internal_value=0.000234393 -0.000834467 0.00192771 -0.00226051 0.00376328 0.00792453 0.00110345 0.00938776 -0.00327327 0.00885246 -0.00374034 0.0042623 -0.0045617 -0.00393912
internal_weight=4434 2192 744 1448 656 315 142 95 1329 119 1291 119 1172 1114
internal_count=4434 2192 744 1448 656 315 142 95 1329 119 1291 119 1172 1114
cat_boundaries=0 2
cat_threshold=2953659126 59
is_linear=0
shrinkage=0.04


Tree=300
num_leaves=15
num_cat=3
split_feature=5 23 22 0 0 3 22 8 19 0 25 3 6 23
split_gain=3.48594 3.272 6.03471 11.6692 10.956 9.42776 11.7354 8.45861 7.73367 7.71576 8.92246 7.59277 9.7756 7.59811
threshold=37.858991355000008 53.471291213500002 115.93281013400001 0 1 13.500000000000002 171.46575742150003 55.616113262801377 1381.6075875204954 2 4.1806564064640286 11.500000000000002 55.63426728000001 153.04529662800002
decision_type=2 10 2 9 9 2 2 10 8 9 10 2 2 10
left_child=1 -1 4 7 8 9 -7 -4 -3 -5 -11 12 -6 -13
right_child=-2 2 3 5 11 6 -8 -9 -10 10 -12 13 -14 -15
leaf_value=0.0084841478949097757 0.029832350834296903 -0.47779157061432898 -0.19229285734050819 -0.041031301933878057 -1.1834038337840875 0.60642961145248309 -0.43040973413577022 0.26953077891582666 0.033059120554409419 -0.028250622007497554 0.45520494419536689 0.048248953703261516 -0.0086691018313975118 -0.15431490745576298
leaf_weight=2416 97 192 40 106 95 35 160 203 61 53 112 434 335 95
leaf_count=2416 97 192 40 106 95 35 160 203 61 53 112 434 335 95
internal_value=0.000216362 4.60829e-05 -0.00118503 0.00174157 -0.00289712 -0.00200418 -0.00868687 0.00859375 -0.0100752 0.00277372 0.00786517 -0.000864198 -0.0048037 0.00233083
internal_weight=4434 4337 1921 709 1212 466 195 243 253 271 165 959 430 529
internal_count=4434 4337 1921 709 1212 466 195 243 253 271 165 959 430 529
cat_boundaries=0 2 4 5
cat_threshold=394367105 96 545329888 32 135791724
is_linear=0
shrinkage=0.04


Tree=301
num_leaves=15
num_cat=1
split_feature=0 20 18 24 22 1 23 10 22 19 19 11 20 7
split_gain=3.77336 6.30305 5.38534 6.16062 5.07896 5.0768 6.54503 5.25661 4.99176 6.95501 7.95406 6.21339 7.65626 5.88777
threshold=0 8.5000000000000018 5927.6571901265579 5254.410650026749 36.718549374500007 5.5000000000000009 62.978373979000004 72.500000000000014 115.93281013400001 1738.5205111777113 1367.2638685995855 14.765768000000003 6.5000000000000009 37.828769452436383
decision_type=9 2 10 10 2 2 10 10 2 8 10 10 2 10
left_child=-1 8 3 4 -3 -6 7 -7 11 10 -10 13 -13 -2
right_child=1 2 -4 -5 5 6 -8 -9 9 -11 -12 12 -14 -15
leaf_value=-0.0049397026092090355 0.0042710789870136169 0.0011120099693198427 0.22232325945436568 -0.068388392467189807 0.63169723495211738 -0.14283206454882688 -0.16831823659831741 1.0094464558296992 0.034793737327763669 -0.15417009238232518 0.39378155406323517 0.015928965349537735 -0.87233685067062172 -0.44382446816543908
leaf_weight=2313 847 150 38 41 118 36 40 52 511 63 44 44 76 61
leaf_count=2313 847 150 38 41 118 36 40 52 511 63 44 44 76 61
internal_value=0.000342574 0.00155576 0.00560669 0.00427273 0.00581454 0.00931727 0.00366412 0.00967033 0.000388114 0.00322061 0.0046595 -0.00131911 -0.0097561 -0.000175631
internal_weight=4434 2121 475 437 396 246 128 88 1646 618 555 1028 120 908
internal_count=4434 2121 475 437 396 246 128 88 1646 618 555 1028 120 908
cat_boundaries=0 2
cat_threshold=2149401319 63
is_linear=0
shrinkage=0.04


Tree=302
num_leaves=15
num_cat=0
split_feature=16 7 7 6 26 5 11 11 3 1 1 26 10 17
split_gain=3.32933 3.4226 13.9728 9.57591 10.5151 13.6414 8.7911 10.3047 7.99576 7.55645 10.1303 8.50454 7.30696 11.0667
threshold=1.0000000180025095e-35 37.687037000000011 37.693354000000006 55.658633080000008 1.7638753695707765 37.823139700000006 4.8354865000000009 5.8354865000000009 5.5000000000000009 75.500000000000014 215.50000000000003 1.4759194806216192 170.50000000000003 27.500000000000004
decision_type=8 10 10 2 10 2 10 10 2 2 2 10 10 10
left_child=-1 -2 -3 6 5 9 -4 -8 -7 11 -11 -5 13 -9
right_child=1 2 3 4 -6 8 7 12 -10 10 -12 -13 -14 -15
leaf_value=-0.019912760212639709 -0.0025205672054221394 0.60299167605500492 0.30701862603029612 -1.1295086662566503 0.088750711753858694 1.4866995286554947 -0.3600190911361203 -0.10561299256157342 -0.015441495408430228 0.10840891341476901 -1.0915677539087552 -0.11856582459810128 0.27467474149502791 0.18355664891056905
leaf_weight=69 3015 97 154 125 187 39 52 172 166 70 39 56 128 65
leaf_count=69 3015 97 154 125 187 39 52 172 166 70 39 56 128 65
internal_value=0.000198332 0.000338828 0.00201035 0.000859873 -0.00233577 -0.00538153 0.00466899 0.00161905 0.0025 -0.0109215 -0.0025 -0.0158696 0.00402174 -0.000166667
internal_weight=4434 4365 1350 1253 682 495 571 417 205 290 109 181 365 237
internal_count=4434 4365 1350 1253 682 495 571 417 205 290 109 181 365 237
is_linear=0
shrinkage=0.04


Tree=303
num_leaves=15
num_cat=0
split_feature=16 7 7 6 11 25 18 5 10 13 13 23 13 25
split_gain=3.35749 3.04176 8.53753 9.31936 8.48867 7.97593 11.1517 11.4269 8.72136 8.21801 7.40549 6.97851 6.89267 7.57461
threshold=1.0000000180025095e-35 37.687037000000011 37.693354000000006 55.658633080000008 4.8354865000000009 18.122331687668574 1539.3153451604151 37.81759447000001 275.50000000000006 11.424526315789477 12.363333333333335 1880.9720772285002 8.8141369047619076 15.365270867305627
decision_type=8 10 10 2 10 10 10 2 10 10 8 10 10 10
left_child=-1 -2 -3 4 -4 6 7 9 12 -5 -6 -9 -8 -14
right_child=1 2 3 5 10 -7 8 11 -10 -11 -12 -13 13 -15
leaf_value=-0.01911624980413407 -0.0024197445172057996 0.57887200901280467 0.29473788098908416 -0.56263563933178229 -0.016437329152754431 0.90697819724767215 0.021259451137423471 0.54451634035697483 0.04254855564332985 0.021456248983225238 0.20973679055968775 -0.069638945283876263 -1.3681651152284007 -0.17896534030688202
leaf_weight=69 3015 97 154 92 276 99 43 87 41 115 141 36 79 90
leaf_count=69 3015 97 154 92 276 99 43 87 41 115 141 36 79 90
internal_value=0.000234393 0.000375458 0.00195122 0.00105096 0.00480836 -0.00210219 -0.00389078 0.000960961 -0.0101563 -0.0047619 0.00180952 0.0104762 -0.0133953 -0.0169767
internal_weight=4434 4365 1350 1253 571 682 583 330 253 207 417 123 212 169
internal_count=4434 4365 1350 1253 571 682 583 330 253 207 417 123 212 169
is_linear=0
shrinkage=0.04


Tree=304
num_leaves=15
num_cat=2
split_feature=16 19 14 23 1 19 0 3 8 3 24 0 16 10
split_gain=3.31586 9.44849 3.03697 3.64814 6.2744 11.8452 9.32344 9.21109 10.155 8.16 9.18595 8.58757 11.7575 7.13055
threshold=0.039230769230769243 1152.3952896549401 89.379285714285729 58.452861869500005 87.500000000000014 87.218170222291533 0 18.500000000000004 55.650745996106906 11.500000000000002 2777.5522161765525 1 0.28966437833714725 229.50000000000003
decision_type=8 8 8 10 2 10 9 2 10 2 10 9 10 10
left_child=1 -1 3 4 6 -6 -2 9 -9 11 -11 12 -7 -13
right_child=2 -3 -4 -5 5 7 -8 8 -10 10 -12 13 -14 -15
leaf_value=-0.39862706759178268 -0.076075488501890304 0.011561725143946263 0.011330226126405876 -0.009923334225136209 1.4183391449143687 1.5586994367165818 0.013770659929666512 -0.84123671378950238 1.6160419105691812 -0.0057588047270312791 0.61726207404549516 0.0016576489263891859 -0.050728265673175774 -0.79812060209672264
leaf_weight=36 420 62 51 1810 58 60 1278 89 40 54 194 150 57 75
leaf_count=36 420 62 51 1810 58 60 1278 89 40 54 194 150 57 75
internal_value=3.60604e-05 -0.00712871 0.000202812 8.39552e-05 0.00108152 0.00405128 -0.000282187 0.00260388 -0.0069697 0.00472175 0.0101992 0.000695652 0.00892308 -0.00386555
internal_weight=4434 98 4336 4285 2475 777 1698 719 129 590 248 342 117 225
internal_count=4434 98 4336 4285 2475 777 1698 719 129 590 248 342 117 225
cat_boundaries=0 2 3
cat_threshold=872972358 5 2014838792
is_linear=0
shrinkage=0.04


Tree=305
num_leaves=15
num_cat=0
split_feature=2 17 19 23 26 11 3 13 22 15 25 22 9 11
split_gain=3.07487 7.79018 6.89587 7.40907 6.7565 6.16745 5.99241 8.32097 9.38754 11.3339 8.73275 9.71135 8.01636 7.02237
threshold=659.0834645000001 13.500000000000002 830.21958802905249 113.47129121350001 4.8490266545543461 74.443140000000014 13.500000000000002 21.444505494505503 91.371687411000011 12.7057597178477 18.493411498727237 27.413296453500003 27.250000000000004 5.0342420000000008
decision_type=2 10 10 10 10 8 2 10 2 10 10 2 10 10
left_child=1 -1 4 6 -3 -2 7 8 9 10 11 -4 -8 -11
right_child=5 2 3 -5 -6 -7 12 -9 -10 13 -12 -13 -14 -15
leaf_value=-0.27389810759939553 -0.0066241861553419769 0.086440941876229055 0.73727146514497577 -0.48672219291570096 -0.086596461676402045 0.081396218710870619 0.0013053602255253339 -0.68032702924600064 0.57235074396249008 0.87553266296577481 -0.57378385330297987 -0.20516018978765277 0.37105935636242848 -0.039521024693127509
leaf_weight=41 2333 910 37 86 36 39 304 124 100 49 41 132 116 86
leaf_count=41 2333 910 37 86 36 39 304 124 100 49 41 132 116 86
internal_value=7.21208e-05 0.00120097 0.00156126 -0.000630798 0.00404636 -0.000909474 0.000362903 -0.00230769 0.000267857 -0.00287356 -0.0086385 -0.0044186 0.00397163 0.00608696
internal_weight=4434 2062 2021 1075 946 2372 989 569 445 345 210 169 420 135
internal_count=4434 2062 2021 1075 946 2372 989 569 445 345 210 169 420 135
is_linear=0
shrinkage=0.04


Tree=306
num_leaves=15
num_cat=1
split_feature=0 15 19 14 14 1 1 16 1 19 15 24 6 15
split_gain=3.94334 4.46981 12.1733 9.63146 7.33979 7.70998 12.3632 10.3528 9.63885 9.34081 7.98981 8.81488 6.54641 7.28296
threshold=0 12.084714994879759 1458.3374845450055 13.047406116918314 14.252419354838713 5.5000000000000009 -40.499999999999993 0.15034246575342466 -9.4999999999999982 1810.0934265948547 17.796876407719118 2881.1203802868808 55.658633080000008 10.912189229396986
decision_type=9 8 10 8 8 2 2 8 2 10 8 10 2 10
left_child=-1 2 12 -3 -5 6 -6 -7 -8 10 11 -9 13 -2
right_child=1 3 -4 4 5 7 8 9 -10 -11 -12 -13 -14 -15
leaf_value=-0.0063592187091282984 0.063431489343794278 -0.42779269493167138 0.3720879458757051 0.36976087722541534 -0.47677975139584194 -0.27047498891719995 0.31492910459603568 -0.56766468366460288 0.01993613693904929 0.41308240199839019 -0.57728521322735293 0.041973514658001816 -0.0050651295191775601 0.69757093250312108
leaf_weight=2401 371 81 62 52 101 108 69 43 79 99 37 143 724 64
leaf_count=2401 371 81 62 52 101 108 69 43 79 99 37 143 724 64
internal_value=1.80302e-05 0.00130987 0.00284314 -0.000981595 0.000490463 -0.000645161 0.00492063 -0.00387991 0.0121854 -0.000246154 -0.00477876 -0.00126984 0.00189329 0.00575342
internal_weight=4434 2033 1221 812 731 679 249 430 148 322 223 186 1159 435
internal_count=4434 2033 1221 812 731 679 249 430 148 322 223 186 1159 435
cat_boundaries=0 2
cat_threshold=2728215267 23
is_linear=0
shrinkage=0.04


Tree=307
num_leaves=15
num_cat=0
split_feature=1 1 16 14 18 11 5 11 14 16 3 18 1 3
split_gain=2.57852 3.229 8.22728 6.39401 2.40065 7.10602 8.83769 6.17384 5.45894 8.62014 7.44515 4.81132 4.60222 10.8533
threshold=-219.49999999999997 -141.49999999999997 0.33105022831050229 14.405934343434344 575.07730537027703 12.075762000000003 37.747121420000006 14.114214000000002 0.62152380952380959 0.42967032967032975 8.5000000000000018 615.33338206697738 104.50000000000001 19.500000000000004
decision_type=2 2 10 10 8 10 2 10 10 10 2 8 2 2
left_child=-1 2 3 -2 5 6 8 -7 10 -10 -3 -6 -13 -14
right_child=1 4 -4 -5 11 7 -8 -9 9 -11 -12 12 13 -15
leaf_value=0.064522824310849963 -2.3608814852969129 -0.08173604647340113 0.18858756300456919 -0.010901136978744716 0.88116172874774334 -0.40308028648875394 0.22827849114199211 -0.022469670252433006 -0.020172978798133841 -0.53993882543152982 0.43544217723819556 -0.0043539061878029627 0.048473352573438579 -0.2746602424871662
leaf_weight=45 37 37 41 53 36 47 60 84 149 51 66 2642 925 161
leaf_count=45 37 37 41 53 36 47 60 84 149 51 66 2642 925 161
internal_value=-5.40906e-05 -0.000154827 -0.00626866 -0.0129032 3.75499e-05 -0.00257545 0.000327869 -0.0104478 -0.00248366 -0.00630542 0.00490566 0.000382267 0.000235862 0.00242424
internal_weight=4434 4389 131 90 4258 494 363 131 303 200 103 3764 3728 1086
internal_count=4434 4389 131 90 4258 494 363 131 303 200 103 3764 3728 1086
is_linear=0
shrinkage=0.04


Tree=308
num_leaves=15
num_cat=3
split_feature=0 10 0 12 0 6 7 15 9 11 15 15 18 3
split_gain=3.16187 5.1466 8.56364 7.43438 12.1839 7.1721 7.60806 8.02034 8.54235 6.80323 8.17389 6.96429 6.1405 5.8533
threshold=0 123.50000000000001 1 14.710267857142858 2 55.803551360000007 37.482929347131623 11.784399823234347 20.250000000000004 9.3285570000000018 11.189127260513557 13.923103763845328 1036.6410909220526 7.5000000000000009
decision_type=9 10 9 10 9 2 10 10 10 10 8 10 10 2
left_child=1 2 -1 5 -5 6 -3 8 13 -4 12 -12 -11 -8
right_child=-2 3 9 4 -6 -7 7 -9 -10 10 11 -13 -14 -15
leaf_value=0.0014541221528349979 0.0076083912844417513 -0.037569895735254023 -0.16999022493878546 0.04598224270575145 -0.047601762328913541 0.76925077158893285 -0.028929775434681206 0.38645508729788608 -0.19993130020357996 -0.029037823309218648 -0.9071117516313143 0.0071742011640511198 0.4021197293352809 0.20764278424274252
leaf_weight=477 2318 133 254 230 315 38 106 76 42 35 37 37 66 270
leaf_count=477 2318 133 254 230 315 38 106 76 42 35 37 37 66 270
internal_value=-0.000126211 -0.00124002 -0.00352035 0.000461665 -0.0029927 0.00329341 0.00222222 0.00450704 0.00228029 -0.00751131 -0.00157303 -0.0114286 0.00576923 0.00422164
internal_weight=4434 2116 906 1210 545 665 627 494 418 429 175 74 101 376
internal_count=4434 2116 906 1210 545 665 627 494 418 429 175 74 101 376
cat_boundaries=0 2 4 5
cat_threshold=2160935679 19 12665356 3 2148270222
is_linear=0
shrinkage=0.04


Tree=309
num_leaves=15
num_cat=1
split_feature=0 10 22 23 19 18 7 14 14 8 14 25 3 9
split_gain=2.82578 5.13763 4.66033 6.18428 6.0581 5.71616 6.97308 8.80158 11.2147 8.26703 8.23962 13.0497 8.36907 8.3229
threshold=0 340.50000000000006 115.93281013400001 540.91653547100009 6.3930878266237423 5927.6571901265579 37.737733221722046 10.543657505285413 8.5523589743589756 55.742166093282563 14.512771739130438 12.232138192034135 13.500000000000002 1.9500000000000002
decision_type=9 10 2 10 10 10 10 10 8 10 10 10 2 10
left_child=1 -1 3 5 -4 6 7 8 -2 -8 -9 -12 -13 -14
right_child=2 -3 4 -5 -6 -7 9 10 -10 -11 11 12 13 -15
leaf_value=-0.0043765927019906318 -0.03970186464492656 -0.24434839312562695 -0.076740783096747367 -0.96118125407084731 0.068437017208651557 0.059131334218562814 0.35858999665233626 0.1239637552665252 -0.46434414414528702 -0.42504103613611705 1.5475576161503437 -0.19422338166998848 -1.1192461573297277 0.048777551654478661
leaf_weight=1993 203 106 128 38 610 155 124 365 99 37 54 285 38 199
leaf_count=1993 203 106 128 38 610 155 124 365 99 37 54 285 38 199
internal_value=-1.80302e-05 -0.00107955 0.000936968 -0.000275 0.00356275 0.000128041 -0.000682303 -0.00170144 -0.00760656 0.00707317 0.000211864 -0.00276339 -0.00472381 0.000833333
internal_weight=4434 2099 2335 1597 738 1559 1404 1243 302 161 941 576 522 237
internal_count=4434 2099 2335 1597 738 1559 1404 1243 302 161 941 576 522 237
cat_boundaries=0 2
cat_threshold=2195538174 3
is_linear=0
shrinkage=0.04


Tree=310
num_leaves=15
num_cat=1
split_feature=17 2 0 19 26 19 16 17 8 12 12 7 1 5
split_gain=3.14728 3.13036 8.18797 6.74832 7.01833 6.34599 6.21394 8.13682 8.66731 8.03159 6.35312 6.26144 9.96574 6.83881
threshold=81.500000000000014 659.0834645000001 0 883.5395748217901 4.8490266545543461 2548.517194083608 0.21244358478401035 68.500000000000014 55.685454096347691 24.483333333333338 18.005000000000003 37.707137462107291 -82.499999999999986 37.715220590000008
decision_type=10 2 9 8 10 10 10 8 10 10 8 10 2 2
left_child=1 3 -3 4 -1 -5 7 8 -4 10 -10 -8 -13 -14
right_child=-2 2 6 5 -6 -7 11 -9 9 -11 -12 12 13 -15
leaf_value=0.094526410119583876 -0.08608864175823927 -0.027056597184606093 -0.0049038507930448619 -0.028433082779387889 -0.17376495103364734 0.3026229954816726 0.0080838192147824721 0.10609748383690855 0.12888531862736338 -0.18804097663796263 0.70815379931516464 0.16130447349329466 -0.67971693531988819 -0.065623656603831362
leaf_weight=972 71 914 246 975 39 39 710 50 89 44 49 36 43 157
leaf_count=972 71 914 246 975 39 39 710 50 89 44 49 36 43 157
internal_value=7.21208e-05 0.000210719 -0.000785989 0.00136095 0.00366864 -0.000943953 0.00111343 0.00482328 0.00296984 0.00951351 0.0141844 -0.000758693 -0.00635983 -0.00985222
internal_weight=4434 4363 2338 2025 1011 1014 1424 478 428 182 138 946 236 200
internal_count=4434 4363 2338 2025 1011 1014 1424 478 428 182 138 946 236 200
cat_boundaries=0 2
cat_threshold=3964428324 102
is_linear=0
shrinkage=0.04


Tree=311
num_leaves=15
num_cat=0
split_feature=17 6 8 17 5 5 16 24 3 17 3 15 8 18
split_gain=3.05098 3.0878 9.52109 6.66413 7.04636 6.7526 7.05161 7.00765 15.5018 10.8565 9.39304 10.271 8.97799 8.82375
threshold=81.500000000000014 55.671247645000008 55.663546422149587 31.500000000000004 37.721194170000011 37.532417395000003 0.21767001114827203 2961.5640362265608 12.500000000000002 52.500000000000007 15.500000000000002 11.545725545607636 55.615113850516273 4624.9935482237161
decision_type=10 2 8 8 2 2 10 8 2 10 2 10 10 10
left_child=1 3 -3 -1 5 7 -7 12 13 10 -10 -12 -5 -9
right_child=-2 2 -4 4 -6 6 -8 8 9 -11 11 -13 -14 -15
leaf_value=0.054302320734663283 -0.082645096087909695 -0.66503085515752225 -0.0042099818750884355 2.6696608972051012 0.18192382483595446 0.00099484823206157178 -0.64002184329107537 -0.84344001730963014 0.79789401208751376 1.264915743672026 0.12847338625203938 -0.38178131795149639 0.0039333413872556381 0.023187811206221341
leaf_weight=974 71 67 2296 62 79 46 54 183 52 64 75 112 243 56
leaf_count=974 71 67 2296 62 79 46 54 183 52 64 75 112 243 56
internal_value=-5.40906e-05 8.24553e-05 -0.000896027 0.00123814 -0.00101069 -0.00197895 -0.0116505 -0.0008 -0.00352294 0.00248366 -0.0014876 -0.00568421 0.00402597 -0.0110744
internal_weight=4434 4363 2363 2000 1026 947 100 847 542 303 239 187 305 239
internal_count=4434 4363 2363 2000 1026 947 100 847 542 303 239 187 305 239
is_linear=0
shrinkage=0.04


Tree=312
num_leaves=15
num_cat=2
split_feature=17 2 0 17 23 25 7 26 25 17 14 25 15 0
split_gain=3.16115 3.44484 9.05993 6.86176 6.18261 6.1442 8.45897 6.04732 5.90449 6.79634 6.67154 6.58996 5.65524 6.41972
threshold=81.500000000000014 663.98848050000015 0 23.500000000000004 3509.1203634270005 18.66985691983373 37.634361536362576 5.2912070198540215 15.152012256502543 25.500000000000004 14.647442455242969 14.486057569883991 14.529982179366721 1
decision_type=10 2 9 10 8 10 10 8 10 10 10 10 8 9
left_child=1 7 5 4 -4 8 -7 12 11 -10 -11 -3 13 -1
right_child=-2 2 3 -5 -6 6 -8 -9 9 10 -12 -13 -14 -15
leaf_value=-0.013149365097289091 -0.079339292244393317 -0.044851957038866741 0.082774641781386868 -0.011954122302234397 -0.14466056574267078 -0.014782860888083234 1.0006025520425998 -0.17788834075021073 -1.0754698442664736 0.0047171132874501611 -0.81463169095839805 0.30213225492661311 -0.020357317160273568 0.041125398071609566
leaf_weight=535 71 342 291 596 43 119 36 82 52 62 35 48 458 1664
leaf_count=535 71 342 291 596 43 119 36 82 52 62 35 48 458 1664
internal_value=9.0151e-05 0.000229043 -0.00122926 0.00135737 0.00593472 -0.00463932 0.00227848 0.00109409 -0.00671587 -0.0134211 -0.0068 -0.00407125 0.00142857 0.00227066
internal_weight=4434 4363 1624 930 334 694 155 2739 539 149 97 390 2657 2199
internal_count=4434 4363 1624 930 334 694 155 2739 539 149 97 390 2657 2199
cat_boundaries=0 2 4
cat_threshold=3796717638 70 9568445 10
is_linear=0
shrinkage=0.04


Tree=313
num_leaves=15
num_cat=0
split_feature=26 26 26 5 24 3 3 1 18 3 19 7 1 19
split_gain=2.85828 4.02028 3.80389 3.53673 7.65148 11.0209 18.5971 15.6045 10.5143 9.59187 8.18664 7.72503 7.24033 7.04806
threshold=3.8768636749268039 3.366498337589539 3.1000582166654032 37.532417395000003 3682.1274667301991 12.500000000000002 18.500000000000004 211.50000000000003 4828.5148376297038 6.5000000000000009 912.12878234310767 37.448544814698643 61.500000000000007 2010.9146718380209
decision_type=10 10 8 2 10 2 2 2 10 2 10 10 2 10
left_child=1 2 3 4 13 8 -7 11 12 -10 -11 -8 -6 -1
right_child=-2 -3 -4 -5 5 6 7 -9 9 10 -12 -13 -14 -15
leaf_value=0.026346870116910139 -0.027503347232184314 0.13056988632578737 -0.34342441780332422 -0.0049562153388510635 -0.62780463837403233 0.36637608966755231 0.053731053031247068 -1.8072916432008268 0.14572099286870471 0.024843537639809767 -0.1813737254512364 -0.33096691581044274 -0.18676114121502793 1.0374809557466689
leaf_weight=1252 250 51 36 2002 98 213 102 36 44 35 55 58 145 57
leaf_count=1252 250 51 36 2002 98 213 102 36 44 35 55 58 145 57
internal_value=1.80302e-05 0.000267495 0.000125725 0.000243902 0.0013918 -0.0017237 0.00281553 -0.00603015 -0.00663158 0.00233577 -0.00516129 -0.000490798 -0.0115447 0.0032622
internal_weight=4434 4184 4133 4097 2095 786 409 196 377 134 90 160 243 1309
internal_count=4434 4184 4133 4097 2095 786 409 196 377 134 90 160 243 1309
is_linear=0
shrinkage=0.04


Tree=314
num_leaves=15
num_cat=1
split_feature=0 16 11 11 12 26 1 16 19 9 22 12 16 16
split_gain=3.55694 4.68555 5.25547 4.21521 4.11764 9.7954 8.23047 6.91513 7.9001 5.9677 7.37935 5.70226 5.48455 11.342
threshold=0 0.046164772727272735 1.7657680000000002 7.9433180000000005 15.627884615384618 1.2608371862495471 -14.499999999999998 0.17362318840579713 1306.1396513222496 16.550000000000004 67.545453756000015 18.943684210526317 0.30707196029776679 0.17684288905435594
decision_type=9 8 8 10 10 10 2 8 10 10 2 10 10 10
left_child=-1 3 -3 -2 7 6 -6 8 -4 11 -11 -7 13 -8
right_child=1 2 4 -5 5 9 12 -9 -10 10 -12 -13 -14 -15
leaf_value=-0.0046682612726235105 0.26107138816719955 -0.096147685522846818 0.39138244823643109 0.0048020369145650487 0.39499494086988424 -0.48512340923362501 -0.074879844239047935 0.013991157621251631 0.0097670793442739528 -0.78494070725805987 -0.011172806866302381 0.9176015984483672 -0.65740664711786678 0.20704415383189079
leaf_weight=2211 41 74 54 39 73 35 129 1324 51 100 57 36 66 144
leaf_count=2211 41 74 54 39 73 35 129 1324 51 100 57 36 66 144
internal_value=0.000144242 0.00127013 0.000913327 0.0106024 0.00129344 -0.00136858 0.00231325 0.00248603 0.0122222 -0.00796537 -0.01225 0.00162162 -0.000350877 0.00217391
internal_weight=4434 2223 2143 80 2069 640 412 1429 105 228 157 71 339 273
internal_count=4434 2223 2143 80 2069 640 412 1429 105 228 157 71 339 273
cat_boundaries=0 2
cat_threshold=43864286 87
is_linear=0
shrinkage=0.04


Tree=315
num_leaves=15
num_cat=0
split_feature=8 5 7 11 8 7 23 2 14 19 16 15 5 6
split_gain=4.34912 3.73733 11.4364 5.59574 5.46608 3.91641 5.01149 3.70261 3.56585 4.04867 10.4839 8.87595 6.08326 5.32194
threshold=55.976437021859475 37.363783455000011 37.376489388900275 8.1142140000000023 55.659314369566694 37.4034976522221 78.156389253 659.0834645000001 30.49437613843352 1776.3706954078928 0.25143678160919547 17.796876407719118 37.506582990000005 55.558450470000004
decision_type=8 2 10 10 10 10 8 2 10 10 10 10 2 2
left_child=1 4 3 -3 -1 6 7 -4 9 11 12 -7 13 -11
right_child=-2 2 5 -5 -6 8 -8 -9 -10 10 -12 -13 -14 -15
leaf_value=0.057996624563095338 0.013401795455567722 1.3751274249122349 -0.019082602424681454 0.24630669132961772 -0.036298574163603832 0.001226210363961897 0.0029944456508087924 -1.0051366652700753 -0.028659859588357057 -0.10835757017250813 0.36239578115013332 -0.66372164052519111 -0.070800751489262584 0.65681870340687798
leaf_weight=39 70 44 35 47 119 3502 46 41 83 52 63 57 172 64
leaf_count=39 70 44 35 47 119 3502 46 41 83 52 63 57 172 64
internal_value=0.000180302 1.83192e-05 0.00024709 0.0140426 -0.00596273 -6.79942e-05 -0.00704 -0.0131646 0.00015015 0.000327115 0.00440678 -7.86075e-05 0.00109966 0.00806723
internal_weight=4434 4364 4206 91 158 4115 122 76 3993 3910 351 3559 288 116
internal_count=4434 4364 4206 91 158 4115 122 76 3993 3910 351 3559 288 116
is_linear=0
shrinkage=0.04


Tree=316
num_leaves=15
num_cat=2
split_feature=0 16 16 11 2 0 1 17 8 1 11 26 12 3
split_gain=3.33724 4.86848 4.25522 4.21521 4.08904 5.87478 6.9209 7.825 4.58859 4.45013 4.31907 4.02804 4.3006 10.3743
threshold=0 0.046164772727272735 0.083920187793427234 7.9433180000000005 717.02162550000014 1 133.50000000000003 33.500000000000007 55.655975119782077 -6.4999999999999991 32.004846000000008 1.0021149017203286 21.810000000000006 11.500000000000002
decision_type=9 8 8 10 2 9 2 10 10 2 10 10 10 2
left_child=4 3 -3 -2 10 8 7 9 -6 -7 11 -1 -13 -14
right_child=1 2 -4 -5 5 6 -8 -9 -10 -11 -12 12 13 -15
leaf_value=0.080535395339990712 0.25346056270008205 -0.086283000352524758 0.0090900982934294921 0.004073883619759737 0.0076260582899715249 0.13377280406998551 -0.44600090130662012 0.28695480195364903 -0.25309486746382731 -0.060700302133219565 -0.10603993445563042 -0.0080000084649643095 -0.019627793592181534 0.33020108690061972
leaf_weight=53 41 70 2073 39 50 50 49 62 179 97 49 1350 125 147
leaf_count=53 41 70 2073 39 50 50 49 62 179 97 49 1350 125 147
internal_value=0 0.00109123 0.000726934 0.0106024 -0.00109712 -0.00432653 0 0.00320755 -0.00876033 -0.00186667 -0.000185292 0.000166865 -0.000196923 0.00436364
internal_weight=4434 2223 2143 80 2211 487 258 209 229 147 1724 1675 1622 272
internal_count=4434 2223 2143 80 2211 487 258 209 229 147 1724 1675 1622 272
cat_boundaries=0 2 4
cat_threshold=43864286 87 790594 6
is_linear=0
shrinkage=0.04


Tree=317
num_leaves=15
num_cat=2
split_feature=0 23 22 24 23 23 1 0 1 26 1 1 1 20
split_gain=3.12797 5.02434 5.86304 5.03631 4.61442 5.82835 9.13905 8.76241 8.54906 6.95386 6.40791 5.59068 7.9738 7.73856
threshold=0 3716.2880873120007 686.5180025320002 322.90631089586537 4226.4272594590011 153.04529662800002 133.50000000000003 1 346.50000000000006 1.2063544567822273 -26.499999999999996 193.50000000000003 104.50000000000001 8.5000000000000018
decision_type=9 10 2 8 10 10 2 9 2 10 2 2 2 2
left_child=4 2 3 -2 5 8 7 -7 11 -8 -9 12 -1 -14
right_child=1 -3 -4 -5 -6 6 9 10 -10 -11 -12 -13 13 -15
leaf_value=-0.0094148119717181109 -0.25006160761487628 -0.57260696512490883 0.24076331433252962 0.0080846983223196393 0.34614590207599177 0.19143608870121015 -0.077062425725634973 -0.86714043535464669 1.1813327583267863 -1.6175144616314407 -0.027968957926585967 -0.22736589150599229 0.096304669893513828 1.117095101488518
leaf_weight=1455 37 53 59 2001 41 100 35 42 53 35 128 147 203 45
leaf_count=1455 37 53 59 2001 41 100 35 42 53 35 128 147 203 45
internal_value=1.80302e-05 0.00110957 0.00142857 0.0010583 -0.00101001 -0.00126447 -0.00606414 -0.00263736 -0.000398741 -0.0186301 -0.00786885 -0.000863465 -0.00021102 0.0063745
internal_weight=4434 2150 2097 2038 2284 2243 340 270 1903 70 170 1850 1703 248
internal_count=4434 2150 2097 2038 2284 2243 340 270 1903 70 170 1850 1703 248
cat_boundaries=0 2 4
cat_threshold=2191479002 83 2147549376 1
is_linear=0
shrinkage=0.04


Tree=318
num_leaves=15
num_cat=1
split_feature=0 3 23 15 21 1 16 3 24 1 1 24 6 18
split_gain=4.03107 5.97795 5.06525 7.52259 8.75031 7.80718 7.16836 9.91132 11.6916 12.1559 12.1342 7.22234 6.57441 7.6142
threshold=0 2.5000000000000004 1.0000000180025095e-35 8.9485114738748042 4.5000000000000009 -96.499999999999986 0.42967032967032975 9.5000000000000018 2018.111003219776 -12.499999999999998 136.50000000000003 2004.6047950972354 55.717697250000008 2548.3518430307818
decision_type=9 2 10 8 2 2 10 2 10 2 2 8 2 10
left_child=1 -1 -2 4 -4 -5 7 8 -7 -10 12 -9 13 -11
right_child=2 -3 3 5 -6 6 -8 11 9 10 -12 -13 -14 -15
leaf_value=-0.30799389298308966 0.028815745335747253 -0.0064773224497051279 0.022727678773750721 -0.57211091332809305 0.71037608713108114 0.714984386341318 -0.27339833920629131 -0.26944010958501169 0.14790134601653696 0.061778634259820504 0.024217077921186957 0.049108291503516741 -1.2958582096155469 -0.42646318736457106
leaf_weight=54 308 2044 664 89 55 67 131 67 72 40 93 593 65 92
leaf_count=54 308 2044 664 89 55 67 131 67 72 40 93 593 65 92
internal_value=1.80302e-05 -0.00125059 0.00115794 0.000433284 0.00371191 -0.00137195 -0.000523303 0.000549451 -0.00416667 -0.0070137 -0.0106485 0.00361991 -0.0162 -0.0106667
internal_weight=4434 2098 2336 2028 719 1309 1220 1089 429 362 290 660 197 132
internal_count=4434 2098 2336 2028 719 1309 1220 1089 429 362 290 660 197 132
cat_boundaries=0 2
cat_threshold=2157925082 82
is_linear=0
shrinkage=0.04


Tree=319
num_leaves=15
num_cat=2
split_feature=0 23 23 19 11 0 16 26 9 16 19 18 25 8
split_gain=5.9847 3.97805 5.61144 9.47763 5.23585 6.07313 6.7339 7.39037 8.36754 8.8451 6.67773 6.66005 7.55173 10.8612
threshold=0 3716.2880873120007 2356.3214924235003 19.243683201092061 8.7657680000000031 1 0.29061583577712619 1.0679457528366472 11.950000000000001 0.47913043478260875 7.3285844778311047 668.51372626378622 16.57696543240041 55.643259118017944
decision_type=9 10 8 8 10 9 10 10 10 10 10 10 10 10
left_child=-1 2 4 -4 5 6 -2 -8 9 -9 -11 -7 -13 -14
right_child=1 -3 3 -5 -6 11 7 8 -10 10 -12 12 13 -15
leaf_value=-0.0081757713486490507 0.092198832913904877 -0.42096978868568469 0.0061717712354757027 0.84472835647677158 0.035229387430963183 0.036452419242257651 0.17028143428899842 -0.79632544808099526 0.03826546892300485 -0.1232545215233662 0.25027108640102486 -0.27299252122209849 -0.12719569376063083 0.15496890288466789
leaf_weight=2045 299 61 60 36 867 90 70 68 66 42 47 381 174 128
leaf_count=2045 299 61 60 36 867 90 70 68 66 42 47 381 174 128
internal_value=0.000360604 0.00171524 0.00199056 0.0113131 0.00157494 2.92398e-05 0.00304132 -0.00121622 -0.00477876 -0.00975 -0.00130435 -0.00229008 -0.00367347 0.00104918
internal_weight=4434 2389 2328 96 2232 1365 592 293 223 157 89 773 683 302
internal_count=4434 2389 2328 96 2232 1365 592 293 223 157 89 773 683 302
cat_boundaries=0 2 4
cat_threshold=10440926 91 1231029505 4
is_linear=0
shrinkage=0.04


end of trees

feature_importances:
tr_id=480
cur_dev_s=394
hour=364
last_lon=239
target_lat=227
last_lat=225
last_heading=214
target_lon=209
distance_to_target_m=201
planned_stops_to_target=199
last_stop_plan_age_s=193
route_to_straight_ratio=168
speed_std_5m=151
required_route_speed_kmh=149
plan_route_distance_m=129
telemetry_age_s=119
movement_5m_m=116
idle_ratio_5m=104
time_to_target_s=102
speed_mean_1m=94
speed_mean_3m=90
speed_mean_5m=89
location_count_5m=88
last_speed=65
next_stop_plan_s=57
planned_stops_next_5m=14

parameters:
[boosting: gbdt]
[objective: regression_l1]
[metric: l1]
[tree_learner: serial]
[device_type: cpu]
[data_sample_strategy: bagging]
[data: ]
[valid: ]
[num_iterations: 320]
[learning_rate: 0.04]
[num_leaves: 15]
[num_threads: 4]
[seed: 42]
[deterministic: 0]
[force_col_wise: 0]
[force_row_wise: 0]
[histogram_pool_size: -1]
[max_depth: -1]
[min_data_in_leaf: 35]
[min_sum_hessian_in_leaf: 0.001]
[bagging_fraction: 1]
[pos_bagging_fraction: 1]
[neg_bagging_fraction: 1]
[bagging_freq: 0]
[bagging_seed: 400]
[bagging_by_query: 0]
[feature_fraction: 0.9]
[feature_fraction_bynode: 1]
[feature_fraction_seed: 30056]
[extra_trees: 0]
[extra_seed: 12879]
[early_stopping_round: 0]
[early_stopping_min_delta: 0]
[first_metric_only: 0]
[max_delta_step: 0]
[lambda_l1: 0]
[lambda_l2: 3]
[linear_lambda: 0]
[min_gain_to_split: 0]
[drop_rate: 0.1]
[max_drop: 50]
[skip_drop: 0.5]
[xgboost_dart_mode: 0]
[uniform_drop: 0]
[drop_seed: 17869]
[top_rate: 0.2]
[other_rate: 0.1]
[min_data_per_group: 100]
[max_cat_threshold: 32]
[cat_l2: 10]
[cat_smooth: 10]
[max_cat_to_onehot: 4]
[top_k: 20]
[monotone_constraints: ]
[monotone_constraints_method: basic]
[monotone_penalty: 0]
[feature_contri: ]
[forcedsplits_filename: ]
[refit_decay_rate: 0.9]
[cegb_tradeoff: 1]
[cegb_penalty_split: 0]
[cegb_penalty_feature_lazy: ]
[cegb_penalty_feature_coupled: ]
[path_smooth: 0]
[interaction_constraints: ]
[verbosity: -1]
[saved_feature_importance_type: 0]
[use_quantized_grad: 0]
[num_grad_quant_bins: 4]
[quant_train_renew_leaf: 0]
[stochastic_rounding: 1]
[linear_tree: 0]
[max_bin: 255]
[max_bin_by_feature: ]
[min_data_in_bin: 3]
[bin_construct_sample_cnt: 200000]
[data_random_seed: 175]
[is_enable_sparse: 1]
[enable_bundle: 1]
[use_missing: 1]
[zero_as_missing: 0]
[feature_pre_filter: 1]
[pre_partition: 0]
[two_round: 0]
[header: 0]
[label_column: ]
[weight_column: ]
[group_column: ]
[ignore_column: ]
[categorical_feature: 0]
[forcedbins_filename: ]
[precise_float_parser: 0]
[parser_config_file: ]
[objective_seed: 16083]
[num_class: 1]
[is_unbalance: 0]
[scale_pos_weight: 1]
[sigmoid: 1]
[boost_from_average: 1]
[reg_sqrt: 0]
[alpha: 0.9]
[fair_c: 1]
[poisson_max_delta_step: 0.7]
[tweedie_variance_power: 1.5]
[lambdarank_truncation_level: 30]
[lambdarank_norm: 1]
[label_gain: ]
[lambdarank_position_bias_regularization: 0]
[eval_at: ]
[multi_error_top_k: 1]
[auc_mu_weights: ]
[num_machines: 1]
[local_listen_port: 12400]
[time_out: 120]
[machine_list_filename: ]
[machines: ]
[gpu_platform_id: -1]
[gpu_device_id: -1]
[gpu_device_id_list: ]
[gpu_use_dp: 0]
[num_gpu: 1]

end of parameters

pandas_categorical:[["122048", "122613", "122658", "129964", "130072", "130238", "131672", "132430", "133300", "133957", "134040", "134494", "135081", "9000000", "9000001", "9000002", "9000003", "9000004", "9000005", "9000006", "9000007", "9000008", "9000009", "9000010", "9000011", "9000012", "9000013", "9000014", "9000015", "9000016", "9000017", "9000018", "9000019", "9000020", "9000021", "9000022", "9000023", "9000024", "9000025"]]
